MAINUPC,ITEMNAME,SIZENAME,PACKNAME,
000000RM1738,Remy 1738 - ,50 ml,Single,22.98
4,Absorb's Key,,,0.00
00000MIO1,Mionetto  Brut - ,750 ml,,19.35
0000ACE2,Ace Of Spades Rose,750 ml,,725.99
104750097,Filari Montepulciano,750 ml,Single,13.30
110900001,velho barreiro,,,21.77
110900003,Velho barreiro GOLD-,750 ml,,22.98
110900007,Cachaca Tatuzinho - 1L,,,19.35
110900008,cachaca diamond,,,42.34
1201303,Pep,,,1.51
1211300,Pepsi - 2L,2 L,Single,4.60
1212901,Pepsi ,20 Oz,Single,3.33
1230137,Camel NON-FILTER,,,25.40
1230331,Camel Filter,,,18.45
1230739,Camel BLUE,,,18.14
1239332,Camel Crush Menthol,,,18.45
1253102,Pepsi ,,,3.03
125456210,Colori Di Giada Sangria Tropical Mango,750 ml,Single,13.30
1256808,Pepsi  Can,12 Oz,,1.51
1280504, Diet Pepsi,12 Oz,Single,1.51
146711430,Super Bock ,12 Oz,6-Pack,12.69
153051030,Partida ,375 ml,,24.19
153051050,PARTIDA BLANCO ,750 ml,,52.02
1660433,Rose's Lime ,12 Oz,,6.04
1660530,Rose's Grenadine - ,12 Oz,,5.52
173922531,Saperavi Red Dry Wine,,,24.19
173961245,Tsinandali White Dry Wine,,,24.19
01805125twelve,Bush  ,12 Oz,12-Pack,13.31
01806726TWELVE,Natural Ice ,12 Oz,12-Pack,13.31
1811825,Naturday Strawberry,12 Oz,6-Pack,6.76
1812620,Budweiser Bottles,40 Oz,Single,4.21
1816024,Bud Light,40 Oz,Single,4.21
01816820TWENTYFOUR,Budweiser Bottle,12 Oz,24-Pack,31.45
1817829,Bud Light Lime,12 Oz,6-Pack,10.88
1818828,Busch Light,12 Oz,6-Pack,7.25
1819128,Bud Light 7Oz Btl,12 Oz,Single,1.37
1823723,Michelob Ultra Zero,12 Oz,6-Pack,9.67
1833429,Michelob Ultra Can,12 Oz,6-Pack,9.67
1854529,Natural Ice  Single,16 Oz,,1.43
2200419,Pbr ,24OZ,Single,1.80
2207412,Pabst Blue Ribbon ,16 Oz,6-Pack,10.88
2248400,Orbit Spearmint,,,1.82
251199989,Lobster Reef Sauvignon Blanc,750 ml,Single,18.14
259600010,Tona,12 Oz,12-Pack,24.19
259600011,Tona ,,6-Pack,13.30
2657211,Newport Gold Menthol 100,,,18.45
2657318,Newport 100,,,18.49
2657512,Newport,,,18.49
2657619,Newport Gold Menthol,,,18.45
2658016,Newport Blue 100,,,18.45
2658317,Newport Blue,,,18.45
2665618,Newport Red,,,18.33
2665715,Newport  Red 100,,,18.33
2723929,Capri Menthol,,,24.19
2786229,Pall Malll Blue 100,,,19.35
2786520,Pall Mall Menthol 100,,,23.29
2786724,Pall Mall Red 100,,,19.35
2826428,Marlboro 27,,,18.45
2835727,Marlboro Red,,,18.45
2836124,Marlboro Menthol,,,18.45
2836328,Marlboro RED 100,,,18.45
2836425,Marlboro Menthol 100,,,18.45
2836823,Marlboro RED LABEL,,,18.45
2836920,Marlboro Red Label 100,,,18.45
2838423,Marlboro Gold,,,18.45
2840127,Marlboro Menthol GOLD,,,18.45
2842222,marlboro-special blends,,,18.14
2842329,Marlboro Specialselect 100,,,18.14
2846529,Marlboro GOLD 100,,,18.45
2847120,Marlboro Menthol GOLD 100,,,18.45
2847722,Marlboro SILVER,,,18.49
2847829,Marlboro SILVER 100,,,18.45
2848129,Marlboro Menthol SILVER,,,18.45
2848527,Marlboro Menthol SILVER 100,,,18.45
2856526,Marlboro Special Select,,,18.45
2856827,Marlboro Special Select,,,18.45
2873329,VIRGINIA SLIMS GOLD 100,,,18.14
2877228,Virginia Slim,,,18.14
2877422,Virginia Slims Menthols,,,18.00
2878421,Parliament,,,20.56
2878722,Parliament Menthol,,,20.56
2879129,Parliament 100,,,20.56
2896223,Marlboro GREEN 72's,,,18.45
2896320,Marlboro RED 72's,,,18.45
2896524,Marlboro Light 72's,,,18.45
3354452,Modelito 6Pck,7 Oz,6-Pack,10.27
3402119,Miller High Life,12 Oz,6-Pack,7.25
3436213,Miller Lite 6-Pack,,6-Pack,8.46
3456217,Miller Genuin Draft,12 Oz,6-Pack,7.25
3477113,Redd Apple ,12 Oz,Single,2.41
3477414,Lein Summer Shandy - ,,6-Pack,12.09
351061185,Gabrielle ,750 ml,,20.56
351061216,Method Cab ,750 ml,,24.19
351061227,Cabrillo,750 ml,,24.19
351061235,Cabrillo Cab/Sauv ,750 ml,,24.19
367510161,Allagash White,12 Oz,12-Pack,24.19
367510188,Allagash White  btls,,6-Pack,14.51
4331635,Pall Mall NF,,,24.19
4332838,Tareyton 100,,,23.29
4904403,coca cola btl,20 Oz,Single,3.33
4904500,Diet Coca Cola,20 Oz,Single,3.33
4913207,Sprite Can,,,1.51
4963406,Coca Cola ,12 Oz,,1.51
4965802,Diet Coke Can,,,1.51
4976400,Sprite ,20 Oz,Single,3.33
541600701,Ouzo of Plomari - ,750 ml,,30.24
609805156,Barrel Bomb Red Blend ,750 ml,,20.56
609805181,Clos De Napa Sauvignon Blanc,750 ml,Single,19.35
609805218,Gabrielle Ashley Cab ,750 ml,,21.77
609805225,Navigator ,750 ml,Single,66.54
6742708,Coke - 2L,2 L,Single,4.60
6750600,Sprite 2L,,,4.24
6782900,Coca Cola ,12 Oz,,1.51
6792800,Coke,,,1.51
6793207,Sprite Can,,,1.51
705411017,Culitos Merlot,750 ml,,9.67
705411021,Culito Merlot,1.5 Lt,,15.72
705411022,Culitos Moscato Rose - ,1.5 Lt,,15.72
705411109,Culitos Moscato - ,1.5 Lt,,15.72
705411201,Culito Cab,750 ml,Single,9.67
705411202,CULITOS CAB /MERLOT 1.5ML,1.5 Lt,,15.72
705419021,SWEET BITCH MAN.MOS ,750 ml,,13.30
705419025,Sweet Bitch Pineapple Moscato 750Ml,750 ml,Single,13.30
705449224,Sweet Bitch Merlot -750,,,10.88
705449225,Sweet Bitch Merlot - ,1.5 Lt,,15.72
705449230,Sweet Bitch Moscot0 -,750 ml,,10.88
705449232,Sweet Bitch Cabernet Sauvignon ,750 ml,Single,10.88
705449233,Sweet Bitch Cab Sau,1.5 Lt,,15.72
705449234,sweet bitch ,1.5 Lt,,15.72
705449250,Sweet Bitch Blue Moscato 750Ml,750 ml,Single,13.30
7199743,Coors Banquet,12 Oz,6-Pack,9.67
7248340,Schaefer ,,6-Pack,7.25
7289848,Amstel Light,12 Oz,6-Pack,12.09
759600105,Blue Nun ,1.75 Lt,,24.19
7811403,Canada Dry Ginger Can,,,1.51
8048840,Bombay Sapphire,50 ml,Single,4.83
8200802,Smirnoff - ,200 ml,,6.64
8201209,SMIRNOFF 100P ,200 ml,,7.25
8210003,Smirnoff Green Apple - ,50 ml,,1.43
8214009,Smirnoff Cherry - ,50 ml,,1.43
8215309,Ciroc ,50 ml,,2.84
8217802,smirnoff grape ,50 ml,,1.43
8219208,Captain Spiced 100P - ,50 ml,,1.43
8224404,Smirnoff Pineapple - ,50 ml,,1.43
8225607,Ciroc Coconut - ,50 ml,,2.84
8225801,Ciroc Berry - ,50 ml,,2.84
8226208,Smirnoff Expresso 100p - ,50 ml,,1.43
8226402,Smirnoff Root Beer 100p - ,50 ml,,1.43
8230803,Ciroc Peach - ,50 ml,,2.84
8237107,Ciroc Pineapple - ,50 ml,,2.84
8237709,Godiva Dark Choco,,,52.02
8240004,Smirnoff Rasberry - ,50 ml,,1.43
8245805,Crown Royal Apple - ,50 ml,,2.41
8246008,smirnoff green apple ,375 ml,,9.67
8247201,Smirnoff - ,50 ml,,2.00
8249704,Crown Royal Rye ,50 ml,,2.44
8249801,Blade And Bon,750 ml,Single,77.43
8250001,Shady Fruit Grapefruit - ,50 ml,,1.14
8250108,Shady Fruit Orange - ,50 ml,,1.14
8251806,Smirnoff Cran Apple ,50 ml,Single,1.14
8252407,Ciroc Apple - 50Ml,50 ml,Single,2.84
8253202,Smirnoff Red  White & Berry,50 ml,Single,1.43
8253600,Ciroc Mango - ,50 ml,,2.84
8255200,Smirnoff Tamarind ,50 ml,,1.20
8255404,Ciroc French Vanilla - ,50 ml,,2.84
8256102,Smirnoff - ,375 ml,,9.67
8256209,SMIRNOFF 100P ,375 ml,,13.30
8257402,crioc vs ,375 ml,,24.19
8257509,CIROC VS 750,,,44.76
8261104,Jw Blu ,50 ml,Single,26.61
8261201,smirn watermelon ,50 ml,,1.43
8261405,SMIRNOFF CUCUMBER /LIME ,50 ml,,1.43
8261900,Smirnoff Lemon ,50 ml,,1.43
8262802,BULLEIT RYE ,200 ml,,14.51
8264004,ciroc watra melon ,50 ml,,2.84
8264305,Captain Mrgan Apple,50 ml,Single,1.20
8265003,Tanqueray Sevilla Orange,,,1.82
8267807,SMI.PINK LEMO.,50 ml,,1.43
8268204,Ciroc Summer,50 ml,,2.84
8268602,Bulleit Rey,50 ml,Single,4.83
8269203,Bulleit Bourbon,200 ml,,14.51
8269407,Ciroc Passion,50 ml,Single,2.84
8269504,Smirnoffblue Raspberry,50 ml,,1.43
8271509,Crown Royal Blackberry,50 ml,Single,2.57
8273109,Don Julio 1942,50 ml,Single,20.56
8273303,Captain Morgan Sweet Chili Lime,50 ml,Single,1.80
827411111,Reed's Ginger Beer,12 Oz,4-Pack,10.88
827444444,Reed's Non- Alcohole ,12 Oz,4-Pack,9.67
8284202,Buchannan's Pinapple ,50 ml,Single,3.24
8500229,Sutter Home Merlot  Sing,187 ml,,2.86
8500520,Sutter Home Cab  Single,187 ml,,2.86
8500627,Sutter Home Chard - ,187 ml,,2.84
8500928,Sutter W. Zin ,187 ml,,2.86
8501422,Sutter Home PG - 187 single,,,2.86
8501626,Sutter Home Moscato ,187 ml,,2.86
8502421,Sutter Home Merlot - ,750 ml,,8.46
8502528,Sutter Home Cab - ,750 ml,,8.46
8502926,Sutter Home W.Zin - ,750 ml,,8.46
8505127,Sutter Home Zinfadel ,1.5 Lt,Single,13.30
8505428,Sutter Home Merlot - ,1.5 Lt,Single,13.30
8505525,Sutter Home Cab ,1.5 Lt,Single,13.30
8505622,Sutter Home Chard - ,1.5 Lt,Single,13.30
8505729,Sutter Home Pinot Grigio,1.5 Lt,Single,13.30
8505923,Sutter Home W.Zin  - ,1.5 Lt,Single,13.30
8506223,Sutter Home Moscato ,1.5 Lt,Single,13.30
8506320,Sutter Home W. Merlot - ,1.5 Lt,Single,13.30
8506825,Sutter Home Pinot Grigio,1.5 Lt,Single,13.30
8506922,Sutter Home Pinot Grigio ,750 ml,,8.46
8507620,Shtter Home Sweet red ,1.5 Lt,,13.30
8507824,Sutter Home Sweet Red ,187 ml,,2.86
8509628,Sutter Pink Moscato - ,750 ml,,8.46
8509822,Sutter Home Pink Mascato 1.5L,1.5 Lt,Single,13.30
8510527,Fre Brut - ,750 ml,,12.09
8510828,Fre Merlot No Alcohol,750 ml,,12.09
8511827,sutter home red moscato 105ml,1.5 Lt,Single,13.30
8515920,Sutterhome Rose ,1.5 Lt,,13.30
8516123,FRE CAB SAV ,750 ml,,12.09
8518501,Barefoot Red Moscoto - ,187 ml,,2.57
8521602,CARLO ROSSI BLUSH,4 Lt,,24.19
853194793,DiGrazia Magnolia - ,750 ml,,24.19
8534004,E&J VS ,50 ml,,1.43
8538602,E&J V.S.O.P ,50 ml,,1.43
8540209,New Amsterdam - ,50 ml,,1.71
8553106,Barefoot PG - ,187 ml,Single,2.84
8553407,Fairbanks ports ,1.5 Lt,,16.93
8553504,Fairbabnks Port 3L,,,21.77
8555900,Barefoot Moscato ,187 ml,Single,2.84
8557306,Barefoot Sweet Red,187 ml,,2.84
8557500,New Amsterdam berry ,50 ml,,1.20
8557801,Amsterdam Peach - ,50 ml,,1.21
8559401,Barefoot Pink Moscoto - ,187 ml,,2.57
8559605,New Amsterdam CoCo - ,50 ml,,1.21
8562104,NEW.AMS.PINEAPPLE,,,1.20
8563404,New Am Mango - ,50 ml,,1.21
8563802,New Amsterdam Grapefruit ,50 ml,,1.20
8564607,New Am 100P - ,50 ml,Single,1.43
8565606,New Amsterdam Apple - ,50 ml,,1.20
8567206,NEW AMS GIN,50 ml,,1.21
8567400,New Amsterdam Watermelon ,50 ml,,1.20
8567507,NA Pink Whitney ,50 ml,,1.20
8568001,new.ams.passionfruit ,50 ml,,1.21
8568108,Amsterdam Tengerine,50 ml,,1.20
8575904,Barefoot Sauv. Blanc,187 ml,Single,2.84
8588005,Amsterdam Vodka - ,50 ml,,1.20
8591106,E&J XO,,,1.43
8719300,captain morgan,,,24.19
8719902,cROWN ROYAL ,50 ml,,2.57
8727309,Captain Morgan  - ,200 ml,,8.46
8727707,Captain Morgan - ,375 ml,,13.30
8741309,Bulleit Bourbon - ,200 ml,,14.51
8755108,Godiva White Chocolate ,750 ml,,52.02
8773502,Seagram's 7 - ,200 ml,,6.78
8773900,Seagrams VO  -,200 ml,,7.68
8776509,Seagram's 7 - ,375 ml,,12.51
8911108,Jonnie Walker Black - ,50 ml,,3.36
8911302,Jonnie Walker RED - ,50 ml,,1.92
8950000,Tangueray - ,50 ml,,1.71
901601472,Hijos De Villa ,,,52.02
9053839,Maverick red 100's,,,15.72
9053936,Maverick Gold,,,15.72
9054634,Maverick Red,,,15.72
9055138,Maverick Menthol 100,,,15.72
9055332,Maverick Gold 100,,,15.72
9055439,Maverick Menthol,,,15.72
9055536,MAVERICK SILVER 100,,,15.72
9055837,Winston 100,,,14.45
9055934,Winston GOLD,,,17.90
9057136,Kool ,,,19.35
9057233,Kool Shorts,,,19.35
9057330,Kool 100,,,19.35
9059037,Salem Box,,,20.56
9059134,Salem 100 Box,,,20.56
9059338,Salem Gold,,,20.56
906711009,Il Grigio Chianti Classico,750 ml,Single,30.24
919111127,NEBCO FUZZY DUCK CAN,,6-Pack,15.72
919171109,Sea Hag IPA - ,,6-Pack,14.51
939180008,Ice Bag,,Single,3.03
946000014,Terra D' Oro Barbera ,750 ml,,20.56
1001468008,Thim Isl Sea Foam Pale Ale,16 Oz,4-Pack,12.09
1001468067,Thimble Sea Foam,12 Oz,6-Pack,16.93
1001468101,Berlinetta Velvet Pilsner ,16 Oz,4-Pack,18.14
1002119000,Villa Massa  Limoncello,750 ml,,36.29
1002227420,Kris Pinot Grigio ,750 ml,Single,15.72
1002815020,Rebel Irish 4Pk Can,16 Oz,4-Pack,18.14
1002890001,Strong Water Rum,1 Lt,,9.67
1003551011,Shanky's Whip,750 ml,Single,32.66
1003866000,Scots Gold,750 ml,Single,12.09
1003866007,Scots Gold ,1.75 Lt,Single,18.14
1006424012,Astra Bella Black,375 ml,,6.04
1006424014,Astra Bella Rosso,375 ml,,6.04
1006424020,Astra Bella Blackberry,375 ml,,6.04
1006424022,Astra Bella Peach,375 ml,,6.04
1007878016,SIM.SPIKED LEMONADE 24OZ,,,4.49
1007878020,SIM.SPIKE LEMONADE CAN,,12-Pack,24.19
1007878062,SIM.SPIKE STRA.LEMO.24OZ,,,4.49
1007878065,Fresca Tequila,12 Oz,4-Pack,13.30
1007878068,Fresca Vodka,12 Oz,4-Pack,13.30
1007878077,Simply Peach,12 Oz,12-Pack,22.98
1007878086,Fresca Mixed Vodka Spritz,12 Oz,8-Pack,24.19
1007878097,Simply Peach,24OZ,Single,4.49
1007878115,Simply Spicked Limeade,12 Oz,12-Pack,22.98
1007878147,Minute Maid Margarita,1.5 Lt,,19.35
1007878149,Minute Maid Pina Colada,1.5 Lt,,19.35
1007878151,Minute Maid Strawberry Daiquiri,1.5 Lt,,19.35
1007878213,Simply Spicked Mango 12 Pac ,12 Oz,12-Pack,22.98
1008055016,whistle.citrus  can,,4-Pack,20.56
1008055018,whistle.blk.lemon  can,,4-Pack,20.56
1.0082E+13,Loyal Water Melon Case,,,93.17
1.0088E+13,Tribute Mister Sam Whiskey,750 ml,Single,967.99
1008837014,Ole Smoky Sour Razzin Berry,50 ml,Single,3.64
1008837016,Ole Smoky  Strawberry,50 ml,,3.64
1008837018,Banana Pudding,50 ml,,3.64
1008837026,Moonshine Pineapples,,,32.66
1008837035,Moon Shine Pumpkin Spice,750 ml,,32.66
1008837043,Ole Smoky,750 ml,Single,32.66
1008837084,Ole Smokey,50 ml,Single,3.62
1008837086,Moonshine Snikerdoodle,750 ml,,32.66
1.00886E+13,Ed Hardy Case,,,24.20
1009579007,Casa Azul Blanco Tequila,750 ml,,78.64
1009579025,Casa Azul Variety,375 ml,8-Pack,26.61
1009840024,0-61 Cabernet Sauvignon,750 ml,Single,19.35
1009840025,O 61 Red Blend ,750 ml,Single,19.35
1009840137,Lobos Reposado,375 ml,Single,31.45
1011612155,Prime Lemonade,500 ml,,3.63
1011612182,Prime,,,3.63
1011612560,Prime Meta Moon Wwe,500 ml,,3.63
1011713001,The Beast Mean Green,16 Oz,Single,3.01
1011713004,The Beast White Haze,16 Oz,Single,3.01
1011713007,The Beast Peach,16 Oz,Single,3.01
1011713018,The Beast Variety Can,12 Oz,12-Pack,21.77
1011807000,SALINAC-COG ,375 ml,,16.93
1011807004,Courvoisier - ,200 ml,,12.09
1011807005,Courvoisier - ,375 ml,,24.19
1015570021,Ilegal Reposado Mescal,750 ml,Single,61.70
1017136003,Surf Side  Peach Green Tea + Vodka,12 Oz,4-Pack,14.51
1017136011,Surf Side  Mango Green Tea +Vodka,12 Oz,4-Pack,14.51
1017136014,Surfside Green Tea ,355 ML,8-Pack,26.61
1017136016,Surfside Green Tea Party Pack,12 Oz,12-Pack,38.71
1017136018,Surfside Lemoned Iced Tea Party Pack,12 Oz,12-Pack,39.92
1017136056,Surfside Iced Tea Party Pack,12 Oz,12-Pack,38.71
1017136112,Surfside Iced Tea,19OZ,Single,6.04
1017136113,Surfside Lemonade,19OZ,Single,6.04
1017136115,Surfside Iced Lemonade,19OZ,Single,6.04
1017136186,Surfside Half & Half ,12 Oz,8-Pack,26.61
1017136196,Super Lyte 8 Pac Cans,12 Oz,8-Pack,26.61
1017838005,Jc. Classic Margarita Lemonade Cockails,12 Oz,4-Pack,14.51
1017838007,Jc. Straberry Margarita Cockails,12 Oz,4-Pack,14.51
1017838009,Jc. Pink Lemonade,12 Oz,4-Pack,14.51
1017838011,Jc. Paloma Cockails,12 Oz,4-Pack,14.51
1017838012,Jc.Cockails Variety Pack,12 Oz,8-Pack,25.40
1042202005,Old Glasgow Scotch Whisky,750 ml,,36.29
1056309910,Dutcgcraft ,375 ml,,7.85
1058567081,Puranique ,1.75 Lt,,53.23
1.06663E+13,Tall Bart Kali Chard Case,,,278.30
1073501589,Quarter Horse,50 ml,Single,1.08
1073501746,Green River Bourbon,750 ml,Single,48.39
1073501787,Green River Wheated Bourbon,750 ml,Single,48.39
1084503004,Carolans Irish Cream,750 ml,,18.14
1087902010,90+ Big Red Blend,750 ml,Single,12.09
1087902013,Iron Side Cab Sau,12 Oz,Single,18.14
1087902020,90plus sauvignon blanc1.5ml,,,21.77
1087902023,90plus pinot grigio 1.5ml,,,21.77
1087902038,mija red sangria ,750 ml,,12.09
1087902039,Magic Door Cabernet Sauvignon,750 ml,Single,43.55
1087902057,90 + Rose+Tax,1.5 Lt,,20.56
1087902063,90+ Cellars Prosecco,187 ml,Single,5.43
1087902064,90+ Cellars Prosecco,187 ml,,14.51
1087902070,90+ Prossecco ,1.5 Lt,Single,27.82
1087902078,mija sangria ,750 ml,,12.09
1087902083,Paso Robles Cab Sau,750 ml,Single,18.14
1087902087,Iron Side PInot Noir ,750 ml,,18.14
1087902088,90 PLUS CHIANTI ,750 ml,,12.09
1087902099,Corte Fiore Appassimento,750 ml,Single,19.35
1087902114,90PLUS BEAUJOLAIS,750 ml,,12.09
1087902117,Bordeaux 90+,750 ml,Single,13.30
1087902147,90+ Lumbrusco,750 ml,Single,13.30
1087902169,90+ Barbaresco,750 ml,Single,26.61
1087902187,Wheel Horse Burbuon,750 ml,Single,36.29
1087902205,Zarpado Silver ,750 ml,,32.66
1087902208,American Buddy's,1.75 Lt,Single,24.19
1087902232,Vinho Verde 90+ Cellers,750 ml,Single,9.67
1087902235,American Buddy's,1 Lt,Single,14.51
1087902363,Zarpado Reposado,750 ml,,36.29
1087902628,Mija Red Bubbly,750 ml,,12.09
1087902714,Zarpado Anejo,750 ml,Single,48.39
1087902716,Flyer Vodka,1.75 Lt,Single,18.14
1087902717,Flyer Vodka,750 ml,Single,9.67
1087902835,Gonner ,1.75 Lt,Single,20.56
1087902836,Gunner Vodka,1 Lt,,13.30
1087902982,Sola Raspberry Iced Tea,355 ML,Single,4.83
1087902992,Sola Lemonade,355 ML,Single,4.83
1088501122,V du Vernay Ice Rose - ,750 ml,,14.51
1088501159,Veuve Du Vernay,187 ml,Single,3.62
1088501164,Veuve Du Vernay,187 ml,2 PCK,7.25
1103441003,M&J Rosso - ,1.5 Lt,,22.98
1103441004,Martini & Rossi,1 Lt,Single,22.98
1103441005,M&R Rosso - ,750 ml,,20.56
1103441007,M&R Rosso - ,375 ml,,9.67
1103442003,M&R Dry - ,1.5 Lt,,19.35
1103442005,M&R Dry Ver - ,750 ml,,12.09
1103442007,M&R Dry Ver - ,375 ml,,10.88
1103443004,Martini Vermouth,1 Lt,,24.19
1103443005,M&R Bianco Ver - ,750 ml,,16.93
1103450003,M&R Asti Spum - ,1.5 Lt,,31.45
1103450005,M&R Asti - ,750 ml,,18.14
1103450007,M&R Asti Spumante ,375 ml,,14.51
1104103001,Lalo,750 ml,,56.86
1104103004,Lalo Tequila,375 ml,Single,33.87
1104103008,Lalo 100 Proof,750 ml,,91.95
1126502293,Zinsane - ,750 ml,,15.72
1126900128,Redbull Amber Edition,8 oz,Single,3.33
1126900173,Red Bull Winter Edition,12 Oz,,4.55
1126900186,Red Bu,,,4.83
1126900270,Red Bull Zwhite Peach,12 Oz,,4.55
1126910171,Red Bull Sugar free 8.4oz,8 oz,Single,3.41
1126910802,Red Bull 8.4oz - ,,4-Pack,10.88
1126911357,Red Bull Tropical - ,12 Oz,Single,4.83
1126913344,RedBull ,20 Oz,Single,6.64
1126916345,Red Bull Yellow Edition,8 oz,Single,3.33
1126928136,Red Bull Coconut 8oz,,,3.07
1126928310,Red Bull Peach ,12 Oz,,4.55
1126932121,Red Bull Coconut,12 Oz,,4.55
1126933124,Red Bull Watermelon 8oz,,,3.33
1126954601,Red Bull - -,16 Oz,Single,6.04
1126971646,Red Bull  Sugar Free,12 Oz,,4.54
1126981899,Red Bull - ,12 Oz,,4.83
1126999100,Redbull 80,8 oz,Single,3.33
1126999100single,Red Bull - 8.4oz,,,3.07
1127202013,Magic Moments Apple - ,50 ml,,1.09
1140863053,Toad Hollow,750 ml,Single,16.93
1150202055,ALFRESCO rose-,750 ml,,9.67
1150202058,bellis bourbon-,750 ml,,55.65
1153801003,1800 Anejo ,750 ml,,54.44
1153801010,1800 Respoado ,200 ml,,14.51
1153801011,1800 Blanc,50 ml,Single,4.83
1153801012,1800 Silver -  ,375 ml,,21.77
1153801013,1800 Silver - ,750 ml,,41.13
1153801015,1800 Silver ,1.75 Lt,,55.65
1153801019,1800 Silver - ,200 ml,,13.30
1153801021,1800 Repo,50 ml,Single,4.83
1153801022,1800 Repso ,375 ml,,22.98
1153801023,1800 Repso ,750 ml,,41.13
1153801025,1800 Reposado ,1.75 Lt,,58.07
1153801030,1800 Coco - ,200 ml,,13.30
1153801036,1800 Coco - ,375 ml,,21.77
1153801037,1800 Coco - ,750 ml,,41.13
1153801040,1800 coco ,1.75 Lt,,55.65
1153801076,Jose Cuervo Gold - ,1.75 Lt,,49.60
1153801077,Jose Cuervo Silver - ,1.75 Lt,,49.60
1153801080,JOSE CUERVO GOLD 1L,1 Lt,Single,33.87
1153801082,JOSE CUERVO SILVER 1L,1 Lt,Single,33.87
1153801083,Jose Cuervo Gold ,750 ml,,27.82
1153801085,Cuervo Silver ,750 ml,,27.82
1153801087,Jose Cuervo Silver ,375 ml,,16.93
1153801088,Jose Cuervo Gold ,375 ml,,16.93
1153801092,Jose Cuervo ,200 ml,,10.88
1153801093,Jose Cuervo Silver ,200 ml,,10.88
1153801094,Jose Cuervo Gold ,50 ml,,2.27
1153801095,Cuervo Silver ,50 ml,,2.27
1153801096,Jose Golden Marg - ,1.75 Lt,,26.61
1153801099,Jose Cuervo Margarita - ,1.5 Lt,,26.61
1153801101,Jose Marg Mango ,1.75 Lt,,26.61
1153801103,Cuervo Straw Marg - ,1.75 Lt,,26.61
1153801104,Jose Marg Watermelon ,1.75 Lt,,26.61
1153801106,Jose Grapefruit Margarita,1.75 Lt,Single,26.61
1153801107,cuese classic marga ,750 ml,,14.51
1153801111,Jose Cuervo Marg,375 ml,Single,6.64
1153801112,Jose Cuervo Strawberry,375 ml,Single,6.64
1153801113,Cuervo Marg  - Single,200 ml,,3.13
1153801115,Cuervo Marg Mix - 1.75,1.75 Lt,Single,12.11
1153801121,Cuervo Lime Margarita Mix,1.75 Lt,Single,7.25
1153801155,Cuervo Marg  - ,200 ml,4-Pack,13.30
1153801160,Jose Gold Gift Pack,750 ml,Single,31.45
1153801203,Maestro Dobel Diamond,,,79.85
1153801224,Jose Cuervo Teagarita - ,1.75 Lt,,24.19
1153801230,Maestro Dobel Diamante Tequila Blanco,750 ml,Single,66.54
1153801275,jose ,187 ml,,3.13
1153801276,JOSE CUERVO STRAW-RITA,,,13.30
1153801283,Jose Cuervo Coco Pine marg,,,26.61
1153801286,1800 peach merg 1.75ml,1.75 Lt,Single,26.61
1153801302,Kraken - ,750 ml,,30.24
1153801362,400CONEJOS ,750 ml,,38.71
1153801403,Gran Centenario Anejo,,,53.23
1153801413,Gran Centenario blanco ,750 ml,,43.55
1153801423,Centenario Repos,,,50.81
1153801455,1800 MARGARITA ,1.75 Lt,,26.61
1153801485,Tin Cup 10Yr 750Ml,750 ml,Single,33.87
1153801519,Three Olives Vodka - ,750 ml,,25.40
1153801521,three olives 1.75ml,,,33.87
1153801534,Three Olives Grape - ,750 ml,,25.40
1153801616,bushmill 750,,,41.13
1153801619,Bushmills - ,50 ml,,2.21
1153801644,1800 Margarita Watermelon,1.75 Lt,,26.61
1153801646,1800 Cristalino Anejo ,750 ml,,84.69
1153801647,1800 Cristalino,375 ml,Single,46.57
1153801648,jose mango ,,4-Pack,3.13
1153801650,jose mango ,,4-Pack,13.30
1153801690,jose curvo single,,,3.13
1153801691,jose curvo ,,4-Pack,13.30
1153801694,jose curvo wtrmln,,,3.13
1153801695,jose  watermln,,4-Pack,13.30
1153801696,Jose Grapefruit Margarita,,,3.13
1153801697,Jose Grapefruit Margarita,,,13.30
1153801703,Matusalem Gran Reserva - ,750 ml,,42.34
1153801713,Matusalem Platino - ,750 ml,,24.19
1153801723,Matusalem Clasico -,750 ml,,27.82
1153801736,Hangar 1 Rose - ,750 ml,,36.29
1153801892,1800 mango margarit 1.75ml,,,29.03
1153801895,1800 Margarita Blood Orange,1.75 Lt,Single,26.61
1153801915,1800 Margarita ,1.75 Lt,,26.61
1153801956,Proper Twelve ,750 ml,,41.13
1153801961,Jose ,187 ml,,3.13
1153801964,Jose curvo pink ,,4-Pack,13.30
1153801967,Proper Twelve  ,1.75 Lt,,60.49
1153801968,Proper Twelve ,375 ml,,20.56
1155902014,Sippin Cream Pumpkin ,750 ml,Single,32.66
1155902084,Sippin Cream Birthday Cake ,750 ml,Single,32.66
1155902085,Sippin Cream Peanut Butter 50Ml,50 ml,Single,4.83
1155902090,Sippin Cream Peanut Butter ,750 ml,Single,32.66
1155902091,Sippin Cream Bday Cake 50Ml,50 ml,Single,4.83
1155902154,Sippin Cream Eggo Brunch 50Ml,50 ml,Single,4.83
1155902155,Sippin Cream Eggo Brunch,750 ml,Single,32.66
1175102000,Stoli - ,750 ml,,31.45
1175102004,Stoli - ,1.75 Lt,,43.55
1175102166,HACIENDA,,,21.77
1175102290,STOLI LIME ,750 ml,,14.51
1200000129,Pepsi,,,3.03
1200000230,Pepsi ,,,4.22
1206602004,Brugal Anejo 375Ml,375 ml,Single,14.51
1206602005,Brugal Anejo - ,750 ml,,30.24
1206602007,BRUGAL ANEJO,,,48.39
1206602009,BRUGAL EXTRA DRY ,750 ml,,26.61
1206602017,BrugalExtraviejo ,750 ml,,38.71
1206602030,Highland park 12 Years,,,70.17
1206602055,Macallan 12yr - ,750 ml,,113.73
1206602151,Brugal1888,750 ml,Single,49.60
1206602159,Macallan 12y Double Cask,,,120.99
1206602185,Macallan 12Y,50 ml,Single,12.09
1206602306,Macallan Double Cask 15yrs,,,278.29
1206602338,Macallan'18yrs,750 ml,,483.99
1206602428,Macallan Hormany,750 ml,Single,362.99
1206602479,The Macallan Harmony Collection,750 ml,Single,362.99
1214702057,Gris Blanc Rose,1.5 Lt,Single,36.29
1214702100,Hampton Water,750 ml,,25.40
1214702106,Hampton Water,375 ml,,14.51
1214702215,Bertrand Cote D Rose - ,750 ml,,20.56
1230019741,Camel CRUSH,,,18.14
1230050989,Camel Crusgh Menthol,,,18.14
1230050992,Camel Crush Menthol ,,,18.14
1230091260,Camel Crush $1 Off,,,17.24
1235400099,19 Crimes Red - ,750 ml,,13.30
1235400135,19 Crimes Cab - ,750 ml,,13.30
1235400160,19 Crimes The Warden,,,20.56
1235400168,19 crime anished ,750 ml,,13.30
1235400193,19 Crimes Uprising - ,750 ml,,13.30
1235400194,19 Crimes Chard ,750 ml,,13.30
1235400429,19 CRIME CALI RED,750 ml,,15.72
1235400500,19 crime rose ,750 ml,,15.72
1235400743,19 CRIMES MARTHA'S CHARD,,,15.72
1235401347,Cali Cocktail Lemonade,12 Oz,4-Pack,15.72
1235401363,Cali Cocktail Straw,12 Oz,4-Pack,15.72
1235401412,19 Crimes Cabernet Sauvignon,750 ml,,13.30
1235401615,Cali By Snoop Red Blend,750 ml,Single,15.72
1235401655,19 Crimes Cali Smooth,750 ml,Single,15.72
1235401976,19 Crimes Hard Chard ,750 ml,,13.30
1245901043,Lexington Bourbon,,,36.29
1245901180,Twenty Grand Rose ,750 ml,,33.87
1245901200,Calumet Small Batch,,,72.59
1245901391,Bird Dog 10 Years,,,39.92
1245901455,Calumet 8 Years,,,56.86
1258400003,Oliver Soft White Wine ,750 ml,,12.09
1258400007,Oliver Sweet Red ,750 ml,,12.09
1258401012,Bean Blossom Peach - ,750 ml,,6.04
1258432020,Oliver Blueberry Moscato ,750 ml,,15.72
1300875220,Arnold Palmer Spiked,12 Oz,12-Pack,24.19
1300876373,Arz Hard Lemon,20 Oz,Single,3.86
1300876374,Arz Hard Green,20 Oz,Single,3.86
1300876375,Arz Hard Peach,20 Oz,Single,3.86
1300876383,Arz Hard Vty,12 Oz,12-Pack,21.77
1300876612,Arz Hard Lemon,12 Oz,12-Pack,21.77
1300876806,Arz Hard Peach,12 Oz,12-Pack,21.77
1300876853,Arizona Hard Party Pack,12 Oz,12-Pack,22.98
1300876874,Arizona Hard Party Pack,12 Oz,12-Pack,22.98
1300876991,Arz Hard,22OZ,Single,3.86
1300877208,Arizona Hard Vodka 8 Pk Can,12 Oz,8-Pack,21.77
1302200333,Lucky Day Sweet Red,750 ml,,13.30
1302200777,Lucky Day Gold ,750 ml,Single,13.30
1321902004,Teeling Whiskey,750 ml,,53.23
1321902007,Teeling Single Malt Irish ,750 ml,,84.69
1349700304,The Deacon,750 ml,Single,45.97
1349700431,Belaire Rose ,750 ml,,36.29
1349700444,LUC BELAIRE ROSE ,750 ml,,36.29
1349700501,Belair Luxe - ,750 ml,,36.29
1349700590,Belaire Rose,750 ml,,36.29
1349700598,LUC BelAir Rose - ,375 ml,,24.19
1349700610,BUMBU RUM ,750 ml,,48.39
1349700613,Bumbu Rum,375 ml,Single,25.40
1349700617,Bumbu Rum Cream ,750 ml,,48.39
1349700701,BELAIRE GOLD ,187 ml,,12.09
1349700703,Belaire Gold ,750 ml,,36.29
1349700714,Luc Belaire Rose ,187 ml,Single,12.09
1349700715,Belaire Luxe,187 ml,,12.09
1349700722,villon ,750 ml,,43.55
1349700780,belaire blue ,750 ml,,36.29
1349700799,Mc Ultraviolet Edition,750 ml,Single,41.13
1349700804,Belaire Rare Rose,200 ml,,12.09
1349700807,Belaire Rose,187 ml,,12.09
1349700808,Belaire Bleu ,200 ml,,12.09
1364500011,Carletto Pinot Grigio,1.5 Lt,Single,19.35
1375749270,Thomas Hooker  ,16 Oz,4-Pack,14.51
1375797532,Narragansett ,12 Oz,30-Pack,36.29
1394201055,FINCA EL ORIGEN ,750 ml,,14.51
1456798376,Fifth State ,750 ml,,24.19
1479401064,Jefferson Ocean Whisky,750 ml,Single,102.84
1479401195,Jeffersons Rye ,750 ml,Single,48.39
1480051175,clamato,,,2.84
1513201007,Masi Costasera,750 ml,Single,88.32
1535101036,Magners Irish Cider  box,,6-Pack,16.93
1559902028,tavernello vino rosso ,750 ml,,7.25
1559902037,tavernello pgo ,750 ml,,8.46
1562902800,Beaujolais Nouveau,750 ml,Single,19.35
1563000000,Busch ,12 Oz,6-Pack,7.25
1563600000,Budweiser,12 Oz,18-Pack,24.19
1563800000,Budweiser Cans,16 Oz,6-Pack,14.51
1564300018,Monsieur Sav Blanc - ,750 ml,,12.09
1564323524,Montaud Rose - ,750 ml,,14.51
1564323705,Villa Jolanda Prosecco,750 ml,,15.72
1564323940,BARBARESCO 750,,,30.24
1564324392,Ague De Piedra Malbec - ,750 ml,,16.93
1564324456,Sangria La Casita  - ,1.5 Lt,,12.09
1564324457,terra unica tempranill ,750 ml,,10.88
1564324972,Agua De Piedra Chard - ,750 ml,,16.93
1564325056,Villa Jola Mosc Rose - ,750 ml,,15.72
1564325129,FAMILIA  DANTI DHIANT ,750 ml,,13.30
1564325506,Punto Y Coma - ,750 ml,,13.30
1564325595,Alvarez de Toledo ,750 ml,,12.09
1564325596,Lagar De Robla Argan ,750 ml,,6.04
1564325668,Villa Jolanda Prosecco,750 ml,Single,15.72
1564325707,Florentina Chianti ,750 ml,,16.93
1564325758,Villa Jolanda D'Asti Mosc,,,15.72
1564325789,Villa Jola Mosc Peach - ,750 ml,,13.30
1564325790,Villa Jola Mosc CoCo - ,750 ml,,13.30
1564325791,Villa Jola Mosc Straw - ,750 ml,,13.30
1564325792,Villa Jola Mosc Pinap - ,750 ml,,15.72
1564325830,Lagar De Robla ,750 ml,,4.83
1564325944,Cims Del Montsant ,750 ml,,14.51
1564325969,Seguret Vignobles,750 ml,,15.72
1564325971,Windy Hills Merlot ,750 ml,,13.30
1564326034,Les Dauphins Cotes Du Rhone,,,13.30
1564341521,Villa Jolanda Mango  - ,750 ml,,13.30
1564342561,Rocca G. Rosso Rucut - ,750 ml,,15.72
1564342562,Rocca G. D' Alba - ,750 ml,,15.72
1564342944,Villa Jolanda Prosecco - ,750 ml,,15.72
1564347627,Pardiac Xo,750 ml,Single,24.19
1564352386,Villa Jolanda Passion - ,750 ml,,13.30
1564356270,Villa Jolanda blue ,750 ml,,13.30
1564356780,cHATEAU Le Faure ,750 ml,,13.30
1564362370,Villa Christmas,750 ml,Single,15.72
1564367378,Chateau Vieille Tour Red,750 ml,,13.30
1564367930,VILLA JOLA. MOSC. BLU.BERRY,,,15.72
1564372337,Villa Jolanda ,750 ml,,15.72
1564374008,Chateau Janon Bordeaux,750 ml,,12.09
1564374665,Chateau Bonesperance Merlot,750 ml,Single,12.09
1564374667,Chateau Butte De Charlemagne Red,750 ml,,13.30
1564379313,Bordeaux Chateaux Gold Medal Sel,750 ml,2 PCK,36.29
1564379315,Bordeaux 90+ Point Wines,750 ml,3-pack,56.86
1564500000,Red Strip,12 Oz,6-Pack,12.09
1564800000,Natural Light,12 Oz,6-Pack,6.76
1565000000,Corona Extra Cans,12 Oz,6-Pack,13.30
1565400000,Heineken,12 Oz,12-Pack,22.98
1565600000,Bud Light 16Oz Can,16 Oz,6-Pack,14.51
1566600000,Casal Garcia,750 ml,,10.88
1566700000,Heineken ,12 Oz,6-Pack,13.30
1567100000,Coors Light Bottle,12 Oz,6-Pack,9.67
1567200000,Coors Light Can,12 Oz,12-Pack,18.14
1567500000,Budweiser Bottles,12 Oz,12-Pack,18.14
1567800000,Heinken Btl,12 Oz,12-Pack,22.98
1568000000,CORONA fAMILIAR-,,12-Pack,22.98
1568300000,Corona Light Bottles,12 Oz,12-Pack,22.98
1568800000,Victoria Bottles,12 Oz,12-Pack,22.98
1569500000,Peroni Btl,12 Oz,12-Pack,22.98
1569800000,Modelo Bottles,12 Oz,12-Pack,22.98
1570100000,Presidente Btl,12 Oz,12-Pack,21.77
1570400000,Guinness Extra Stout,12 Oz,12-Pack,22.98
1570800000,Pacifico Bottles,12 Oz,12-Pack,22.98
1571100000,Dos Equis,12 Oz,12-Pack,22.98
1571600000,Corona Extra,12 Oz,6-Pack,13.30
1571700000,Yuengling Light Btl,12 Oz,12-Pack,18.14
1572000000,Miller Lite Can,12 Oz,6-Pack,9.43
1572400000,Yuengling Traditonal Btl,12 Oz,12-Pack,18.14
1572700000,Prestige Btl,12 Oz,6-Pack,12.09
1573000000,Modelo Negra Btl,12 Oz,12-Pack,22.98
1573200000,heineken ,7 Oz,12-Pack,20.56
1573500000,Coronita 7Oz Btl,7 Oz,12-Pack,18.15
1573900000,Becks Btl,12 Oz,12-Pack,20.56
1574100000,Coors Light 16Oz Can,16 Oz,6-Pack,13.30
1574400000,Bud Light Bottles,12 Oz,6-Pack,9.67
1577900000,Smirnoff Ice Btl,12 Oz,6-Pack,13.30
1578100000,Mikes Lemonade,12 Oz,6-Pack,13.30
1578300000,Mikes Black Cherry,12 Oz,6-Pack,13.30
1578500000,Twisted Tea Original,12 Oz,6-Pack,13.30
1578600000,Twisted Tea Half N Half,12 Oz,6-Pack,13.30
1578700000,Natural Ice Can,12 Oz,12-Pack,12.69
1578800000,Bud Light,12 Oz,12-Pack,18.14
1579000000,Angry Orchid Crisp Apple,12 Oz,6-Pack,13.30
1580600000,Michelob Ultra Bottles,12 Oz,12-Pack,19.35
1580700000,Land Shark,12 Oz,12-Pack,21.77
1581400000,Samuel Adams Boston Lager Btl,12 Oz,12-Pack,22.98
1581500000,Sapporo Btl,12 Oz,6-Pack,13.30
1581600000,Schafer ,12 Oz,12-Pack,13.49
1581800000,Budweiser Platinum,12 Oz,6-Pack,10.88
1582610190,Ravenswood Zinfadel ,750 ml,,14.51
1582650103,Raven cab,,,12.09
1582690191,REVEN WOOD CHARD ,750 ml,,6.04
1582901004,CAYMAN JACK VARIETY  CAN,,12-Pack,24.19
1582901006,Cayman Margarita,12 Oz,6-Pack,13.30
1582901054,Cay Man Moscow Mule ,12 Oz,6-Pack,13.30
1582901111,caymanjack can,,12-Pack,24.19
1582901153,CAYMAN JACK MARG.CAN,,12-Pack,24.19
1582901196,Cayman Jack Sweet Heat Marg,12 Oz,12-Pack,24.19
1590702009,Mckenzies Black Cherry,12 Oz,6-Pack,14.51
1613602262,Heaven's Door ,750 ml,,60.49
1613602322,CARAVEDO MOSTO VERDE,,,55.65
1613602534,Avaline Rose ,750 ml,Single,22.98
1613602536,Avaline White Wine,750 ml,Single,22.98
1613602537,Avaline Red Wine,750 ml,Single,22.98
1613602789,LOBOS JOVEN,,,56.86
1613602790,LOBOS REPO. ,750 ml,,66.54
1622990147,Foco Coco,16 Oz,,3.33
1625301058,Mioneto Proseco,187 ml,2 PCK,10.88
1625301110,Mionetto Rose Prosecco,187 ml,2 PCK,10.88
1625301176,BOLLICINI ,,4-Pack,14.51
1625301183,Bollicini ,,4-Pack,14.51
1625301240,MIONETTO ROSE ,750 ml,,20.56
1625301250,Freixenet Pinot Grigio,750 ml,,15.72
1627900000,Miller High  Life,12 Oz,Single,1.37
1633800000,Machete Petite Sirah 2020,750 ml,,60.49
1633900000,Papillon Cabernet Sauvignon 2021,750 ml,,84.69
1636000102,Ayala Brut ,750 ml,,48.39
1636000402,Ayala Rose ,750 ml,,60.49
1660000103,Roses Sweet Lime Juice,,,8.46
1660000104,Rose's Grenedine lg,,,8.46
1666900000,Cayman Margarita Strawberry,12 Oz,6-Pack,13.30
1670900000,Michelob Ultra  Can,16 Oz,4-Pack,7.25
1675102006,Cutwater Gin & Tonic,,,6.26
1675102008,Cutwater Spiced Bloody Mary,,,6.26
1675102047,CUT WATER BLOODY MARY  4,,,18.14
1675102049,CUITWATERGIN&TONIC,,,16.93
1675102060,Cut Water Vodka,12 Oz,4-Pack,18.14
1675102118,Cutwater Tequila Paloma,,,6.04
1675102120,Cutwater Grapefrut,12 Oz,4-Pack,18.14
1675102121,Cutwater ,355 ML,Single,6.04
1675102123,CUT WATER MARGARITA ,,4-Pack,18.14
1675102168,Cut Water Tiki Rum Mai Thai,12 Oz,4-Pack,18.14
1675102178,cut water mojito can,,4-Pack,18.14
1675102199,Cut Water Long Islandtea,12 Oz,4-Pack,18.14
1675102206,Cut Water White Russian,12 Oz,4-Pack,18.14
1675102209,Cutwater Mango,,,6.04
1675102210,Cut Water Mango,12 Oz,4-Pack,18.14
1675102238,Cutwater Peach Margarita,12 Oz,4-Pack,18.14
1675102245,cut water straw.marga.can,,4-Pack,18.14
1675102248,Cut Water Pina Colada,12 Oz,4-Pack,18.14
1675102256,Cut Water Transfusion,12 Oz,4-Pack,18.14
1675102279,Cut Water Pineapple,12 Oz,4-Pack,18.14
1675102353,Cutwater Margarita Verity Pack,200 ml,12-Pack,32.66
1675102373,Cutwater Espresso Martini,12 Oz,4-Pack,18.14
1675102379,Cut Water Long Lemon Drop,12 Oz,4-Pack,18.14
1675102396,Cutwater Pepermint,12 Oz,4-Pack,18.14
1675102428,Cutwater Spicy Margarita,12 Oz,4-Pack,18.14
1680500000,Ice Cup,16 Oz,Single,1.20
1682000000,Busch Peach,12 Oz,6-Pack,7.85
1689896518,Cantina Valle Tritana ,1.5 Lt,,20.56
1703601088,Capa Sweet Red ,750 ml,,10.88
1709600000,Campo Viewjo Reserva,750 ml,,21.77
1718800000,Heineken Zero Single btl,,6-Pack,13.30
1722471001,Caymus Suisun The Walking Fool Red Blend,750 ml,Single,36.29
1722471020,Bonanza Cabernet Savgnon,750 ml,,24.19
1722471210,Caymus Cab ,750 ml,,84.69
1722471310,Caymus Cab Sauv,750 ml,Single,60.49
1722475012,Conundrum,750 ml,Single,26.61
1722476012,Conundrum Red Blend,750 ml,,37.50
1747000000,PBR,20 Oz,12-Pack,14.51
1752985804,DOOBIOUS  CAN,16 Oz,4-Pack,14.57
1758000000,Jameson,1 Lt,Single,43.55
1765700000,Traveller Whiskey Blend N40,1 Lt,Single,54.44
1765800000,Traveller Whiskey Blend N40,1 Lt,Single,54.44
1766200000,Cut Water Single Can,12 Oz,Single,6.04
1766400000,Ole Smokey Moonshine All Flavors,750 ml,,32.66
1767200000,Bota Box Breeze Cabernet - 3L,3 Lt,,25.40
1767400000,Little Book ,750 ml,Single,241.99
1767800000,Sun Cruiser Any 4-Pack,12 Oz,4-Pack,12.09
1769200000,Deep Eddy Lime,50 ml,,1.71
1769300000,Deep Eddy Lime,50 ml,,1.71
1776811117,Svedka Vodka,1.75 Lt,,22.98
1776811175,Svedka - ,750 ml,,18.14
1776811375,Svedka ,375 ml,,9.67
1776812417,Svedka Raspberry - ,1.75 Lt,,26.61
1776812475,Svedka Rasp ,750 ml,,18.14
1776812517,Svedka Citron - ,1.75 Lt,,26.61
1776812575,Svedka Citron - ,750 ml,Single,16.93
1776814117,Svedka Strawberry Lemonade,1.75 Lt,Single,24.19
1776814137,Svedka Straw Lemon - ,375 ml,,9.67
1776814175,Svedka Straw / Lemon - ,750 ml,Single,16.93
1776815117,Svedka Mango Pinn - ,1.75 Lt,Single,24.19
1776815137,Svedka Mango Pnaple - ,375 ml,,9.67
1776815175,Svedka Mango Pineapple - ,750 ml,Single,16.93
1776816117,Svedka Cucumber ,1.75 Lt,Single,24.19
1776816175,Svedka Cucumber Lime - ,750 ml,Single,16.93
1776817117,Svedka Peach - ,1.5 Lt,,24.19
1776817175,Svedka Peach - ,750 ml,,16.93
1776820117,Svedka Blue Rasp - 1.75ML,1.75 Lt,Single,24.19
1776820137,Svedka Blue Rasp - ,375 ml,,9.67
1776820175,Svedka Blue Rasp - ,750 ml,,18.14
1776822117,Svedka Rose ,1.75 Lt,Single,24.19
1776823175,Svedka Strawberry Guava ,750 ml,,18.14
1776824175,Svedka Dragonfruit Melon ,750 ml,,18.14
1776825175,Svedka Ginger Lime ,750 ml,Single,16.93
1778400000,Wip 3 Energy Pouches Mint,100 ml,Single,1.69
1787300000,Busch Apple,12 Oz,12-Pack,25.40
1788851002,Hess Cab Sauv,,,21.77
1790400689,Elysian Space Dust Ipa,19OZ,Single,3.62
1790400872,elysian  can,,12-Pack,26.61
1805102074,Bread & Butter Cab/Sauv ,750 ml,Single,16.93
1805102161,Bread butter rose ,750 ml,,16.93
1805102195,BREAD&BUTTER SAU BLA,,,16.93
1805333333,Scorpion Mezcal Joven,,,84.69
1812234086,Fabrizia Limoncello - ,750 ml,,26.61
1820000769,Bud Light Bot  Box,,12-Pack,18.14
1820000771,Budweiser Bottles,12 Oz,12-Pack,18.14
1820000773,Bud Light  ,7 Oz,6-Pack,7.25
1820000784,O'Douls  bottle,,6-Pack,10.27
1820000867,Shoktop,,,14.94
1820005990,Michelob Ultra 12Pk Btl,12 Oz,12-Pack,19.35
1820006991,Michelob Ultra Can,12 Oz,12-Pack,19.35
1820011030,Budweiser Cans,12 Oz,30-Pack,39.92
1820011168,Budweiser Cans,12 Oz,24-Pack,31.45
1820011218,Budweiser Cans,12 Oz,18-Pack,24.19
1820011308,Budweiser Bottles,12 Oz,18-Pack,24.19
1820011349,Budweiser Bottles,12 Oz,24-Pack,31.45
1820012998,Land Shark ,12 Oz,12-Pack,20.56
1820014990,Bud Light Lime Bottles,12 Oz,12-Pack,19.35
1820015030,Natural Light,12 Oz,30-Pack,31.45
1820015981,Shock Top Bottles,12 Oz,12-Pack,21.77
1820018992,Bud Light Platinum Bottles,12 Oz,12-Pack,19.35
1820020039,Budweiser Zero,12 Oz,6-Pack,13.30
1820020059,Michelob Ultra,16 Oz,12-Pack,27.82
1820020083,Michelob Ultra Golg  btls,,12-Pack,19.80
1820020144,Michelob Ultra  Gold,12 Oz,12-Pack,22.98
1820020249,Stella Can,12 Oz,12-Pack,24.19
1820020278,Bud Light Seltzer Holiday pk,,,16.93
1820020298,NUTRL  CAN,,4-Pack,14.51
1820020313,Stella Artios,12 Oz,6-Pack,13.30
1820020320,Stella Artois,16 Oz,4-Pack,8.46
1820020327,BDL NEXT  CAN,,12-Pack,20.56
1820020333,BDL SELTZER VARIETY  CAN,,12-Pack,22.98
1820020338,NUTRL VARIETY  CAN,,8-Pack,24.19
1820020353,NUTRL W.MALON ,,4-Pack,14.51
1820020398,Los Sundays Tropical,12 Oz,4-Pack,12.09
1820020400,Los Sundays Tropical,12 Oz,8-Pack,24.19
1820020404,Los Sundays Grapefruit,12 Oz,4-Pack,12.09
1820020424,Michelob Ultra Zero,12 Oz,12-Pack,18.14
1820020430,Nutrl Lime,,4-Pack,14.51
1820020441,NUTRL VARIETY  CAN,,12-Pack,35.08
1820020445,Ultra Zero 00,12 Oz,6-Pack,12.09
1820020447,NUTRL W.MALON ,,4-Pack,14.51
1820025000,Budweiser  Can,25 OZ,Single,3.62
1820025001,Bud Light,25 OZ,Single,3.62
1820025002,Natural Ice-25oz,,,2.46
1820025006,Bud Ice Can,25 OZ,Single,2.21
1820025008,Natural Ice 25oz can,,,2.49
1820025010,Ultra ,24OZ,,3.81
1820025013,Naty Daddy,,,2.41
1820025014,Lime-A-Rita 25oz,,,4.42
1820025505,Straw-ber-Rita 25oz,,,4.42
1820025533,MANG-o-RITA 25oz,24OZ,Single,4.42
1820025538,Apple-Ah-Rita 25oz,,,4.42
1820025902,Bud Light Orange,12 Oz,6-Pack,10.88
1820025904,Mich Ultra Pure Gold,12 Oz,6-Pack,9.67
1820025908,Watermelon-Ber-Rita 25Oz,,,4.42
1820026124,Stella Artois,25 OZ,Single,4.49
1820026425,Nutrl Vodka Selzer,24OZ,Single,4.83
1820026458,Nutrl Vodka Selzer,24OZ,Single,4.83
1820027030,Natural Ice,12 Oz,30-Pack,30.24
1820028523,natural light strawberry ,12 Oz,30-Pack,31.45
1820028753,Busch Apple,12 Oz,30-Pack,61.70
1820028792,Mich Ultra Pure Gold,12 Oz,18-Pack,27.82
1820028905,Stella Artois Can,11.2 Oz,24-Pack,42.34
1820029134,Busch Peach,12 Oz,30-Pack,35.08
1820053030,Bud Light Cans,12 Oz,30-Pack,39.92
1820053168,Bud Light ,12 Oz,24-Pack,31.45
1820053218,Bud Light ,12 Oz,18-Pack,26.61
1820053349,Bud Light Bottles,12 Oz,24-Pack,31.45
1820061030,Busch ,12 Oz,30-Pack,30.24
1820086031,Busch Light,12 Oz,30-Pack,30.24
1820095999,Lemon Rita ,25 OZ,Single,4.27
1820096044,Bud Light Plat ,12 Oz,18-Pack,26.61
1820096292,Bud Light Lime  ,12 Oz,18-Pack,26.61
1820096550,Michelob Ultra  box,12 Oz,30-Pack,42.34
1820096624,mic.ultra  btl,,18-Pack,26.61
1820096715,Michelob Ultra Can,12 Oz,24-Pack,33.87
1820096728,Michelob Ultra Light,12 Oz,24-Pack,35.08
1820097008,Budweiser Aluminium,16 Oz,12-Pack,24.19
1820097009,Bud Light Aluminum,16 Oz,12-Pack,24.19
1822745957,Coco Sky Cream Liquor,750 ml,Single,32.66
1825202090,Maison No. 9 Rose ,750 ml,,26.61
1834115101,Barefoot Cab Sauv ,1.5 Lt,Single,14.51
1834115102,Barefoot Sauv Blanc ,1.5 Lt,Single,14.51
1834115105,Barefoot Chard 1.50L,1.5 Lt,Single,14.51
1834115106,Barefoot White Zin 1.50L,1.5 Lt,Single,14.51
1834115110,Barefoot Merlot ,1.5 Lt,Single,14.51
1834175101,Barefoot Cab Sauv - ,750 ml,Single,8.46
1834175102,Barefoot Suav Blanc - ,750 ml,Single,8.46
1834175105,Barefoot Chard - ,750 ml,Single,8.46
1834175106,Barefoot White Zin - ,750 ml,Single,8.46
1834175110,Barefoot Merlot - ,750 ml,Single,8.46
1834175125,Barefoot x Dry ,750 ml,Single,13.30
1834175126,Barefoot Bubbly Brut,750 ml,Single,13.30
1872502003,Merotto Extra Dry ,750 ml,,18.14
1881901002,Tonel 46 Malbec,,,15.72
1884402068,Wolf Moon ,750 ml,,33.87
1884402073,bushmills ,750 ml,,41.13
1884402079,Jose Cuervo Light Margarita,,4-Pack,13.30
1884402086,1800 Cristalino Anejo ,1.75 Lt,Single,145.19
1884402092,Jose Cuervo Playa Mar ,,4-Pack,16.93
1884402151,jose.pla.blk.cherry can,,4-Pack,16.93
1884402153,jose.playa mar mango  can,,4-Pack,16.93
1884402234,Gran Centenario Reposado,375 ml,Single,25.40
1884402235,Centenario Reposado,1.75 Lt,Single,108.89
1884402253,MAESTRO SILVER ,750 ml,,75.01
1884402277,1800MARG.STRAWBERRY1.75ML,,,29.03
1884402284,Coramino Cris Reposadp,750 ml,,72.59
1884402299,JOSE CUR.PEACH.LEMO. 1.75ML,,,26.61
1884402314,1800 MARGARITA ORG.1.75ML,,,26.61
1884402316,1800 Pine,,,26.61
1884402317,1800 Margarita Mango,1.75 Lt,Single,26.61
1884402432,Kraken Gold Spiced Rum,750 ml,Single,31.45
1884402434,Kraken Gold Spiced Rum,1.75 Lt,Single,52.02
1884402435,Proper Twelve Apple 750,750 ml,,36.29
1884402438,Jose Cuervo Tropical Paradise,1.75 Lt,,26.61
1884402482,1800 Cucumber Jalapeno,750 ml,,45.97
1884402491,1800 Margarita Passion Fruit,1.75 Lt,Single,26.61
1884402494,Cuervo Caleta  Lime,1.5 Lt,,20.56
1884402498,Proper Twelve,50 ml,Single,3.98
1884402528,Coramino Cris Reposado,375 ml,Single,36.29
1884402529,Gran Coramino Reposado Cristalino,1.75 Lt,Single,133.09
1884402646,1800 Margwild Berry,1.75 Lt,,26.61
1884402659,Jose Cuervo Dragon Lemonde,1.75 Lt,,26.61
1884402663,Jose Cuervo Margarita,200 ml,6-Pack,20.56
1884402801,Jose Cuervo Reserve,750 ml,,27.82
1884402802,Jose Curvo Devil,1 Lt,,33.87
1884402804,Jose Devil's Reserve,375 ml,Single,18.14
1884402805,Jose Cuervo Devils,100 ml,Single,5.43
1884402806,Jose Curvo Reserve,50 ml,,2.27
1884402815,Gran Coramino Reposado,750 ml,Single,72.59
1884402816,Gran Coramino Repo 750Ml,750 ml,Single,32.66
1884402817,Gran Coramino Reposado ,1.75 Lt,Single,108.89
1884402877,Pendleton Bourbon 10 Yr 750Ml,750 ml,Single,55.65
1884402893,1800 Margarita Lighat,1.75 Lt,Single,26.61
1884402895,Tin Cup Bourbon 1.75L,1.75 Lt,Single,55.65
1884402936,1800 High Proof Repo.,375 ml,Single,22.98
1884402967,1800 High Proof Blanco,375 ml,Single,22.98
1905700131,Presidente  btl,,6-Pack,12.09
1905700156,Presidente Bottles,12 Oz,12-Pack,22.98
1957801001,TWOROADS DUBLE IPA BTL,,6-Pack,15.72
1957801002,TWO ROADS HONEYSPOTBTI,,6-Pack,12.09
1957801027,Two Roads IPA 95 ,,6-Pack,14.51
1957801035,Lil Heaven Two Roads,12 Oz,6-Pack,11.48
1957801036,Two Roads Lil' Heaven  Box,,12-Pack,22.98
1957801037,Two Roads Honeyspot,,12-Pack,22.98
1957801047,2 Roads,,4-Pack,13.30
1957801052,Two Roads Vareity pk,12 Oz,12-Pack,22.98
1957801063,Two roads lil heavean ,,4-Pack,12.09
1957801071,Two Road Lil Heaven,16 Oz,Single,5.43
1957801073,Tworoad R2r Ipa Bottles,12 Oz,12-Pack,24.19
1957801075,Two Roads Honeyspot Bottles,12 Oz,12-Pack,24.19
1957801095,Two Roads Two Juicy  cans,,4-Pack,20.56
1957801103,TWO ROADS LIL'HEAVEN- btl,,12-Pack,13.30
1957801121,Two Road Summer Heaven,12 Oz,6-Pack,15.72
1957801154,Lil Juicycan,16 Oz,4-Pack,20.56
1957801155,Two Roads Cruise Control ,,12-Pack,22.98
1957801168,H2roads ,,,3.63
1957801185,H2ROADS12CNP,,,22.07
1957801214,Two Road 12 Pk Can,12 Oz,12-Pack,24.19
1957801219,H2roads Passion Fruit,355 ML,Single,3.62
1957801236,Two Road  Ok2berfest,12 Oz,12-Pack,26.61
1957801239,Two Roads Mega Juicy,16 Oz,4-Pack,20.56
1957801250,Two Road Duble Ipa,16 Oz,Single,5.43
1957801255,Two Juicy ,16 Oz,Single,5.43
1957801274,2 Road Juciy Box,12 Oz,6-Pack,26.61
1957801286,Two Roads Summer Heaven,12 Oz,12-Pack,22.98
1957801292,2Roads Nightshaker Espresso Martini,12 Oz,4-Pack,20.56
1957801308,2 Roads Flavottown Spiked Variety ,12 Oz,8-Pack,13.30
1957801348,H2roads Citrus,355 ML,Single,3.62
1957801356,New Roads,12 Oz,4-Pack,18.14
1957801359,New Roads Tropical Daze,12 Oz,4-Pack,18.14
1975120103,Moretti ,12 Oz,6-Pack,15.72
1994700001,Tito's - 1L,,,32.66
1994700002,Titos -  ,750 ml,,26.61
1994700003,Titos Vodka - ,1.75 Lt,,39.92
1994700004,Tito's - ,200 ml,,9.67
1994700005,Tito's  - ,375 ml,,16.93
1994700006,Tito's  - ,50 ml,,3.09
1994700045,Tito,,4-Pack,10.88
2014016479,Ayrloom Black Cherry,12 Oz,4-Pack,19.97
2014016480,Ayrloom Pineapple Mango ,12 Oz,Single,13.30
2014016481,Ayrloom Honey Crisp,12 Oz,4-Pack,19.35
2081591073,Cabo Wabo Blanco ,750 ml,,54.44
2081593013,Corralejo Repso,,,42.34
2081593033,Corralejo Anejo,,,54.44
2081593036,Corralejo Blanco,1 Lt,Single,45.97
2081593051,Corralejo Reposado,1.75 Lt,,79.85
2081593063,Corralejo Blanco ,750 ml,,38.71
2081593193,CORRALEJO SLIVER ,750 ml,,38.71
2081598604,Seagram Vodka 175liter,,,26.61
2103701019,Jeppsons Malort Liqueur,750 ml,,36.29
2105900022,Wild Turkey Rare Breed - ,750 ml,,72.59
2105900060,Wray & Nephew Overproof - 1L,,,42.34
2105900061,Wray n nephew 5oml,50 ml,,2.57
2105900063,Wray & Nephew Overproof - 750m,750 ml,,31.45
2105900064,Wray & Nephew - ,200 ml,,10.88
2105900065,Wrey Nephew-1.5,,,60.49
2105900066,Wray & Nephew Over - ,375 ml,,18.14
2105900129,Espolon Anejo - ,750 ml,,55.65
2105900131,APEROL ,750 ml,,43.55
2105900137,FRANGELICE ,750 ml,,36.29
2105900150,Appleton Estate ,750 ml,,31.45
2105900152,APPLETON 1.75ML,,,55.65
2105900155,APPLETON RUM,,,66.54
2105900209,Russells ,750 ml,,82.27
2105900262,Grand Manier ,750 ml,,48.39
2105900284,Long branch ,750 ml,,54.44
2105900306,Campari,50 ml,Single,3.92
2105900334,Campari ,750 ml,,38.71
2105900364,Campari Bitters - ,750 ml,,41.13
2105900387,Wild Turkey 101Pf 8 Yrs,750 ml,Single,60.49
2105900750,Skyy - ,750 ml,,20.56
2105901750,Skyy - ,1.75 Lt,,26.61
2105904100,Campari 1L,,,50.81
2105970100,Espolon Blanco 1L,,,44.76
2105970101,Esponol 1L  Repo,1 Lt,,47.18
2105970750,Espolon Blanco - ,750 ml,,39.92
2105970751,Espolon rep ,750 ml,,42.34
2105981750,Wild Turkey Honey ,750 ml,,29.03
2105983750,Skyy Blood Orange - ,750 ml,,20.56
2105984100,Wild Turkey 81 1liters,,,32.66
2105984375,WILD TURKEY,,,18.14
2105984750,Wild Turkey 81 ,750 ml,,31.45
2105989175,Wild Turkey 101 ,1.75 Lt,,44.76
2105989500,WILD TURKEY101 ,50 ml,,4.27
2105989750,Wild Turk 101 ,750 ml,,37.50
2105995750,Russells Reseve,750 ml,,60.49
2105996750,Russel reserve ,750 ml,,56.86
2105998375,Frangelico ,375 ml,,24.79
2105998750,Frangelico - ,750 ml,,38.71
2109419905,Goslings Black Seal,750 ml,,36.29
2109420006,GOSLING GING.BEER ,,6-Pack,10.88
2109420007,Gosling Ginger Diet,,6-Pack,10.88
2113618087,TOPO CHICO SLTZR VARIETY ,,12-Pack,22.07
2129600601,Paul Masson VS - ,750 ml,,16.93
2129600603,Paul Masson VS - ,200 ml,,6.04
2129600606,Paul Masson VS - ,375 ml,,9.67
2129660030,Paul Masson VS - ,1.75 Lt,,31.45
2138400649,Jp Azeitao Red,750 ml,Single,10.88
2138400901,Royal Oporto Porto 10y - ,750 ml,,39.92
2173300001,Patron Anejo - ,750 ml,,76.22
2173300002,Patron Silver - ,750 ml,,52.02
2173300003,Patron Xo Cafe - ,750 ml,,48.39
2173300022,Patrone Reposado - ,50 ml,,8.46
2173300023,Patron Silver - ,50 ml,,7.25
2173300037,Patron Xo Cafe - ,375 ml,,19.35
2173300088,Patron Silver ,1.75 Lt,,107.68
2173300094,Patron Silver - ,375 ml,,30.24
2173300095,Patron Reposado - ,375 ml,,38.71
2173300096,Patron Anejo - ,375 ml,,42.34
2173300108,Patron Anejo,200 ml,Single,27.82
2173300109,Patron Reposado,200 ml,,22.98
2173300110,Patron Siver ,200 ml,,21.77
2173300200,Roca Patrone Repo - ,750 ml,,88.32
2173300201,Roca Patrone Anejo - ,750 ml,,99.21
2173300307,EXTRA ANEJO PATRON ,750 ml,,100.42
2173300520,patron silver 1 litr,,,84.69
2173300541,Patron Teq Sly\Vr ,100 ml,,13.30
2173300573,Patron Citronge,750 ml,,41.13
2173300594,Petron El Cieol Tequila,750 ml,,157.29
2173300613,Patron Cristalino,750 ml,Single,76.22
2173300650,Patron Citrong Orng Jalapeno,750 ml,Single,32.66
2173310009,Pyrat Rum 80Pf,375 ml,,24.19
2173350620,Patron Siver Gift,750 ml,Single,55.65
2173350622,Patron Repsoado - ,750 ml,,71.38
2183400434,Jp Azeita White,750 ml,Single,10.88
2200000484,Orbit Gum,,,2.57
2210000170,Pabst Blue Ribbon  cn,,12-Pack,13.30
2210011219,Pabst ,12 Oz,30-Pack,32.66
2222,Pbr 6 Pk,12 Oz,6-Pack,8.94
2235836010,Dashwood Sau Blanc,750 ml,,16.93
2285105001,FELLIPE,750 ml,Single,29.03
2290200067,La Joya carmenere ,750 ml,,14.51
2358600001,VODQUILA ,750 ml,,33.87
2360430400,Twang Rita Salt - ,7 Oz,,3.01
2383016012,Cerveza La Trop Crys,12 Oz,6-Pack,6.04
2383021212,Lagunitas Indian Pale ,12 Oz,12-Pack,24.19
2462400102,J Cali Brut,750 ml,Single,30.24
2462411201,J Brut Rose,750 ml,,50.81
2500005801,Minute Maid ,20 Oz,Single,3.33
2500005802,MINUTE MAID FRUIT PUNCH,,,3.03
2500005886,PINK LEMONADE,20 Oz,Single,3.33
2500006151,Minute Maid Apple Juice,12 Oz,,3.03
2500006153,Minute Maid Orange Juice,12 Oz,,3.03
2500274135,Manny's Ultimate Bloody Mary,25 OZ,Single,12.09
2593523040,Cote Atlantique Rose,750 ml,,10.88
2610001622,Newport Platinum 100,,,18.45
2610001628,NEWPORT PLATINUM,,,18.45
2610001637,Newport Platinum 100,,,24.50
2610001685,Newport 100S,,,16.93
2610001688,Newport Shots,,,18.14
2645200015,Monte Antico Toscana - ,750 ml,,14.51
2645200191,Monte Antico Toscana ,1.5 Lt,,29.03
2696417719,Flor De Cana,750 ml,,29.03
2696419442,Flor De Cana Extra Dry,1.75 Lt,,45.97
2696438001,Rum Flor De Cana No.7,1.75 Lt,Single,66.54
2696450023,Flor De Cana 18Yrs,750 ml,,56.86
2696482396,Flor De Cana 12Yrs,750 ml,Single,45.97
2696485274,Flor de Cana 7Years,,,29.03
2696488013,Flor De Cana Coco,750 ml,Single,16.93
2696490429,Flor De Cana Extra Dry,750 ml,,24.19
2704041141,Crystal Head  Vodka,750 ml,,56.86
2704041281,Crystal Head,750 ml,Single,76.22
2772441750,Hanger One Citron - ,750 ml,,44.76
2776050120,Miioneto Proseco ,187 ml,Single,5.43
2776050163,Mionetto Procc - ,750 ml,,20.56
2776050198,Mionetto Proseco ,1.5 Lt,,32.66
2776050606,IL Borro Toscana ,750 ml,,30.24
2798719877,Stel + Mar Pinot Noir,750 ml,Single,19.35
2802822863,Gooseneck Prosecco,750 ml,Single,12.09
2802846699,Gooseneck Brut Rose,750 ml,,12.09
2817693007,Stel + Mar Cab Sau,750 ml,Single,19.35
2820017840,Parli ,,,205.70
2820030092,Merit GOLD,,,19.47
2881719912,Gekkeikan Sake ,750 ml,Single,13.30
2972200199,Martin Ray Cab Sau,750 ml,,30.24
2972210012,Martin Ray Sau Blanc,750 ml,Single,24.19
2992911509,licor 43 ,375 ml,Single,19.35
2992911541,Liquor 43  - ,750 ml,,36.29
2992911548,Licor 43 Chocolate,750 ml,,38.71
2992980104,Licor 43 Gift Pack,,,38.71
2992980106,Licor 43 ,750 ml,,36.29
3017409130,Far Niente Cab Napa Valley,750 ml,Single,181.49
3027946506,Victory Golden Money - ,,6-Pack,15.72
3027956432,Victory Juicy Monkey ,12 Oz,6-Pack,15.72
3027977606,Victory Sour Monkey - ,,6-Pack,15.72
3061300001,Brooklyn Lager - ,12 Oz,6-Pack,13.30
3061300053,Brooklyn Summer - ,,6-Pack,13.30
3094900100,Poor Bob's White - ,750 ml,,10.88
3.11408E+12,Louis Roederer,750 ml,Single,483.99
3120001530,OCEAN.CRANBERRY,,,1.71
3125900004,Josh North Coast Cab - ,750 ml,,22.98
3125900069,Redemption Rye,750 ml,Single,37.50
3125900070,Redemption High Rye,750 ml,Single,37.50
3125900104,JOSH ROSE,,,18.14
3125900115,Hob Nob Wicked Chard - ,750 ml,,6.04
3125900145,Josh Pinot Grigeo,750 ml,Single,18.14
3125900282,Cave De Lugny Chardonnay,750 ml,Single,29.03
3125900303,JOsh Chard ,750 ml,,21.77
3125900372,Josh Proseco,750 ml,,18.14
3125900420,Josh Cab Sauv,375 ml,,9.67
3125900432,JOSH CAB SAUV RESERVE,,,22.98
3125900447,JOSH BUTTERY CHARD. ,750 ml,,18.14
3125900449,Josh Prosecco Rose ,750 ml,,18.14
3125900462,REDEMPTION ,750 ml,,37.50
3125900499,JOSH RES.ZINFANDAL,750 ml,,22.98
3125900501,Josh Celler,1.5 Lt,,31.45
3125900523,Honest Thief Cabernet Sauvignon,750 ml,Single,24.19
3125900531,Josh Hearth Cab,750 ml,,18.14
3125900534,Josh Seaswpt Sau Blanc & Pg,750 ml,,18.14
3125900545,Josh Reserve Pinot Noir,750 ml,Single,24.19
3125900566,Josh Cellars Sparkling Non Alchoholic,750 ml,Single,18.14
3125900570,Josh Seaswept Sparkling Wine,750 ml,Single,18.14
3125900580,Josh Reserve Sab. Blanco,750 ml,Single,20.56
3125900892,Yellow Tail Chard ,750 ml,,9.67
3125900893,Yellow Tail Chard +Tax,1.5 Lt,,15.72
3125900894,Yellow Tail shiraz ,750 ml,,9.67
3125900895,Yellow Tail Shiraz +Tax,1.5 Lt,,15.72
3125900922,Yellow Tail Merlot ,750 ml,,9.67
3125900923,Yellow Tail Merlot +Tax,1.5 Lt,,15.72
3125900945,Yellow Tail Cab ,750 ml,,9.67
3125900946,Yellow Tail Cab +Tax,1.5 Lt,,15.72
3125900955,Yellow Tail Cab/Shz ,1.5 Lt,,15.72
3125900971,Yellow Tail Pinot Grigio,,,9.67
3125901404,Yellow Tail Cab/Merlot 750,,,9.67
3125901405,Yellow Tail Cab/ Merl +Tax,1.5 Lt,,15.72
3125901510,Georges Dubeuf Regnie,,,4.83
3125901547,Beaujolais Nouveau,,,4.83
3125901849,Yellow Tail Pinot Noir/Shz,,,9.67
3125902191,Barone Fini Pino Grigio,750 ml,,15.72
3125903235,Yellow Tail Sauv Blanc,,,9.67
3125903265,Yellow Tail Pinot-Shz +Tax,1.5 Lt,,15.72
3125903266,Yellow Tail Sauv Blanc 1.50,,,15.72
3125903285,Yellow Tail Moscato ,750 ml,,9.67
3125903286,Yellow Tail Moscato - ,1.5 Lt,,15.72
3125904410,Yellow Tail Sweet Red - ,1.5 Lt,,15.72
3125904695,Josh Pinot Noir - ,750 ml,,21.77
3125904697,Josh Sav Blanc - ,750 ml,,18.14
3125904802,Josh Legacy - ,750 ml,,18.14
3125904923,Josh Paso Robles Cab - ,750 ml,,22.98
3.14271E+12,Chateau La Gordonne,750 ml,Single,24.19
3.16142E+12,St Remy XO ,750 ml,,25.40
3170004969,game Green-2pk,,,1.71
3170004970,Game Blue - 2pk,,,1.71
3170004996,games-pineapple 2pk,,,1.71
3186900001,Crossing Sav Blanc - ,750 ml,,14.51
3186999097,Crossings Light Wave Sauvinon Blanc,750 ml,,14.51
3207010002,Ancnoc 12 Years Old,750 ml,,84.69
3.27451E+12,Dolin Vermouth Dry Chambery 750Ml,750 ml,Single,24.19
3298706075,Torresella Prosecco Doc,750 ml,,16.93
3298706078,Torresella Prosecco Rose,750 ml,,16.93
3298712025,Torresella Pinot Grigio Venezia,750 ml,,16.93
3298720010,Sella Antica Red Blend,750 ml,Single,18.14
3298720020,Santa Margarita Pinot Grigio,,,31.45
3298720130,Sassoregale,750 ml,Single,24.19
3298720940,Santa Margherita Chianti ,750 ml,,30.24
3302700751,Planat VS - ,750 ml,,32.05
3325510934,Snowball Peach ,750 ml,,29.03
3329300300,Freixenet Negro Brut,750 ml,,15.72
3329300380,Freixinet Negro Dry,,,15.72
3329300455,Freixenet Negro Brut,750 ml,,15.72
3329364000,Segura Rose ,750 ml,,12.09
3329365000,Segura Viudas,750 ml,Single,39.92
3329369000,Segura Viudas Brut ,750 ml,,13.30
3330200501,Simple Life Pinot Noir,750 ml,Single,15.72
3330200558,Simple Life Cab Sauv,750 ml,Single,15.72
3.34338E+12,HARMONIS DES ARPENTS,,,7.25
3354400010,Corona Familiar Bottles,12 Oz,24-Pack,42.34
3354400013,REFRESCA ,,12-Pack,22.98
3354400018,corona premier  btl,,18-Pack,31.45
3354400021,Modelitos,7 Oz,24-Pack,31.45
3354400026,Modelo mango 24oz,,,4.77
3354400053,Modelo  Chelada,12 Oz,6-Pack,13.30
3354400068,corona seltzer  can,,12-Pack,22.98
3354400080,modello picante24oz can,,,4.77
3354400130,Modelo Limon,,12-Pack,22.98
3354400158,modelo naranja picosaozcan,,,4.77
3354400161,Modelo Ore,12 Oz,Single,2.41
3354400162,Modelo Oro ,12 Oz,12-Pack,22.98
3354400165,Modelo Oro,24OZ,,4.77
3354400174,Chamoy ,24OZ,Single,4.77
3354400177,Modelo Chelada Variety,12 Oz,12-Pack,22.98
3354400184,Corona Non Alcoholic,12 Oz,6-Pack,13.30
3354400185,Corona Zero Alcohol,12 Oz,Single,2.57
3354400187,Modelo Sandia Picante,24OZ,,4.77
3354400188,Modelo Chelada,12 Oz,12-Pack,22.98
3354400201,Modelo Aguas Frescas,12 Oz,12-Pack,22.98
3354400202,Modelo Aguas Frescas Pineapple 24Oz Can,24OZ,Single,4.77
3354400225,Corona 12Oz Non-Alc,12 Oz,6-Pack,13.30
3354400226,Corona Non-Alcholic,12 Oz,12-Pack,22.98
3354400231,Modelo Fresa Picante,,,4.77
3354400238,Corona  ,12 Oz,6-Pack,13.30
3354400254,Modelo Negra Can,12 Oz,12-Pack,22.98
3354400268,Modelo Chelada Suprema  24Oz,24OZ,Single,4.77
3354400270,Modelo Chelada Suprema Tropical 24Oz,24OZ,Single,4.77
3354495002,Corona  Can Box,,18-Pack,31.45
3354495005,Vict 6 Pack Can,,6-Pack,13.30
3354495006,Victoria Can,,12-Pack,22.98
3354495015,Corona Extra Can,12 Oz,24-Pack,42.34
3354495022,Pacifico,24OZ,Single,4.44
3354495027,Modelo  blt,,18-Pack,31.45
3354495031,Pacifico,,12-Pack,22.98
3354495034,Coronita 12 Pk Bottle,7 Oz,12-Pack,18.14
3354495042,Corona Premier Bottles,12 Oz,12-Pack,22.98
3354495053,Corona familiar  btls,,12-Pack,22.98
3354495060,modelo limon 24oz can,,,4.77
3354495090,Modelo 40Oz,4 Lt,Single,6.04
3395299710,Justin Cab - ,750 ml,,32.66
3399280011,Carib,12 Oz,Single,2.41
3399280016,Carib,12 Oz,6-Pack,13.30
3410001256,Miller High Life Bot  Box,12 Oz,18-Pack,21.77
3410001334,Happy Thursday Refreshers,12 Oz,12-Pack,22.98
3410001341,Miller High Life ,12 Oz,30-Pack,30.24
3410001505,Miller High Life ,12 Oz,6-Pack,9.67
3410001509,Miller High Life Box,,12-Pack,18.14
3410008722,Redds ,12 Oz,12-Pack,20.56
3410017509,Miller Genuine Draft,12 Oz,12-Pack,18.14
3410051605,Leine Summer Shandy ,,6-Pack,13.30
3410051607,Leinenkugel's Summer Shady,,,22.98
3410057243,Miller Lite Bottle,12 Oz,24-Pack,29.04
3410057306,Miller Lite Can,12 Oz,24-Pack,29.04
3410057340,Miller Lite,12 Oz,18-Pack,24.19
3410057341,Miller Lite,12 Oz,30-Pack,38.71
3410057509,Miller Lite Bottles,12 Oz,12-Pack,18.14
3410057636,Miller Lite,12 Oz,12-Pack,16.93
3410057707,Miller Ligt Alum  15pk Box,16 Oz,18-Pack,26.61
3.42251E+12,Simonnet Brut Rose - ,750 ml,,22.98
3.43056E+12,LES VOLETS PINOT NOIR ,750 ml,,15.72
3444500043,Stingray Bay Wine 750Ml,750 ml,Single,9.67
3459914305,Louis Cristal,750 ml,,483.99
3465100158,Brut De Peach - ,750 ml,,12.09
3519600025,Double Diamond,,,6.04
3519600031,Double Diamond,,,4.83
3522900000,Absolut Vodka  - ,50 ml,,2.65
3522900010,Absolut   - ,200 ml,,10.88
3522900020,Absolut  -,375 ml,,18.14
3522900030,Absolut  - ,750 ml,,25.40
3522900060,Absolut  Vdk -  ,1.75 Lt,,39.92
3522900100,Absolut Citron ,50 ml,,2.72
3522900110,Absolute Citron - ,200 ml,,12.09
3522900120,Absolut Citron ,375 ml,,18.14
3522900130,Absolut Citronge - ,750 ml,,29.03
3522900133,Absolut Pear ,750 ml,,26.61
3522900160,Absolut Citron - ,1.75 Lt,,39.92
3522900230,Absolut  Mandrin ,750 ml,,26.61
3522900260,Absolu mandarin ,1.75 Lt,,39.92
3522900286,Absolute Cilantro ,750 ml,,26.61
3522900430,Absolut  Peppar ,750 ml,,26.61
3522900630,Absolut Vdk Vanilla ,750 ml,,27.82
3522901027,aBSOLUTE lime ,750 ml,,27.82
3522901043,ABSOLUT GRAPE FRUIT,,,26.61
3522901061,Absolut Juice Strawberry,,,31.45
3522901074,Absolute Juice Apple ,375 ml,,6.04
3522901075,Absolute Juice Strawberry 375m,375 ml,,6.04
3522901076,Absolut juice apple ,50 ml,,1.08
3522901077,Absolute Juice Strawberry ,50 ml,,1.08
3522901097,absolut water melon ,50 ml,,1.43
3522901099,Absolute Watemelon,750 ml,Single,26.61
3522901106,Absolut Wild Berri,750 ml,,26.61
3522901112,Absolut Tabasco,50 ml,,2.72
3522901114,Absolut Tabasco Vodka,750 ml,Single,24.19
3.56046E+13,Cabriz  Special Edition,,,84.69
3581800004,Santa Ema Sauv Blanc - ,750 ml,,10.88
3598500002,w.claw surge blood ora. ca,16 Oz,,12.09
3598500004,w.claw surge cra. can,16 Oz,,12.09
3598500021,White Claw Pineapple ,,6-Pack,13.30
3598500044,White Claw Pineapple,12 Oz,6-Pack,13.30
3598500052,Cayman Margarita Mango,12 Oz,6-Pack,13.30
3598500089,Mikes Dirty Mix Pack,12 Oz,12-Pack,22.98
3598501038,Mikes Apple Pear,12 Oz,Single,2.72
3598502598,White Claw Natural Lime,,,13.30
3598506064,Mikes Rasp Lemon ,12 Oz,6-Pack,13.30
3598506070,Mike Mango Punch ,12 Oz,6-Pack,13.30
3598506074,Mike's Seasonal  -  ,12 Oz,6-Pack,13.30
3598506744,Mikes Hard Blk Cherry ,,6-Pack,13.30
3598510033,WHITE CLAW MANGO ,,12-Pack,22.98
3598510042,Whiteclaw BLack Ch  ,16 Oz,4-Pack,10.88
3598510062,Mikes   Lemonade,,6-Pack,13.30
3598512001,Mikes Hard Lemon ,,12-Pack,22.98
3598512998,Mike Mix ,12 Oz,12-Pack,22.98
3598513215,Mikes Blk Cherry,24OZ,Single,4.10
3598519002,Mike S Peach,12 Oz,6-Pack,13.30
3598520025,WHITE CLAW  CHER,,6-Pack,13.30
3598520028,WHITE CLAW RUBY GRAPE  CAN,,6-Pack,13.30
3598522413,Mike's Straw Lemonade - ,,6-Pack,12.09
3598524583,MIKES LEMONADE 24OZ CAN,,,4.10
3598524985,Mike's Harder Cran - 24oz,,,4.09
3598525891,Mikes Mango Punch 24oz,,,4.10
3598526001,Mikes Variety,12 Oz,12-Pack,21.77
3598526038,White Claw Berry Cherry 19oz,,,4.49
3598526039,White Claw Mango 19oz,,,4.49
3598526066,WHITE CLAW RAS  ,12 Oz,6-Pack,13.30
3598526087,White Claw Mango ,,6-Pack,13.30
3598526089,White claw blk chry ,,12-Pack,22.98
3598550004,White Claw Natural Lime ,12 Oz,Single,4.83
3598554265,mike blck cherry  bti,,12-Pack,22.98
3598554890,White Claw  Variety Box,,12-Pack,22.98
3598560611,Mikes  Cran/lemon,,6-Pack,13.30
3598580006,WHITE CLAW TROPICAL  CAN,,12-Pack,22.98
3598580021,Mikes Pine. Mandarin,24OZ,Single,4.09
3598580026,WHITE CLAW #3  CAN,,12-Pack,22.98
3598580029,white claw iced tea  can,,12-Pack,24.19
3598580034,White Claw  Watermelon,,6-Pack,13.30
3598580036,White Claw Watermelon ,,12-Pack,22.98
3598580071,W.CLAW SURGE B.CHERRY ,,4-Pack,12.09
3598580080,White Claw Surge  Can,,12-Pack,22.98
3598580108,WHITE CLAW SURF V,,12-Pack,22.98
3598580157,White Claw Peach,12 Oz,6-Pack,13.30
3598580177,Mikes O Sugar Lemonade,12 Oz,6-Pack,13.30
3598580194,White Claw Pineapple,12 Oz,4-Pack,13.30
3598580196,White Claw Watermelon,12 Oz,4-Pack,13.30
3598580197,White Claw Vodka + Soda,12 Oz,8-Pack,25.40
3598580198,White Claw Black Cherry,32 Oz,Single,3.64
3598580199,White Claw ,16 Oz,,3.64
3598580201,White Claw Blach Cherry,16 Oz,Single,3.64
3598580205,White Claw Water Melon,16 Oz,Single,3.64
3598580207,White Claw Bloode Orange,16 Oz,Single,3.64
3598580208,White Claw Cranberry,16 Oz,Single,4.83
3598580209,White Claw Lime,16 Oz,Single,3.64
3598580213,White Claw Mango,20 Oz,,3.64
3598580214,White Claw Grape Fruit,16 Oz,Single,3.64
3598580215,White Claw Strawberry,16 Oz,,3.64
3598580241,Mikes Hard Party Pack,12 Oz,12-Pack,22.98
3598580252,White Claw Surge #2  Can,,12-Pack,22.98
3598580266,White Claw Vodka Spirit,12 Oz,8-Pack,25.40
3598580268,White Claw Green Apple,16 Oz,Single,4.83
3598580279,White Claw Non-Alc ,12 Oz,12-Pack,22.98
3598580299,White Claw Tequila,12 Oz,8-Pack,25.40
3598580364,White Claw Grape,12 Oz,4-Pack,13.30
3598580366,White Claw Peach,16 Oz,Single,3.64
3598580369,White Claw Bluberry,32 Oz,Single,4.83
3598580371,White Claw Peach,12 Oz,12-Pack,22.98
3598580443,White Claw 12 Pk Can,12 Oz,12-Pack,22.98
3604000027,Notorious Pink,750 ml,,22.98
3604000030,SCANDALOUS ONE CAB NOIR ,750 ml,,22.98
3604000300,Carupano Ron Reserva 6 Especial,750 ml,,24.19
3604000742,Libelula Reposado,750 ml,,49.60
3604001106,Hpnotiq  - ,750 ml,,33.87
3604001284,Hpnotiq ,200 ml,,12.09
3604001285,Hpnotiq  - ,375 ml,,19.35
3604001286,Hpnotiq ,1.75 Lt,,67.75
3604001287,Hpnotic ,50 ml,,6.52
3604001848,Domaine Canton Ginger - ,750 ml,,39.92
3604051932,Avion Repso,,,55.65
3604051934,Avion Silver ,750 ml,,52.02
3604052188,Avion Silver - ,375 ml,,32.66
3604052189,Avion Repo - ,375 ml,,32.66
3604052191,Avion Silver - ,50 ml,,6.04
3604052250,Russian Standard Gold - ,750 ml,,60.49
3604053273,Casa Dragones Teq Blanco,750 ml,Single,116.15
3604053711,Banhez Mezcal,750 ml,Single,44.76
3604053974,Libelula Tequila ,750 ml,Single,36.29
3604054411,TUCK ,750 ml,,39.92
3604054495,Dos Hombres ,750 ml,,72.59
3616011026,2 WAYCORK OPNER,,,5.69
3616019027,Distillers Reserve Bourbon Whiskey,750 ml,Single,36.29
3616019035,Distillers Reserve Rye Whiskey,750 ml,,36.29
3619105240,Red Label Wine - ,750 ml,,13.30
3619121240,Appleton Estate 15Yrs Black River Casks,750 ml,Single,84.69
3620200034,Amrut cask strength ,750 ml,,89.53
3620200038,Amrut Fusion ,750 ml,,84.69
3625177612,stone ipa   botal,12 Oz,6-Pack,13.30
3692011651,GOOSE ISLAND 15PK CAN,,15-PACK,30.24
3692011715,Goose Ipa 15 Oz,25 OZ,,2.77
3738600041,Feudi Montepulciano,750 ml,Single,12.09
3741100081,Giesen Sauv Blanc Zero Alcohol,750 ml,Single,15.72
3753474359,Lopez de Haro Crianza - ,750 ml,,14.51
3757100415,Vista Brisa Chard - ,1.5 Lt,,15.72
3.76012E+12,Blue De Mer,750 ml,,18.14
3.76012E+12,CROUS ST MARTIN,,,41.13
3.76015E+12,AUBRADE BORDEAUX ,750 ml,,14.51
3.76018E+12,MONKEY VODKA,,,36.29
3.76018E+12,IceKube Vodka ,750 ml,,24.19
3765422613,Turtle Nose ,,,4.84
3770407201,Troges perpetual  cans,,4-Pack,13.30
3787968954,Reputation Cabernet Sauvignon,750 ml,Single,24.19
3807520230,Verdi Bosca - ,750 ml,,8.46
3807520530,Verdi Raspberry - ,750 ml,,8.46
3807520630,Verdi Peach - ,750 ml,,8.46
3807521030,STAWBERRY VERDI 750,,,8.46
3848900029,Dogfish Head 60 IPA - ,12 Oz,6-Pack,14.51
3848900250,DOG FISH VDAKA  CAN,,4-Pack,19.35
3848900312,Dog Fish 90 Min Ipa ,12 Oz,6-Pack,16.93
3.85011E+12,Badel Sljivovica Brandy,1 Lt,,38.71
3890000808,Dole Pineapple 46oz can,,,5.41
3890000818,Dole Pineapple,1 Lt,,6.05
3890000914,Dole small,,,1.21
3890000963,Dole pineapple,,,1.51
3914600590,Cigar Zin - ,750 ml,,19.35
3929500682,Luscious Cabernet Sauvignon,750 ml,,10.88
3929500683,Luscious Cabernet Sauvignon Semi-Sweet,1.5 Lt,Single,22.98
3929500686,Luscious Moscato & Pinot Nior,750 ml,,10.88
3929500687,Luscious Moscato & Pinot Noir,1.5 Lt,Single,22.98
3938300229,Michter's Bourbon 10 Years,750 ml,,108.89
3938300630,santa marina pinot,,,9.67
3938300632,Santa Maria Pg - 1.5M +Tax,1.5 Lt,,13.30
3938300650,Mitcher's US 1 ,750 ml,,60.49
3938300718,Michtner's Bourbon - ,750 ml,,60.49
3938301006,Santa Marina Prosecco,750 ml,,12.09
3938301048,Cloutier Brut - ,750 ml,,36.29
3954300002,Gran Passia Roso Toscana,750 ml,,24.19
3954300012,Gran Bericanto Riserva,750 ml,,36.29
3959500253,SAO DOMINGOS,,,27.82
3974300149,Yellow Tail Bold Red - ,1.5 Lt,,15.72
3974300151,yellow tail pink moscato ,750 ml,,9.67
3974300152,Yellow Tail Pink Mosc - ,1.5 Lt,,15.72
3974300158,Yellow Tail Sangria ,1.5 Lt,,15.72
3974300169,Yellow Tail Sangria Blc - ,1.5 Lt,,15.72
3974300223,Yellow Tail Smooth Red- ,1.5 Lt,,15.72
3974300288,Yellow Tail Pinot Grigio -,1.5 Lt,,15.72
3974300291,Yellow Tail Sauvignon Blanc Pure Bright,1.5 Lt,Single,15.72
3974300293,Y.TAIL CAB.SAU ,750 ml,,12.09
3974300295,Yellow Tail Red Bland,750 ml,Single,12.09
3974300321,Yellow Tail Buttery Chardonay+Tax,1.75 Lt,,15.72
3974300337,Yellow Tail Red Blend,1.5 Lt,Single,15.72
3994911412,Super Bock Mini Lager,200 ml,6-Pack,12.09
3995803324,Sofia Blanc De Blancs,187 ml,4-Pack,24.19
3995803460,Coppola Sauv Blanc,,,19.06
3995806480,Coppola Diam Cab - ,750 ml,,21.77
3995812916,Coppola Votre Sante - ,750 ml,,6.04
3995818481,Francis Coppola ,375 ml,Single,13.30
3995897400,COPPOLA CLARET,,,24.19
3995897410,Coppola Diam  Merlot - ,750 ml,,21.77
4006340002,FOUR ROSES SINGLE BARREL,,,68.96
4006340031,Four Roses Small Batch ,750 ml,,48.39
4006340040,Four Rose ,750 ml,,31.45
4020226015,Glendalough Dbl Barrel Irish,750 ml,,60.49
4020227602,The Muff Liquor Company Vodka,700 ML,Single,38.71
4020227604,The Muff Liquor Company Whiskey,700 ML,Single,38.71
4023228833,four roses small bat.,750 ml,,78.64
4023237912,Uncle Nearest 1884 ,750 ml,,60.49
4023255544,Uncle Nearest 100pf ,750 ml,,72.59
4024560005,Jack Daniel Variety ,12 Oz,12-Pack,36.29
4026240013,Hard Mtn Dew    Mix Pack,12 Oz,12-Pack,22.98
4026240019,Hard Mtn Dew  Baja Blast,12 Oz,12-Pack,24.19
4026240020,Hare Mtn Dew ,12 Oz,12-Pack,24.19
4026240025,Hard Mtn Dew  Variety,12 Oz,12-Pack,24.19
4026240051,Lipton Hard Iced Tea,12 Oz,12-Pack,24.19
4074674908,Lusty Claw ,750 ml,,76.22
4103029879,Campo Rioja,,,16.93
4119006829,BOWL&BASKET PEACH,,,4.83
4119006830,BOWL&BASKET RED GRAPE,,,4.83
4124190012,Mundo De Yunter Temp / Syrah,,,6.04
4124400006,Martinellis Sparkling No Alcohol,750 ml,,7.25
4124412254,Martineffi's No Alcohol,,,7.25
4124499010,MARTINELLI SPARKLING CIDER,,,6.04
4161900532,Roblar Chard - ,750 ml,,12.09
4175500161,Pineapple,32 Oz,Single,4.83
4180034610,Welchs Mango Passion,16 Oz,Single,3.03
4182700206,Harpoon Dunkin Pumpkin ,12 Oz,6-Pack,14.51
4182780024,Dunkin Mix 12Pk Can,12 Oz,12-Pack,22.98
4182780124,Dunkin Spiked Iced Tea Mix Pack,12 Oz,12-Pack,22.98
4182781019,Dunkin Spiked Iced Tea,16 Oz,Single,4.83
4204703984,Brugal Double Reserva,700 ML,Single,38.71
4246150315,Muze Rasberry,12 Oz,4-Pack,19.35
4246150564,Muze Lemon,12 Oz,4-Pack,19.35
4246151322,Muze Peach,12 Oz,4-Pack,19.35
4257204006,Schofferhofer Grape - ,12 Oz,6-Pack,15.11
4265112310,Ferrari Carano Savignon Blanc,750 ml,Single,16.93
4265115210,Ferrari Carano Pinot Grigio,750 ml,Single,18.14
4265116810,Ferrari Carano Pinot Noir,750 ml,Single,39.92
4304112205,Nauti Seltzer ,,6-Pack,10.88
4330399606,Soon Hari ,375 ml,,7.25
4348599450,Soon Hari Apple Citron,375 ml,Single,7.25
4370920004,Gasolina Orignal,200 ml,Single,3.62
4370920011,Gasolinacocktail Grape Fruit,,5 pack,16.93
4370920017,Sangriiia Gasolina,200 ml,Single,3.62
4370920021,Gasolina Cocktail,200 ml,Single,3.62
4370920022,gasolinacocktail,,5 pack,16.93
4370920055,Gasolinacocktail Sangria,,5 pack,16.93
4370920518,Gasolinacocktail Sangria,,5 pack,16.93
4375010003,Presidente,750 ml,Single,24.19
4427197444,Silver Star Texas Whisky,750 ml,Single,24.19
4450400150,Seneca Cigar ,,,1.82
4460700372,Herradura Anejo Cristal,750 ml,,76.22
4460700710,Herradura Legand Anejo,750 ml,,205.69
4460700944,El Jimador Cristalino,750 ml,Single,36.29
4460701060,Herradura Blanc,375 ml,,35.08
4460701260,Herradura Reposado,375 ml,,39.92
4460704980,El Jimador Repo ,1.75 Lt,,53.23
4460705040,Herradura Silver 1Ltr,,,54.44
4460706320,Jimador Anejo,750 ml,Single,35.08
4460706820,El Jimador Blanco - ,750 ml,,30.24
4460706830,jimador 1 L,,,33.87
4460706840,El Jimador Silver - 1.75ml,,,48.39
4460706920,El JImador Repso - ,750 ml,,30.24
4460706930,EL JIMADOR REPOSADO,,,35.08
4460711132,Herradura Repso ,750 ml,,62.91
4480730126,Cr&f brandy ,750 ml,,42.34
4499613893,FINKA ROSE WINE ,750 ml,,20.56
4499613906,Summer In Bottle Rose ,750 ml,,32.66
4499613907,Summer In Bottle,1.5 Lt,Single,72.59
4499614009,Wolffer Summer In A Bottle Rose,750 ml,,31.45
4675100016,Ovr Vine Rose,750 ml,,19.35
4675100017,Old Vine Riesling,750 ml,,13.30
4675168713,Marietta Old Vine Red,,,21.77
4.71159E+12,lychee beer  can,,6-Pack,18.14
4.71159E+12,Sweet Touch Lychee Beer ,,6-Pack,18.14
4715405094,Lan Rioja ,750 ml,,18.14
4715408911,Vinalanciano Rioja,750 ml,Single,32.66
4715900181,Harken Chard - ,750 ml,,15.72
4715900250,Intercept Pinot Noir ,750 ml,,24.19
4735158990,American Metal Whiskey,750 ml,Single,49.60
4799520040,AMERICAN SPIRIT SKY,,,20.56
4799585505,American Spirits Menthol Lght,,,20.56
4799585508,American Spirits BLUE,,,20.56
4799585509,American Spirits YELLOW,,,20.56
4799585522,American Spirits Menthol,,,20.56
4799585524,American Spirit Dark Blue,,,20.56
4.82E+12,Odessa Vsop,100 ml,Single,2.41
4.82E+12,Kagor Red Dessert Wine,750 ml,Single,13.30
4826070477,Silver Star Vodka,750 ml,Single,8.46
4826070488,Silver Star 1849 Bourbon,750 ml,Single,29.03
4837500386,PRIMARUS PGO ,750 ml,,16.93
4.84001E+12,Cricova Semis Weet Cabernet Auvigon,750 ml,,13.30
4841552004,Lot 40 Rye - ,750 ml,,60.49
4850000000,Tropicana Orenge,32 Oz,,4.27
4850000174,tropicana orange,,,1.71
4850000672,Tropicana Cranberry,32 Oz,,4.83
4850000838,tropicana cranberry,,,1.54
4850000860,Juice,,,2.27
4850000861,Tropicana Apple 15fl,,,2.27
4850000864,Tropicana Cranberry 15oz,,,3.03
4850000868,Tropicana Pineapple 15oz,,,3.03
4.85E+12,Armenian Adam Brandy,375 ml,Single,48.39
4.85E+12,Diamond Armenian Vsop Brandy,750 ml,,29.03
4.85E+12,Armenian Brandy Queen Anna,750 ml,,60.49
4.85002E+12,Armenian Brandy Elephant,375 ml,,48.39
4.85002E+12,American Brandy Glass Revolver ,200 ml,,38.03
4.85003E+12,American Brandy,200 ml,Single,48.39
4.85003E+12,Armenian Brandy Ceramic Saxophone,750 ml,,42.34
4.85003E+12,American Brandy  Motorcycle Rider ,375 ml,Single,48.39
4.85003E+12,M-16 Rifle ,750 ml,,84.69
4855700000,CRABBIES GINGER BEER,,4-Pack,12.09
4.8676E+12,Mukuzani,750 ml,Single,24.19
4.8676E+12,Kindzmarauli,,,30.24
4.8676E+12,Khvanchkara,750 ml,,36.29
4.8676E+12,Saperavi Panda,750 ml,Single,24.19
4878950013,Cascinetta Vietti Asti - ,750 ml,Single,16.93
4900001916,Fanta,,,3.03
4900002468,coca cola 16.9oz,,,3.03
4900005011,Diet Coke - 2L,2 L,Single,4.60
4900005015,Sprite - 2L,2 L,Single,4.60
4900005025,Fanta -2L,2 L,Single,4.60
4918890036,Grand Marnier-,50 ml,,3.98
4918890037,Grand Marnier ,200 ml,,15.11
4918890038,grand,,,13.90
4918890046,Grand Marnier-375,,,29.03
4918890047,GRANDMARNIER ,750 ml,,48.39
4918890049,Grand ,1.75 Lt,,88.32
4918890055,Grandmarnier Louis Alexandre,750 ml,Single,84.69
4933100222,La Crema  Sonoma Chard -,750 ml,,27.82
4980600095,Fout Loko Apple - 24oz,,,4.34
4980600116,Four Loko Gold - 24oz,,,4.72
4980600267,Fourloko Grape,24OZ,Single,4.72
4980600283,FOUR LOKO  LEMONADE ,200 ml,,2.41
4980600290,FOUR LOKO BLUE RAZE ,200 ml,,2.41
4980600335,Mamitas Pineapple ,355 ML,4-Pack,12.09
4980600341,Mamitas Paloma ,355 ML,4-Pack,12.09
4980600412,FOUR LOKO SOUR PEACH ,200 ml,,2.41
4980600427,four loko variety pack,,,21.77
4980600454,Mamitas,12 Oz,8-Pack,21.77
4980600472,LOKO USA 24OZ CAN,,,4.72
4980600476,Mamitas Sunrise,355 ML,4-Pack,12.09
4980600492,Mamita 8 Pk Can,12 Oz,8-Pack,21.77
4980600502,Pirate Water 16Oz,16 Oz,4-Pack,10.88
4980600503,Pirate Water,16 Oz,4-Pack,4.83
4980600504,Pirate Water,16 Oz,4-Pack,10.88
4980600505,Pirate Water,16 Oz,4-Pack,10.88
4980600548,Mamitas Expresso Martini,355 ML,4-Pack,12.09
5000012056,Bold Rock Half n Half ,,12-Pack,20.93
5000114711,LAWSON LITTLESIP  CAN,16 Oz,4-Pack,20.56
5000255419,DRAKES ORGANIC 1 LITER,,,16.93
5000334765,Howler Head Banana,750 ml,,48.39
5000351619,Filibuster Bottled In Bond 5Yrs,750 ml,Single,96.79
5000356041,Prime Lime,,,3.63
5000356044,Prime Punch,,,3.63
5000356045,Prime Rasberry,,,3.63
5000356097,Prime Strawberry Watermelon,500 ml,,3.63
5000379947,Tip Top Margarita,100 ml,4-Pack,25.40
5000379949,Tip Top Old Fashioned,100 ml,4-Pack,25.40
5000379951,Tip Top Negroni,100 ml,4-Pack,25.40
5000379959,Tip Top Espresso Martini,100 ml,4-Pack,25.40
5000379972,Tip Top Mai Tai,100 ml,4-Pack,25.40
5000379987,Tip Top Cosmopolitan,100 ml,4-Pack,25.40
5000394589,Sour Pasture,375 ml,4-Pack,20.56
5000518915,Florida Man ,12 Oz,6-Pack,14.51
5000662616,kalo seltzer  can,,4-Pack,18.14
5000662641,Kalo,12 Oz,4-Pack,18.14
5000886778,High Octane Moscato ,750 ml,,7.25
5000918701,Fiddlehead Ipa ,16 Oz,4-Pack,18.14
5000918705,Fiddlehead Ipa,12 Oz,12-Pack,24.19
5000918732,Fiddlehead Imperial Ipa 4Pk,16 Oz,4-Pack,21.02
500100000,Deposit (0.10),,,0.12
5001061952,Canteen  Blk Cherry,12 Oz,4-Pack,13.30
5001069713,FISHER.FIZZ.4CAN,,,21.77
5001069714,FISHER.SPIKE TEA. CAN,,4-Pack,21.77
5001069715,FISHER.PINK. CAN,,4-Pack,21.77
5001257149,gloria water melon ,,4-Pack,13.30
5001257150,Rancho Gloria Marg,,,3.13
5001257151,rencho gloria mango ,,4-Pack,13.30
5001352400,Flecha Azul Blanco,750 ml,Single,60.49
5001352402,Flecha Azul Reposado,750 ml,Single,75.01
5001427509,Clase Azul Repo,750 ml,,229.89
5001427522,Clase Asul,375 ml,,133.09
5001564000,Teremana Blanco ,375 ml,,22.98
5001564001,Teremana Reposado ,375 ml,,26.61
5001564002,Teremana Blanco ,750 ml,,38.71
5001564004,Teremana Teq,1 Lt,,44.76
5001564005,Teremana Repesado,1 Lt,,49.60
5001564007,Teremana Blanco,50 ml,,6.04
5001564008,Teremana Blanco,1.75 Lt,Single,78.64
5001564010,Teremana Reposado,1.75 Lt,Single,83.48
5001564011,Teremana Reposado,50 ml,,6.04
5001564012,TEREMANA ANEJO ,750 ml,,54.44
5001564020,Teremana Reposado ,750 ml,Single,43.55
5001589900,Mijenta Blanco,750 ml,Single,64.12
5001724801,Salt Point Grapefruit,12 Oz,Single,6.26
5001724803,Salt Point Greyhound,12 Oz,4-Pack,24.19
5001724809,salt point  margarita,,,6.26
5001724810,salt point margarita  can,,4-Pack,24.19
5001724824,Salt Point Capecod,12 Oz,Single,6.26
5001724825,Salt Point Capecod ,12 Oz,4-Pack,24.19
5001733750,Post & Beam Cabernet Sauv Napa,750 ml,Single,84.69
500200000,Deposit Return,,,0.12
5002054405,Dos Hombres Tequila Blanco,750 ml,Single,54.44
5002308400,Casa Mexico Blanco,750 ml,Single,29.03
5002308402,Casa Mexico Blanco`,50 ml,,2.41
5002308406,Casa Mexico Anejo,750 ml,Single,48.39
5002419212,Noca Lemonade Vty,12 Oz,12-Pack,22.94
5002419217,Boozy Iced Tea,24OZ,Single,4.83
5002419228,Alcolo 8Pk 12 Oz,12 Oz,8-Pack,24.19
5002419232,Noca Berry Blast,12 Oz,12-Pack,22.94
5002468434,Waypont Uconn Rtd,355 ML,4-Pack,24.19
5002545711,Spindrift Spiked Paradise 12 Pk,12 Oz,,27.83
5002560512,Stateside Ruby Grapefruit,12 Oz,4-Pack,14.51
5002560515,Stateside Watermelon,12 Oz,4-Pack,14.51
5002560518,Stateside Vodka Party Pack 8Pk,12 Oz,8-Pack,24.19
5002560521,Surf Side  Iced Tea + Vodka,12 Oz,4-Pack,14.51
5002560531,Surfside Lemonade ,12 Oz,4-Pack,14.51
5002560550,Surfside Peach + Vodka,12 Oz,4-Pack,14.51
5002560552,Surfside Lemonade,12 Oz,4-Pack,14.51
5002560554,Surf Side  Iced&Lemonade,12 Oz,4-Pack,14.51
5002560556,Surf Side Assorted,12 Oz,8-Pack,26.61
5002560595,Surf Side Black Cherry Lemonade,12 Oz,4-Pack,14.51
5002832414,Gloria Marg Pink Lemonade,750 ml,,14.51
5002832426,Big Sipz Chocolate Martini,200 ml,Single,4.83
5002832451,Rancho Gloria Choc Martini,750 ml,,19.35
5002832471,Big Sipz Lime Margarita,200 ml,Single,4.83
5002832472,Big Sipz Strawberry Margarita,200 ml,Single,4.83
5002832474,Big Sipz Pina Colada,200 ml,Single,4.83
5002832486,Big Sipz Blue Raspberry Punch,355 ML,Single,4.83
5002910200,Whip Shots ,375 ml,,29.03
5002910205,Whips Shotlime,200 ml,,20.56
5002910206,Whip Shot Pumpkin,200 ml,,20.56
5002920595,High Rise Blueberry Thc,355 ML,4-Pack,18.14
5002920596,High Rise Mango Thc,355 ML,4-Pack,18.14
500300000,Tax Item,,,0.00
5003049400,Keepers 86 Irish And Amarican,750 ml,Single,44.76
5003049410,Keepers Heart 92 Proof,750 ml,Single,50.81
5003049445,Keepers Heart Bourbon,750 ml,Single,64.12
5003218913,Avaline Pinot Noir,750 ml,Single,26.61
5003420422,Sabe Grapefruit Paloma,250 ml,4-Pack,16.93
5003523100,COPPA PINACOLADA ,750 ml,,19.35
5003523104,Coppa Mojito,750 ml,,19.35
5003523106,Coppa Cosmopolitan,750 ml,,19.35
5003523108,Coppa Sex On Beach,750 ml,,19.35
5003701450,Disaronno - ,750 ml,,42.34
5003701451,Disaronno - ,375 ml,,22.98
5003701454,Disaronno - ,50 ml,,4.22
5003701554,Disaronno - ,200 ml,,16.93
5003701642,Disaronno,1.75 Lt,,78.64
5003739707,Disaronno Velvet,375 ml,,26.61
5003759601,Busker,,,4.54
5003759775,DISA-VELVET CREAM,750 ml,,45.97
5003833941,Groov Tropical,12 Oz,4-Pack,19.35
5003833942,Groov Mixed Berry,12 Oz,4-Pack,19.35
5003833943,Groov Citrus,12 Oz,4-Pack,19.35
5003846181,Numb Skull ,50 ml,Single,1.08
5003846183,Numb Skull,750 ml,,27.82
5003942441,Fisher Lemonade,12 Oz,8-Pack,33.87
5003942442,Fisher Lemonadw Blueberry,12 Oz,4-Pack,21.77
5003942443,Fisher Lemonadw,12 Oz,4-Pack,21.77
5003942445,Fishers Island Lemonade,12 Oz,4-Pack,21.77
5003942447,Fisher Half & Half,12 Oz,4-Pack,21.77
5003959812,Penelope Rio Cask,750 ml,Single,135.51
5003959821,Penelope Toasted ,750 ml,Single,120.99
500400000,Non-Tax Item,,,0.00
5004042708,Prime Ice Pop,500 ml,,3.63
5004263822,Buzzballz Lime Rita,187 ml,4-Pack,19.35
5004263824,Buzz Balls,,4-Pack,16.93
5004263874,Buzz Ball Berry Cherry ,187 ml,Single,4.83
5004652215,Happy Dad Grape,12 Oz,12-Pack,22.98
5004652217,Happy Dad  Raspberry,12 Oz,12-Pack,22.98
5004652291,Happy Dad Iced Tea Variaty Pack,12 Oz,12-Pack,22.98
5004652298,Happy Dad Half & Half,12 Oz,12-Pack,22.98
5004664402,Downeast Variety 9pk,,9 PACK,24.19
5004664405,Downeast Guava Passion Fruit,12 Oz,4-Pack,15.72
5004664440,Downeast Cider 9Pk,,9 PACK,24.19
5004700300,Angel's Envy ,750 ml,,67.75
5004700306,Angels Envy,750 ml,,120.99
5004759105,Monaco Spicy Margarita,12 Oz,,3.62
5004759113,Monaco Spicy Margarita,12 Oz,,3.62
5004941003,Mightowl Espresso M,,,18.14
5004943100,Aspen Vodka,750 ml,Single,36.29
500500000,Wine,,,0.00
5005007101,Surfside Raspberry  + Vodka,12 Oz,4-Pack,14.51
5005007105,Surfside Blueberry Lemonade+Vodka,12 Oz,4-Pack,14.51
5005007108,Surfside Lemonade Pack,12 Oz,8-Pack,26.61
5005007110,Surfside Iced Tea Vodka,700 ML,Single,7.85
5005007112,Surfside Lemonaed+Vodka,700 ML,Single,7.85
5005007116,Surfside Ice Tea Lemoned& Vodka,700 ML,Single,7.85
5005007123,Surfside Strawberry Lemonade,12 Oz,4-Pack,14.51
5005007127,Surfside Raspberry Tea + Vodka,12 Oz,4-Pack,14.51
5005007137,Surfside Green Tea + Vodka,12 Oz,4-Pack,14.51
5005007179,Surfside Strawberry,700 ML,Single,7.85
5005007184,Surf Side Green Tea Lemoned+ Vodka,12 Oz,4-Pack,14.51
5005089520,Delta Watermelon,12 Oz,4-Pack,18.14
5005089523,Delta Lime,12 Oz,4-Pack,18.14
5005271127,Soon Hari Peach,375 ml,Single,7.25
5005271128,Soju Apple,,,7.25
5005271129,Soon Hari Strwberry,375 ml,,7.25
5005271130,Soju,,,7.25
5005271131,Soon Hari Apple Mango,375 ml,Single,7.25
5005271173,Soon Hari Apple Iychee,375 ml,Single,7.25
5005271177,Soon Harii Plum,375 ml,,7.25
5005533722,Monaco Fight Night Var Can,187 ml,6-Pack,15.72
5005533724,Monaco Knockout Punch,12 Oz,Single,3.62
5005607717,Rancho Gloria Egg Nog,750 ml,,15.72
5005654504,Sprinter Vodka Soda,12 Oz,8-Pack,26.61
5005756901,Gin&Juice Melon,355 ML,4-Pack,16.93
5005756905,Gin&Juice Apricot,355 ML,4-Pack,16.93
5005756908,Gin&Juice Citrus,355 ML,4-Pack,16.93
5005756911,Gin&Juice Passionfruit,355 ML,4-Pack,16.93
5005756918,Gin&Juice Variety Pack,355 ML,8-Pack,32.66
5005792536,Happy Dad Variaty Pack,12 Oz,12-Pack,22.98
5005919510,Beat Box,500 ml,,6.04
5005919512,Beatbox Orange ,500 ml,,6.04
5005919529,Beat Box,500 ml,,6.04
5005919539,Beatbox Lemonade,500 ml,,6.04
5005919541,Beatbox Watermelon Lemonade,500 ml,,6.04
500600000,Beer,,,0.00
5006426531,Monaco Pornstar Crush,,,3.62
5006618005,Moon Water Variety,12 Oz,12-Pack,38.71
5006692900,Big Spiz Jugz Merica,1 Lt,Single,15.72
5006692902,Big Spiz Jugz Fruit Punch,1 Lt,Single,15.72
5006692903,Big Spiz Jugz Purple Punch,1 Lt,Single,15.72
500700000,Liquor,,,0.00
5007319707,Wip 3 Energy Pouches,100 ml,Single,1.69
5007319710,Wip 3 Energy Pouches Orange,100 ml,Single,1.69
5.01028E+12,Harveys Cream ,750 ml,,21.77
5.01028E+12,1920 Brandy ,1 Lt,,26.61
5.01028E+12,CR&F Extra Reserve ,750 ml,,60.49
5.01028E+12,Toky Suntory,750 ml,,55.65
5020000329,Sunny D Vodka,12 Oz,4-Pack,12.09
5020000341,Sunnyd Vodka Single ,355 ML,Single,3.62
5020000348,Sunny  D  Seltzer,12 Oz,8-Pack,22.98
5020000353,Sunny D Purple Vodka,12 Oz,4-Pack,12.09
5020000356,Sunny D Vodka Strawberry,12 Oz,4-Pack,12.09
5020000357,Sunny D Vodka Orange Pineapple,12 Oz,4-Pack,12.09
5020000600,Sunny  D  Seltzer Limited Edi,12 Oz,8-Pack,22.98
5020000605,Sunny  D  Seltzer Limited Edi,12 Oz,8-Pack,22.98
5020000610,Sunny Game Day,,8-Pack,22.98
5.0297E+12,Deanston Virgin Oak - 750Ml,750 ml,Single,84.69
5038600102,V One Vodka ,750 ml,,31.45
5055401095,RON CENTENARIO ,750 ml,,25.40
5.06012E+12,Blackwell Jmaican Rum,750 ml,Single,42.34
5.06017E+12,Monster Green,500 ml,Single,3.62
5065100520,Villa Sandi Pinot Grigio Della ,750 ml,,12.09
5083100704,yPIOCA CACHACA 1l,,,38.71
5083200426,Bread & Butter Chard,,,16.93
5083200427,Bread & Butter Pinot Noir 750m,750 ml,,16.93
5.09987E+12,Diplomatico Reserva Exclusiva,750 ml,Single,50.81
5103100475,Hooters Tequila Gold,1 Lt,Single,15.72
5103100493,Bellissima Pinot Grigio,750 ml,,18.14
5103100496,Bellissina Zero Sugar Cab,750 ml,Single,18.14
5109100620,Buzzballsz Giggies Rita,1.75 Lt,,30.24
5109100621,Buzzballsz Giggies Strw,1.75 Lt,,30.24
5109100622,Buzzballsz Biggies Chocolate,1.75 Lt,Single,30.24
5109100634,Buzzball Berry Cherry,1.75 Lt,Single,30.24
5109100668,Buzzball Strawberry Rita,1.75 Lt,Single,30.24
5109100677,Buzzballz Cookie Nookie,187 ml,,4.83
5113300612,BEATBOX,,,6.04
5113300613,BEATBOX RAZZ,,,6.04
5113300615,BEATBOX,,,6.04
5113300634,BEATBOX TROPICAL,,,6.04
5113300649,BEATBOX PEACHPUNCH,,,6.04
5113300675,Beatbox Hard Tea,500 ml,,6.04
5113300676,Beat Box Blue Rass,,,6.04
5113300678,Beat Box,500 ml,,6.04
5113300680,Beat Box Pink Lemo,,,6.04
5113300682,Beatbox Juicy Mango,,,6.04
5113300697,Beat Box Hard Tea,500 ml,,6.04
5124400555,Requiem,16 Oz,4-Pack,15.72
5135755624,Embroidery Monterey Pinot Noir,750 ml,Single,12.09
5137000617,Bladnoch Scotch Whisky,750 ml,Single,27.82
5146100803,Sono1420 Rye,375 ml,,31.45
5149731913,Revenge Rum,750 ml,Single,12.09
5149741515,Mezcallum Tequila,750 ml,Single,56.86
5164500405,Location Ca,750 ml,,21.77
5165000405,E.M GARNACHA SYRAH ,750 ml,,10.88
5167500354,slices sangria ,750 ml,,7.25
5171800004,Mark West Pinot Noir,,,14.51
5171800063,Mark West Pinot Nior - ,1.5 Lt,,24.19
5176700176,The Clover ,750 ml,,58.07
5188400538,Kurvball,50 ml,,1.20
5198400028,Iris Pinor Noir,750 ml,,27.82
5200001039,Gato Arctic,,,3.03
5200010247,Gato Glacier White,,,3.03
5200020808,Gatorade,,,3.03
5200032481,Geto,,,3.03
5200032486,Gato Glacier,,,3.03
5200032866,GATORAD 20FL,,,3.03
5200032867,Gato,,,3.03
5211600503,Ammunition Cabernet Sauv,750 ml,Single,24.19
5212100808,Shibui Pure Malt Whisky,750 ml,Single,31.45
5216500637,Masciarelli Montepulciano,1.5 Lt,Single,30.24
5224512271,Weihenstphaner,12 Oz,6-Pack,19.35
5226000420,The Buccared Dead Drift Red Blend,750 ml,Single,14.51
5244400303,Bully Boy ,750 ml,,52.02
5252900327,Juliette Rose ,750 ml,,7.25
5283210481,Campo Viejo Rioja Rsv,750 ml,Single,16.93
5283210489,G.H.Mumm Brut,750 ml,,66.54
5283210538,Campo Viejo Gran Rsv,750 ml,Single,31.45
5283210585,Campo Veijo Cava Brut,750 ml,,18.14
5283210617,Dead Bolt Red Blend - ,750 ml,,12.09
5283210625,Campo Viejo Temp 2011 ,750 ml,,14.51
5283210631,Dead Bolt White - ,750 ml,,6.04
5293510001,7 Deadly Zins ,750 ml,,21.77
5293510006,Earthquake Cab ,750 ml,,29.03
5293510033,MD Freak Show Cab - ,750 ml,,25.40
5308600800,Fitwine Cab/Sauv ,750 ml,,18.14
5308600802,Fit Wine Pinot Noir,750 ml,,20.56
5308600803,Fit Vin Sauvignon Blanc 750Ml,750 ml,,18.14
5308600807,Fit vin Pinot grigio ,750 ml,,18.14
5308600827,Fitwine Red Zinfandel,750 ml,Single,12.09
5308600835,Fit Wine Hldy Gift,750 ml,2 PCK,42.34
5322200602,Spytail Ginger Rum ,750 ml,,7.25
5322200603,Spytail Ginger Rum ,1.75 Lt,,12.09
5327800707,Cantera Repo,750 ml,,64.12
5327800708,Cantera Negra Silver,750 ml,,56.86
5327800709,Cantera Cafe,750 ml,,44.76
5350700002,Aviation Gin,750 ml,Single,36.29
5355300480,Thim Isl Sea Mist Ipa,16 Oz,4-Pack,13.30
5364600422,Gran Baron Brut,187 ml,,3.62
5370600203,Butter Chardonnay,750 ml,,20.56
5370600242,Serial Cab. Sav. Paso Robles,750 ml,Single,24.19
5370600252,Butter Cabernet,750 ml,,21.77
5370600253,Butter Bubbles Chardnnoy,750 ml,,20.56
5375900042,Southern Tier Frosted Sugar Cookie,12 Oz,4-Pack,17.53
5386800602,Banshee Pinot Noir,750 ml,Single,24.19
5386800605,Rickshaw Pinot Noir,750 ml,Single,12.09
5391500826,OLD SMOKYJAVA ,50 ml,,3.41
5391500828,OLD SMOKYBUTTER PICON ,50 ml,,3.64
5391500842,OLE SMOKY RASBERRY,750 ml,,32.66
5391500843,Ole Smoky Black Berry,750 ml,,32.66
5391500879,Ole Smokey Moon Shine Strw,7 Oz,,32.66
5391500899,Ole Smoky Banana Pudding,750 ml,,32.66
5397100403,Cleveland Bourbon Whiskey,750 ml,Single,30.24
5397100420,CHRISTMAS WHISKEY ,750 ml,,43.55
5407600666,Outlaw Light Beer,12 Oz,6-Pack,7.25
5407600699,Outlaw Light Beer Cans,12 Oz,24-Pack,29.03
5413200717,Skyline Vodka,1.75 Lt,Single,16.93
5413200727,Skyline Vodka,750 ml,Single,10.88
5420700395,Mosolo Pinot Noir ,750 ml,,8.46
5420700396,Mosolo Pinot Noir ,1.5 Lt,,13.30
5435500068,Cavalos Douro - ,750 ml,,18.14
5435501062,Pocas Ruby Porto - ,750 ml,,18.14
5439600500,High West Double Rye ,750 ml,,45.97
5439600522,High West Bourbon ,750 ml,,45.97
5452700022,NB Fat Tire Amber - ,,6-Pack,12.09
5452700024,NB Fat Tire Amber -  Box,,12-Pack,22.76
5452700421,New Belgium Rampant - ,,6-Pack,14.87
5452700470,New Belgium Varity Pack,12 Oz,12-Pack,24.19
5452700599,Voodoo Imp,12 Oz,Single,2.41
5452700991,N. Bel Voodoo Imp,12 Oz,12-Pack,22.98
5452701021,Voodoo Renger Ipa,,,3.64
5452701070,Voodoo Ranger Hoppy Pack,12 Oz,12-Pack,24.19
5452701105,Voodoo Ranger Juice Haze Ipa,,Single,3.64
5452701137,Voodoo Ranger Juicy Haze,12 Oz,12-Pack,24.19
5452701171,Voodoo Ranger Ipa,20 Oz,,3.64
5452701202,Voodoo Ranger Juice Ipa,,12-Pack,24.19
5452701207,Voodoo Renger Fruit Force,,,3.64
5452701227,Voodoo Ranger Tropic Force,20 Oz,,3.64
5452701277,Voodoo Ranger Black ,19OZ,Single,3.64
5462800605,OLD SMOKY HUNCH PUNCH,,,3.64
5462800613,Ole Smoky Salty Carmel Whisky,750 ml,,30.24
5462800615,Ole Smoky Cookies & Cream,750 ml,,32.66
5462800672,BUTTER PICON ,750 ml,,32.66
5462800695,Ole Smoky  Orange,750 ml,,36.29
5516500507,Meiomi Pinot Noir - ,750 ml,,24.19
5520000528,BuzzBallz Peach,,,4.83
5520000551,Buzz Ball Lemon Tea,187 ml,Single,4.83
5520000552,Buzz Ball Grape Gone Wild,,,4.83
5520000554,Buzz Ball Watermelon,,,4.83
5535200807,Athletic Upside Dawn Golden,12 Oz,6-Pack,14.51
5557742023,Gatorade,,,3.03
5557742026,Gatorade lime,,,3.03
5570900030,Jeffersons Bourbon,,,47.18
5573800011,Jam Jar Red Blend,750 ml,,12.09
5573800066,Jam Jar white ,750 ml,,12.09
5588000802,On The Rocks Old Fashioned 375,,,15.72
5588000805,On the Rocks Cosmo ,375 ml,,15.72
5588000808,On the Rocks Pine ,375 ml,,15.72
5588000811,On the Rocks Marg ,375 ml,,15.72
5588000814,ONTHEROCKS,,,15.72
5588000817,On the Rocks Aviation ,375 ml,,15.72
5588000836,ON THE ROCKS,,,15.72
5588000842,ON THE ROCKESPRE.MARTINI,,,15.72
5588000845,Onthe Rocks White Negroni,375 ml,Single,7.25
5595600013,Prestige  Box,,6-Pack,12.09
5.60021E+12,Licor 35 Pastel Nata,700 ML,,30.24
5.60021E+12,Dory Adegamae,750 ml,Single,13.30
5.60022E+12,Red Blend Portugal By Casa,750 ml,Single,9.67
5.60031E+12,Paxis Red Blend - ,750 ml,,12.09
5.60031E+12,Paxis White Blend,,,12.09
5.60039E+12,Ciconia Red - ,750 ml,,10.88
5.60039E+12,CICONIA SWEET ,750 ml,,10.88
5.60039E+12,CICONIA TOURIGA ,750 ml,,10.88
5.60077E+12,Spyland Red Blend,750 ml,,20.56
5.6008E+12,Porrais Signature Red,750 ml,Single,15.72
5601100401,ole smoky white ,750 ml,,30.24
5601100402,Ole Smokey Cherries - ,750 ml,,30.24
5601100407,HUNCH PUNCH ,750 ml,,30.24
5601100415,Ole Smoky Apple pie ,50 ml,,3.41
5601100418,Ole Smoky White Lighting ,50 ml,,3.41
5601100419,Moon Shine  Shine Nog,50 ml,,3.64
5601100421,Moonshine Shine Nog,750 ml,,32.66
5601100486,Moonshine,750 ml,,32.66
5601100498,Old Smokey Apple Pie - ,750 ml,,30.24
5.60115E+12,Sagres ,12 Oz,6-Pack,13.30
5.60117E+12,MONTANHA ANIZ,,,20.56
5.60117E+12,MONTANHA BAGACEIRA,,,26.61
5.60117E+12,MONTANHA AMENDOA,,,18.14
5.60119E+12,BARROS PORTO,,,20.56
5.60121E+12,Quinta Da Garrida - ,750 ml,,12.09
5.60138E+12,Terras Del Rei  Red - ,750 ml,,12.09
5.60145E+12,Pavao Sangria,750 ml,Single,9.67
5.60161E+12,Claustru's Tawney - ,750 ml,,15.72
5.60166E+12,SAODOMINGOS 1L,,,26.61
5.60201E+12,Alecrim Tinto - ,750 ml,,12.09
5.60201E+12,Alecrim Branco - ,750 ml,,12.09
5.60204E+12,Pirolito White - ,750 ml,,6.04
5.60204E+12,Licor Beirao,750 ml,,25.40
5.60242E+12,LISBOA VINHO ,750 ml,,10.88
5.60242E+12,Lobos white - ,750 ml,,10.88
5.60242E+12,LOBOS ,750 ml,,10.88
5.60379E+12,CORTES DE CIMA,,,24.19
5.60442E+12,Macieira ,750 ml,,26.61
5.60442E+12,Eximius Tinto - ,750 ml,,10.88
5.60442E+12,Aibyria Vinho - ,750 ml,,10.88
5.60458E+12,Cabriz  Doc Dao ,750 ml,,10.88
5.60458E+12,CABRIZ RED ,750 ml,,12.09
5.60458E+12,cabriz rose ,750 ml,,10.88
5.60458E+12,Cabriz Special Edition,750 ml,,30.24
5.60458E+12,CABRIZ ,750 ml,,12.09
5.60557E+12,BARAO RUBY,,,13.30
5.60557E+12,Barao Tawny,,,14.51
5606500203,deep eddyvodaka ,750 ml,,22.98
5606500208,deepeddy ruby red ,750 ml,,24.19
5606500211,Deep Eddy Ruby - ,50 ml,,1.71
5606500227,Deep Eddy Limon ,750 ml,,22.98
5606500240,Deep Eddy Lemon - ,50 ml,,1.71
5606500241,Deep Eddy Lemon - ,750 ml,,24.19
5606500243,Deep Eddy Lemon ,1.5 Lt,,38.71
5611800103,Armenian Brandy Fish,375 ml,,48.39
5611800106,American Brandy Bucking Horse ,375 ml,,43.74
5611800107,Diamond  Brandy,750 ml,,43.55
5611800112,Armenian Brandy Sword ,750 ml,,60.49
5613700615,BESO DEL SOL,,,15.72
5628200531,Widow Jane 10y - ,750 ml,,84.69
5636800722,American Rebel Light,16 Oz,6-Pack,14.51
5644200500,Bib tucker burbon ,750 ml,,60.49
5654300282,Ripe Bar Juice Margarita,750 ml,,14.51
5654300287,Ripe Cosmopolitan,750 ml,,14.51
5654400706,Lord Hobo Doom Sauce,16 Oz,4-Pack,18.14
5654400742,Boom Sauce ,,4-Pack,18.14
5654400788,Lord Hobo Bodacious Ipa,16 Oz,4-Pack,18.14
5659200603,Blood Sweat Tears ,750 ml,,24.19
5659200604,Puncher's Chance ,750 ml,,36.29
5663200481,Bronx Brewery,16 Oz,4-Pack,18.14
5672400601,Casamigos Anejo ,750 ml,,93.16
5672400602,Casamigos Anejo Teq,375 ml,Single,41.13
5672400610,Casamigo blanco 1L,,,78.64
5672400611,Casamigo blanco ,750 ml,,62.91
5672400612,Casamigos Blanco ,375 ml,,33.87
5672400613,CASAMIGOS ,50 ml,,6.04
5672400614,CASAMIGO BLANCO 1.75ML,,,133.09
5672400620,CASAMIGOS REPOSADO LITER,,,87.11
5672400621,CASAMIGOS REP ,750 ml,,70.17
5672400622,Casamoigos Reposado ,375 ml,,38.71
5672400623,Casamigos Reposado ,50 ml,,7.25
5672400624,Casamigos Repo 1.75,,,140.35
5672400632,Casamigo ,750 ml,,85.90
5672400633,CASAMIGO MESCAL,,,91.95
5672400643,Casamigos Mescal,375 ml,,37.50
5673600200,Beau Joie Brut,750 ml,Single,120.99
5688100417,Blue Chair Bay Coco - ,750 ml,,33.87
5688100427,Blue Chair Banana Rum - ,750 ml,,33.87
5688100440,BLUE CHAIR LIME ,750 ml,,33.87
5688100467,blu chair mango ,750 ml,,33.87
5695000801,Fundaaor Brandy,750 ml,,22.98
5695000802,Fundador Brandy,1 Lt,Single,30.24
5695000803,Harveys  Cream,375 ml,,14.51
5695000804,Harveys Bristol Cream,750 ml,Single,24.19
5698100009,Ron Barcelo Anejo,1.75 Lt,,36.29
5698100010,Ron Barcelo ,750 ml,,21.77
5698100016,Barcelo  Grand Anejo,1.75 Lt,,39.92
5698100017,barcelo anejo 750,,,25.40
5698100032,Ron Barcelo Blanco ,750 ml,,24.19
5705000505,Aviation Gin,50 ml,Single,4.83
5706100823,Firefly Red Latern,16 Oz,4-Pack,18.14
5711500700,Lucien Albrecht,750 ml,,24.19
5716400201,Punzone Lemoncino 1L,,,10.88
5751000731,East Rock Pilsner,12 Oz,6-Pack,14.51
5751000733,East Rock Lager,12 Oz,6-Pack,14.51
5755200840,Bardstown Rye Bourbon,750 ml,Single,70.17
5755200861,Green River Rye,750 ml,Single,48.39
5764100210,Buzzball,,,4.83
5764100214,BuzzBallz Lime rita,,,4.83
5764100229,Buzzballz Colada,,,4.83
5764100265,BuzzBallz Strawberry,,,4.83
5764100289,Buzz ball chocalate,,,4.83
5766000462,Luna Di Luna  ,1.5 Lt,Single,19.35
5766000496,Voga Prosecco,750 ml,Single,14.51
5767400788,Buzzball Mango,187 ml,Single,4.83
5767400790,Buzzballz Eggnog,187 ml,,4.83
5767400798,Buzzball Blue,187 ml,Single,4.83
5768000101,Shannon Ridge Cabernet Sauvignon,750 ml,Single,16.93
5768000108,Shannon Ridge Chard ,750 ml,,16.93
5774400131,Josh Cabernet Sav ,750 ml,Single,18.14
5774400132,Josh Chardonnay - ,750 ml,,18.14
5774401115,Josh Merlot - ,750 ml,,18.14
5784610096,PRIMARIUS PINOT NOIR,,,19.35
5785500431,Backeast Cream,16 Oz,4-Pack,18.14
5785500433,Back East Summer Ale,,,3.63
5785500440,Backeast Double Scoop ,16 Oz,4-Pack,22.98
5785500447,Backeast Peanut,16 Oz,4-Pack,22.98
5789170010,Treana Red,,,60.49
5789172091,Paso Robles Cab 750Ml,750 ml,,24.19
5792100600,Pure Scot Scotch Whisky,750 ml,Single,12.09
5793200700,Mr.Black Coffee Liqueur,750 ml,,38.71
5797300329,Captain DAughter ,16 Oz,,20.56
5801800704,Black Girl Magic Riesling,750 ml,Single,24.19
5801800710,Black Girl Red Blend ,750 ml,,30.24
5801800715,black girl rose ,750 ml,,24.19
5820200392,Whip Shots Vanilla,200 ml,,20.56
5820200393,Whip Shot Vanilla,375 ml,,29.03
5820200395,Whip Shots Caramel,200 ml,,20.56
5820200396,Whip Shot Caramel,375 ml,,29.03
5820200398,Whip Shots,200 ml,,20.56
5823200777,Sagamore 8-Years,750 ml,Single,108.89
5849700505,Crios Malbek,750 ml,,13.30
5861200314,Downeast Variety 9pk,,9 PACK,26.61
5861200330,Downeast Peach Mango,12 Oz,4-Pack,15.72
5861200331,Downeast Cider  cans,12 Oz,4-Pack,15.72
5861200335,Downeast Unfilter,12 Oz,4-Pack,15.72
5861200350,Downeast blue ,,4-Pack,19.35
5861200355,Downeast Donut Cider ,,4-Pack,15.72
5861200389,Downeast Berry Mixed Pack,,9 PACK,26.61
5861200393,Down East Srawberry,12 Oz,4-Pack,15.72
5866600304,Monte Velho White,750 ml,,13.30
5866600310,MONTE VELHO 750,,,13.30
5866600318,Monte Velho ,1.5 Lt,,24.19
5875100210,Fun Wine Sangria,,,2.41
5875100212,Fun Wine Coco Chard,,,2.41
5896200409,Papi Pinot Grigio,750 ml,,10.88
5896200413,Papi Pinot Noir,750 ml,,10.88
5896200486,Papi Pink Moscato,750 ml,,10.88
5.9078E+12,Kijafa Cherry,750 ml,Single,21.77
5910500469,Spiked Cooler Cranberry,7 Oz,Single,3.62
5910500470,Spiked Cooler Lemonade,7 Oz,Single,3.62
5910500473,Spike Crenberry,200 ml,8-Pack,24.19
5910500474,Spiked Cooler Lemonade,7 Oz,8-Pack,24.19
5.94208E+12,Legendary Cab Sauv ,1.5 Lt,,13.30
5.94208E+12,Legendary Pinot Nior - ,1.5 Lt,,13.30
5.94208E+12,Legendary Chard ,1.5 Lt,,13.30
5.94208E+12,Legendary Pinot Grigio +Tax,1.5 Lt,,13.30
5.94208E+12,Legendary Sauv Blanc - ,1.5 Lt,,13.30
5.94208E+12,I AM Cab- ,750 ml,,12.09
5948100388,GEN5 ANCESTRAL RED,,,15.72
5957678641,Berlinetta Oktober Fest,12 Oz,4-Pack,18.14
5977500123,Chocovine,,,19.35
5988900600,Quinta Cabernet Sauv,750 ml,,60.49
6000034821,Penelope 112Pf,750 ml,,84.69
6000034822,Penelope 94Pf,750 ml,,72.59
6000034823,Penelope 113Pf,750 ml,,90.74
6000108334,Brazilian Brut ,750 ml,,36.29
6000135985,The Big Red Monster,750 ml,,31.45
6000137429,Noca Boozy Iced Tea,12 Oz,12-Pack,22.98
6000186721,LOVER BOYHIBISCUS POM ,,6-Pack,16.93
6000186723,LOVER BOY LEMONTEA,,,16.93
6000186725,LOVER BOY W.TEA PEACH,,,16.93
6000188570,rencho gloria peach ,,4-Pack,13.30
6000297724,North Vibes Pineapple Orange,355 ML,4-Pack,20.56
6000297725,North Vibes Blackberry Mango,355 ML,4-Pack,20.56
6000297726,North Vibes Raspberry Lemon,355 ML,4-Pack,20.56
6000330160,loyal lemon  can,,4-Pack,15.72
6000330165,Loyal Watermelon ,,4-Pack,15.72
6000330167,LOYAL ORANGE CAN,,4-Pack,15.72
6000362349,RANCH WATER,,12-Pack,22.98
6000402360,Husky Hops Hazy Ipa,16 Oz,4-Pack,20.56
6000443861,Condesa Gin Orange Blossom,,,48.39
6000443865,Condesa Gin Classica,750 ml,Single,48.39
6000527786,LONG DRINK VARIETY ,,8-Pack,26.61
6000532394,Mom Water Lemon & Bluebr,12 Oz,4-Pack,14.51
6000532398,Mom Water Squad Veriety,12 Oz,8-Pack,25.40
6000550655,Cann Blood Orange Cardamon,355 ML,4-Pack,20.56
6000550656,Cann Lemon Lavender,355 ML,4-Pack,20.56
6000550657,Cann Grapefruit Rosemary,355 ML,4-Pack,20.56
6000550658,Cana Thc ,12 Oz,4-Pack,18.14
6000624803,Island District Aloe Water Honey,12 Oz,4-Pack,14.51
6000717990,Viva Tequila Huckleberry,355 ML,4-Pack,18.14
6000717991,Viva Tequila Grapefruit,355 ML,4-Pack,18.14
6000717994,Viva Tequila Variaty,355 ML,8-Pack,35.08
6000717995,Viva Tequila Jalapeno,355 ML,4-Pack,18.14
6000792878,Bluebird Hw Vodka Variety,355 ML,Single,24.19
6000799414,Long Drink Mid Summer,12 Oz,8-Pack,26.61
6000799416,Long Drink ,12 Oz,8-Pack,24.19
6000799419,Long Drink Peach,,6-Pack,19.35
6000814121,Skrewball Peanut Butter,1.75 Lt,Single,48.39
6000847335,Mom Water Susan Citrus,12 Oz,4-Pack,14.51
6000847340,Mom Water Susan Straweberry & Kiwi,12 Oz,4-Pack,14.51
6000847346,Mom Water Vacation Veriety,12 Oz,8-Pack,25.40
6000964314,Brtty Booze,12 Oz,4-Pack,20.56
6001047458,Libelula Anejo,750 ml,Single,60.49
6001069583,Beat Box,500 ml,,6.04
6001073730,Big Sipz Purple Punch,200 ml,Single,4.83
6001073732,Big Sipz Hard Lemonade,200 ml,Single,4.83
6001073736,Big Sipz Purple Punch,355 ML,Single,4.83
6001075110,Bluebird Hw Tequila Variety,355 ML,Single,24.19
6001075130,The Barker Company Espresso Martini,200 ml,Single,8.46
6001075137,Barker Espresso Martini 40 Proof,700 ML,Single,36.29
6001078110,Libelula Blanco,1 Lt,Single,32.66
6001078111,Libelula Tequila,1.75 Lt,,60.49
6001079382,Long Drinks Midnight Sun,12 Oz,8-Pack,25.40
6001079386,Long Drink Zero Sugar Variety Pack 12Pk,12 Oz,12-Pack,33.87
6001137470,Gush Pear Juice,,,4.83
6001298681,Ozama Ron Dominicano Blanco,700 ML,Single,35.08
6001298682,Ozama Ron Dominocano Anejo,700 ML,Single,36.29
6001298683,Ozama Ron Dominicano Gran Anejo,700 ML,Single,54.44
6001338200,Long Drink Traditional Citrus,20 Oz,Single,4.83
6001338201,Long Drink Zero Sugar Citrus,20 Oz,Single,4.83
6001338202,Long Drink Strong Citrus,20 Oz,Single,6.04
6001338206,Long Drink Pineapple ,,6-Pack,19.35
6001400070,Water ,16 Oz,Single,1.51
6005700160,Work Horse IPA ,,4-Pack,15.72
6005700163,Counter Weight Crucial,16 Oz,4-Pack,18.14
6005700167,Megateon 4Pk Can,16 Oz,4-Pack,19.35
6026500240,SKREWBALL BUTTER,750 ml,,31.45
6026500242,Skrewball,50 ml,,3.64
6026500245,Screwball pint,,,19.35
6026500247,skrewball ,200 ml,,13.30
6027200143,Long Drink Zero Sugar,,,19.35
6027200144,Long Drink Zero Sugar  cans,,6-Pack,19.35
6027200146,Long Drink,,,3.41
6027200147,LONG DRINK STRONG CAN,,6-Pack,22.98
6027200148,Long Drink Cranberry,12 Oz,6-Pack,19.35
6045752980,Jaguar Blanco,750 ml,,60.49
6045764086,Jaguar Reposado,750 ml,Single,67.75
6080900023,Villa Chiopris Sauv Blanc 750m,750 ml,,16.93
6080900112,Livon Pinot Grigio ,750 ml,,21.77
6136900018,Litchfield Straight Bourbon,750 ml,Single,70.17
6151800265,Gloria Strawberry,1.5 Lt,Single,19.35
6160200041,Gray Whale Gin,750 ml,,39.92
6242507855,Jack Abby's house Lager ,,6-Pack,12.09
6317700013,Forever Ever   can,16 Oz,4-Pack,22.98
6317700017,Other Half Green City,16 Oz,4-Pack,24.19
6318800069,Apocalypto Rep - ,750 ml,,48.35
6323680411,Bad Sons ,16 Oz,4-Pack,19.35
6387800248,Amarula,750 ml,,34.47
6395500008,Xxl Sparkling Moscato,750 ml,Single,18.14
6395500009,Xxl Sparkling Rose ,750 ml,Single,18.14
6395500035,Xxl Orange,750 ml,,13.30
6395501300,Xxl Mango,750 ml,,13.30
6395501400,Xxl Pineapple,750 ml,,13.30
6395501500,Xxl Peach,750 ml,,13.30
6395501600,Xxl Strawberry,750 ml,,13.30
6395501700,Xxl Apple,750 ml,,13.30
6395501800,Xxl Guava,750 ml,,13.30
6395501900,Xxl Cherry,750 ml,,13.30
6395502000,Xxl Blackberry,750 ml,,13.30
6395541122,La Forcine Sauv Blanc - ,750 ml,,13.30
6395550200,sweet simplicity-,750 ml,,12.09
6395552257,Covalli Barolo ,750 ml,,30.24
6395552300,Covalli Brut - ,750 ml,,14.51
6395552310,Covalli Prosecco X.Dry - ,750 ml,,14.51
6395553200,Cinta Montepulciano - ,750 ml,,12.09
6395553220,CINTA PROSECCO ,750 ml,,12.09
6395562181,EA white ,750 ml,,10.88
6395562321,EA RED WINE-,750 ml,,10.88
6395563271,Cortes De Cima Red Wine ,750 ml,,24.19
6395569320,Seaside Vinho Verde Rose,,,9.67
6395569321,Seaside Vinho Verde - ,750 ml,,9.67
6395569322,Seaside ,1.5 Lt,,13.30
6395591900,V. Palaciega Chardonnay - ,1.5 Lt,,7.25
6395592100,Vina Palaciga Malbec,1.5 Lt,,12.09
6.41586E+12,Questa Sangria - ,1.5 Lt,,13.30
6422744638,Xxl Extreme,750 ml,Single,16.93
6.43004E+12,Tom of Finland ,750 ml,,39.92
6.44E+12,Finlandia Vodka,750 ml,Single,26.61
6457700005,Maresina Prosecco ,750 ml,,8.46
6479320031,Sweet Casal Garacia Branco,750 ml,Single,12.09
6479320830,Casal Garcia Vinho Verde,750 ml,Single,12.09
6479321333,Aveleda,750 ml,Single,10.88
6479321553,Aveleda Vinho Verde,1.5 Lt,Single,15.72
6479332830,Casal Garcia Rose,750 ml,Single,12.09
6479335130,Casal Garcia Vino Tinto,750 ml,Single,12.09
6479336031,Casal Garcia Sangria,750 ml,,10.88
6479600010,Bella Union Cab,750 ml,Single,72.59
6480400037,Espolan  Blanco,375 ml,,22.98
6480400038,Espolon 375Ml,375 ml,Single,24.19
6480400059,Espolon Cristalino,,,96.79
6480400069,Espolon Flor De Oro,750 ml,,58.07
6480400079,Espolon Blanco,375 ml,Single,12.09
6480400084,Espolon Reposado ,200 ml,Single,13.30
6480400135,Espolon ,1.75 Lt,,68.96
6480400136,Espolon Reposado,1.75 Lt,,72.59
6483800012,Liberated Pinot Nior - ,750 ml,,24.19
6485800001,Aquardiente Red - ,375 ml,,13.30
6485800002,Aguardiente Red - ,750 ml,,22.98
6485800006,Aguardiente - 1L,,,30.24
6485800011,Aguardiente Blue - ,750 ml,,24.19
6485800012,Aguardiente Blue - ,200 ml,,14.51
6485800018,Aguardiente Sin Azucar - 1L,,,30.24
6485800019,AGUARDIENTE ANTIOQUERIO,,,47.18
6485800032,AGUAR.GREEN ,750 ml,,24.19
6485800034,AGUARDIENTE SIN AZUCAR ,1.75 Lt,,47.18
6485810001,RONMEDELLIN ,375 ml,,13.30
6485810002,Ron Medalin -,750 ml,,21.77
6485810010,Ron medellen 8yrs. ,750 ml,,30.24
6485810011,Ron medellin 12yrs,,,41.13
6520375170,Murphy Monico Irish Cream,750 ml,Single,12.09
6541528682,Fabrizia Pistachio,750 ml,,26.61
6.57226E+12,Thank You Bag ,,,2.41
6626292651,TALBOTT CHARDONNAY,750 ml,Single,22.98
6632500031,Headway ipa ,,4-Pack,16.93
6642700338,Twisted Buttery Nipple - ,,4-Pack,9.06
6642700342,Twisted Porn Star - ,,4-Pack,9.06
6642700344,Twisted Sex On the Beach - ,,4-Pack,9.06
6642700376,Woodstock Hot Licks - ,750 ml,,20.56
6642700431,Woodstock Choc  - ,750 ml,,20.56
6642700529,Suck It Up,,4-Pack,9.06
6642700533,Razzle Dazzle  ,,4-Pack,9.06
6642700535,Twisted Shotz,,15-PACK,30.24
6.64858E+11,Aguar Green Antioqueno,750 ml,,24.19
6763600001,Fisher Island ,12 Oz,,21.77
6810100036,Wrench indust ,16 Oz,4-Pack,20.56
6.85701E+12,MARIE BRIZARD ANISETTE ,750 ml,,24.19
6884800001,Lawson's Sip of Sunshine ,16 Oz,4-Pack,20.56
6900000261,Pepsi 2L,2 L,Single,4.22
6900000425,Pepsi,,,1.51
6903700034,Babe Grigio,200 ml,4-Pack,15.72
6957601922,Decoy Pinot Noir ,750 ml,,26.61
6957601926,Decoy Cab,,,26.61
6957601934,Duckhorn Napa Velly,,,72.59
6961104759,Sonoma Cutrer Russian River Chardnonnay,750 ml,Single,32.66
6967100031,Rancho Gloria Marg ,,4-Pack,13.30
6967100034,Rancho Gloria Marg Sgl,,,3.13
6967100035,Rancho Gloria Straw Marg sgl,,,3.13
6967100037,Rancho Gloria Straw Marg ,,4-Pack,13.30
7000301803,Diamarine Rose,750 ml,Single,15.72
7013711265,Black & Mild Jazz,,,1.44
7031001244,Seagrams Varity Can,12 Oz,12-Pack,21.77
7031001729,Seagrams Blueberry Lemonade,12 Oz,4-Pack,8.46
7033060006,BIC Lighter,,,2.12
7065590130,Mr & Mrs. T Bloddy Mary - 1L,,,7.25
7065591230,sweet&sour ,750 ml,,7.25
7065593030,Mr & Mrs.T Mai Tai - 1L,,,7.25
7065594730,Mr & Mrs.T Strawberry - 1L,,,7.25
7065595030,Mr & Mrs.T Whiskey Sour - 1L,,,7.25
7065596030,Mr & Mrs T. Pina - 1L,,,7.25
7066100801,Oysterbay Chardonnay,750 ml,,16.93
7066100802,OysterBay Sauv Blanc - ,750 ml,,16.93
7066100805,Oyster Bay Rose,750 ml,,16.93
7066100816,Oyster Bay,750 ml,,16.93
7084703308,MONSTER ULTRA,,,3.41
7084781116,Monster Green ,16 Oz,,3.63
7084781117,Monter Energy 4-Pack,,4-Pack,13.30
7084781126,Monster Lo-Carb,,,3.63
7089701331,Foster Big Cans - 25oz,,,3.81
7089718331,Foster Premium Ale 25.4oz Cans,,,3.81
7125000019,Colt 45 40oz,,,4.34
7125040205,cOLT 45 24OZ,,,2.44
7143900033,Rolling Rock ,12 Oz,6-Pack,9.67
7143945118,Rolling Rock ,,18-Pack,21.73
7143945712,Rolling Rock Bottles,12 Oz,12-Pack,20.56
7153702004,Polar Club - 1L,,,3.03
7153702012,Polar Tonic - 1L,,,3.03
7153702020,Polar Seltzer - 1L,,,3.03
7153702034,Polar Seltzer Lemon - 1L,,,3.03
7153702035,Polar Lime - 1L,,,3.03
7167004049,Kingfisher Prem,12 Oz,6-Pack,16.93
7199000047,Coors Banquet Can,12 Oz,12-Pack,18.14
7199000048,Coors Light,12 Oz,12-Pack,18.14
7199000104,Blue Moon No Alcohoic,12 Oz,6-Pack,13.30
7199000114,Blue Moon,20 Oz,Single,4.43
7199009516,Bluemoon Bottles,12 Oz,12-Pack,22.98
7199009527,Coors Light Aluminium,16 Oz,15-PACK,26.61
7199010033,Coors Golden ,12 Oz,30-Pack,38.71
7199017028,Coors Banquet,12 Oz,6-Pack,9.67
7199017037,Coors Banquet Bottles,12 Oz,12-Pack,18.14
7199030009,Coors Light,7 Oz,6-Pack,7.85
7199030017,Coors Light 18Pk Can,12 Oz,18-Pack,24.19
7199030030,Coors Light  ,12 Oz,30-Pack,38.71
7199030042,Coors Light,40 Oz,Single,4.84
7199030065,Coors Light Can,24OZ,Single,3.62
7199030069,Coors Light Bottles,12 Oz,12-Pack,18.14
7199030079,Coors Light Bottles,12 Oz,24-Pack,31.45
7199030103,Coors Light Alum,16 Oz,Single,2.26
7199031600,Coors Light  ,12 Oz,24-Pack,31.45
7206303301,White Rock Club Soda,1 Lt,Single,3.03
7206303326,White Rock Seltzer,1 Lt,Single,3.03
7213055001,Narragansetts,16 Oz,6-Pack,14.51
7231113021,SOL- bottle,,6-Pack,11.48
7231113302,Pilsnerurquell,16 Oz,4-Pack,12.03
7231123012,Dos Equis Bottles,12 Oz,12-Pack,21.01
7231123021,sol ,,12-Pack,20.93
7248002416,Schaefer,12 Oz,30-Pack,26.63
7258700117,Rocca Ner - ,750 ml,,8.46
7276200014,Mi Amore Red  - ,750 ml,,14.51
7276200015,Mia Amore White  - ,750 ml,,14.51
7276200016,Mi Amore Rose ,750 ml,,14.51
7289000016,Heineken Bottles,12 Oz,12-Pack,22.98
7289000020,Heineken Can,12 Oz,12-Pack,22.98
7289000027,Heineken  ,12 Oz,24-Pack,42.34
7289000031,Heinekn 24 Pk,12 Oz,24-Pack,42.34
7289000083,Heineken ,16 Oz,4-Pack,9.67
7289000119,Heineken 24oz Can,,,4.49
7289000152,Heineken ,,18-Pack,32.66
7289000159,Heineken Light Bottles,12 Oz,12-Pack,22.98
7289000161,Heineken Light Bottles,12 Oz,24-Pack,42.34
7289000174,Heineken 5L Keg,5 Lt,Single,31.45
7289000186,Hein Light  can,12 Oz,6-Pack,13.30
7289000188,Hein light   Cans,,12-Pack,22.98
7289000189,Heineken Light,12 Oz,24-Pack,42.34
7289000478,Heineken 24oz Btl,,,4.83
7289000494,Heineken,12 Oz,18-Pack,32.66
7289000620,HENIEKEN  CAN,16 Oz,6-Pack,13.29
7289000621,Heineken Zero  btls,,6-Pack,13.30
7289000622,Heineken Zero,12 Oz,24-Pack,52.02
7289000654,HEINEK.O  CAN,,12-Pack,22.98
7289000660,Heineken Mini,7 Oz,24-Pack,31.45
7289000666,Heineken Silver,12 Oz,12-Pack,22.98
7289000674,Hein Silver,,6-Pack,13.30
7289000703,Heineken Zero,12 Oz,12-Pack,22.98
7289010016,Amstel Light Bottles,12 Oz,12-Pack,22.98
7289010025,Amsteel Light,12 Oz,24-Pack,42.34
7355092012,The Kyoto Murasaki-Obi Purple,700 ML,Single,96.79
7355092014,Kyoto Whisky Aka Red,700 ML,Single,54.44
7355092026,The Kyoto High Class Gin Blue,700 ML,Single,66.54
7365834280,Ohho Lemon And White Peach,355 ML,Single,18.14
7365834295,Ohho Red Cherry And Lime,355 ML,4-Pack,18.14
7365834312,Ohho Pink Grapefruit,355 ML,4-Pack,18.14
7365834313,Ohho White Peach And Lemon,355 ML,Single,18.14
7365834314,Ohho Blood Orange,355 ML,Single,18.14
7365834325,Ohho Empire Apple,355 ML,Single,18.14
7381111500,Pitu 1Liter Cachca,,,24.19
7409041516,Coco Rico,16 Oz,,3.33
7.41639E+12,Don Fulano Blanco,750 ml,Single,78.64
7.41639E+12,Don Fulano Repo,750 ml,Single,81.06
7.41639E+12,Don Fulano Anejo,750 ml,Single,111.31
7454500002,DON JULIO ,50 ml,,6.04
7454500006,Don Julio Anejo - ,750 ml,,78.64
7454500007,Donjulio Anejo,50 ml,Single,7.73
7454500032,Don Julio 1942 - ,750 ml,,241.99
7454500041,Don Juilo Repos ,750 ml,,72.59
7454500042,DON JULIO REPOSADO ,50 ml,,7.25
7454500059,Don Julio Blanco - ,375 ml,,31.45
7454500060,Don Julio Reposado,375 ml,Single,35.08
7454500061,Don Julio Anejo ,375 ml,,38.71
7454500062,Don Julio Blanco ,1.75 Lt,,108.89
7454500063,DON JULIO 1.75ML REPOSADO,,,128.25
7454500064,Don Julio Anejo 1.75 L,1.75 Lt,Single,139.14
7454500082,donjulio 70 anejo ,750 ml,,90.74
7454500108,Donjulio 1942,1.75 Lt,Single,483.99
7.46074E+12,La Fuerza Red Wine,750 ml,Single,13.30
7.46074E+12,La Fuerza Red Wine,1.5 Lt,Single,24.19
7.46159E+12,Kalembu Mamajuana ,375 ml,,11.37
7475600011,Tommy Gun Vodka ,,,84.69
7480600048,Dailys Simple Syrup,32 Oz,,7.25
7480600049,Dailys Sweetened Lime Juice,32 Oz,,7.25
7480600051,Dailys Strawberrymix,32 Oz,,7.25
7480600059,Dailys Sweet & Sour Mix,32 Oz,,7.25
7480600060,Dailys Pina Colodo Mix,32 Oz,,7.25
7480618410,Dailys Margarita Single,,,2.83
7480618420,Dailys Strawberry single,,,2.83
7480618440,Daily's Pina Colada,,,2.84
7480618610,Daily's Blue Hawaiian,,,2.84
7480618620,Daily's Hurricane,,,2.83
7480618639,Daily's Bahama Mama,,,2.83
7480618830,DAILY PEACH,,,2.83
7480618940,Daily's Jamaican Smile,,,2.84
7480618950,DAILY MANGO,,,2.84
7480691853,Dailys  Blue Ras ,,,2.86
7480691899,Daily's Apple Smash,12 Oz,Single,2.84
7485438055,Nalewka Babuni Crerry,750 ml,,21.77
7.50046E+12,Herodes Mezcal Artesanal,200 ml,Single,6.05
7.50222E+12,Casino Azul Blanco,,,84.69
7.50222E+12,Casino Azul Reposado,,,96.79
7.50301E+12,Baluarte Blanco - ,750 ml,,59.17
7.50301E+12,123 Organic Anejo,750 ml,,96.79
7.50302E+12,Mezcal Union Uno Joven 750Ml,750 ml,Single,41.13
7.50302E+12,los siete misterios ,750 ml,,50.81
7.50302E+12,Mezcal Union El Viejo 750Ml,750 ml,Single,60.49
7.50302E+12,Mayenda Blanco,750 ml,Single,84.69
7.50303E+12,Herodes Mezcal Artesanal Reposado,700 ML,Single,18.14
7.50303E+12,Herodes Mezcal Artesanal Blanco,700 ML,Single,18.14
7572000081,Poland Spring - ,500 ml,,1.51
7.594E+12,Diplomatico Excluciva ,750 ml,,48.39
7.594E+12,Diplomatico Mantuano ,750 ml,,37.50
7615300028,Cast Paggio Mosc Asti - ,750 ml,,19.35
7615300272,ZONIN MOSCATO,750 ml,,8.46
7615300284,Primo Amore Moscato - ,750 ml,,13.30
7615300397,Castello Del Poggio Sau Blanc,750 ml,,14.51
7664190025,Vino Red - ,750 ml,,12.09
7673710723,Everfresh Orange - ,64 Oz,,8.17
7673710724,Everfresh Cran - ,64 Oz,,7.56
7673710763,Ever Fresh Pineapple,64 Oz,,6.35
7673710816,Everfresh Cran - ,32 Oz,,5.45
7673710902,Everfresh Orange - ,32 Oz,,5.45
7673712230,Everfresh Orange - ,16 Oz,,3.33
7673712232,Everfresh Apple - ,16 Oz,,3.03
7673712236,Everfresh Fruit Punch - ,16 Oz,,3.33
7673712243,Everfresh Lemonade,16 Oz,Single,3.33
7673712250,Everfresh Ruby - ,16 Oz,,3.03
7673712254,Ever Fresh Kiwi Strawberry,16 Oz,Single,3.03
7673712256,Everfresh Cran - ,16 Oz,,3.33
7673712392,Everfresh Island Puch,16 Oz,Single,3.13
7673712456,Everfresh Pineapple ,16 Oz,,3.33
7673712466,Everfresh Orange,,,3.03
7673720069,Everfresh Pineapple ,32 Oz,,5.45
7735800042,Armenian Brandy Kalashnikov ,375 ml,,48.39
7739700040,Oberon Napa Cabernet,750 ml,Single,33.87
7739700760,Spellbound Prosecco,750 ml,Single,18.14
7.75822E+12,Santiago Queirolo Pisco Acholado,750 ml,Single,33.87
7.75822E+12,Santiago Queirolo Pisco Quebranta,750 ml,Single,33.87
7764490203,MU Esp.Macchiato - ,750 ml,,16.93
7796700106,Sua Red - ,750 ml,,9.67
7796700107,Sua White ,750 ml,,9.67
7.79809E+12,DP Los Cardos Malbec ,750 ml,,12.09
7.79814E+12,Alma Los Andes Malbec - ,750 ml,,16.93
7.79814E+12,CLOS MALBEC,,,18.14
7.7983E+12,Picabuey Malbec ,750 ml,,15.72
7800000161,7Up,20 Oz,Single,3.03
7800011346,Fnata,,,4.24
7800014645,Canada Dry Club Soda,,,3.03
7800015240,Canara Dry Gingerale ,20 Oz,Single,3.33
7800015246,Canara Dry 2L,2 L,Single,4.60
7825000328,Steel Rsv 24oz,,,2.40
7825000334,Steel Res 40oz,,,3.35
7825000624,Steel Reserve,32 Oz,,3.98
7.89114E+12,Sangue De Boi,4 Lt,,8.46
7.89199E+12,Brahma Duplo Malte,12 Oz,12-Pack,29.03
7.89199E+12,Brahma Duplo Malte,12 Oz,12-Pack,29.03
7.896E+12,Cachaca 51 - 1L,,,27.82
7.89607E+12,Cereser Apple  00 Alcool,750 ml,Single,7.25
7.89624E+12,Bananas 750Ml,750 ml,Single,24.19
7.89686E+12,Pergola Sweer Red,1 Lt,,14.51
7.89686E+12,Pergola Sweer Red 750Ml,750 ml,Single,12.09
7.89686E+12,Pergola Medium Dry,750 ml,Single,12.09
7958118400,CALYPSO LEMONADE,,,3.03
7958118401,CALYPSO LEMONADE,,,3.03
7975300212,NUE  VODKA,50 ml,,1.09
8.0004E+12,Averna ,750 ml,,36.29
8.001E+12,La Piazza Sicilia ,750 ml,,10.88
8.00205E+12,Domini Veneti Appassimento 2023,750 ml,Single,14.51
8.00507E+12,Le Contesse Prosecco,750 ml,,16.93
8.00886E+12,Visconti Della Rocca Riserva,750 ml,,13.30
8.01539E+12,Barone Nero Veneto ,750 ml,,13.30
8.01539E+12,Laria Montepulciano ,1.5 Lt,,13.30
8017200111,Mandarin Naga - ,375 ml,,19.35
8017201750,MEZZALUNA VODKA,,,21.77
8017502604,Meletti Anisette - ,750 ml,,33.87
8017502614,Meletti Sambuca - ,750 ml,,31.45
8017511888,La foile du papa ,750 ml,,45.97
8017519474,Al Verdi Pinot Grigio +Tax,1.5 Lt,,16.93
8017519959,Carpineto Brunelo Di Montalcio,750 ml,Single,71.38
8017538989,The Critic Cabernet Savuvignon,750 ml,,26.61
8017549473,Alverdi Cab +Tax,1.5 Lt,,16.93
8017550303,Opici ,3 Lt,,20.56
8017550315,Opici 1.5L,1.5 Lt,,15.72
8017550375,Opici ,750 ml,,8.46
8017551215,Due Torri Pinogrio+Tax,1.5 Lt,,19.35
8017552761,Opici Homemade - 3L,,,24.19
8017553164,LaLuca Prosecco - ,750 ml,,14.51
8017553374,Opici Sangria Box,,,16.93
8017559375,Dogajolo Toscano ,750 ml,,14.51
8017566475,Cesari Amarone Della Valpolicella C,750 ml,Single,60.49
8.01987E+12,Riporta Pg,750 ml,,20.56
8.01987E+12,Riporta Primitivo,750 ml,Single,20.56
8.01987E+12,Riporta Montepulciano,750 ml,Single,20.56
8020301935,Willett Fam Pot Still Rsv-Ct,750 ml,,84.69
8024400203,Blanton Bourbon ,750 ml,,128.25
8024400371,BT Bourbon Cream ,750 ml,,41.13
8024400683,Rock Hill Farms,750 ml,,72.59
8024400921,buffalo trace 1.75ml,,,120.99
8024400923,Buffalo Trace ,750 ml,,60.49
8.02773E+12,Sestano sangiovese ,750 ml,,7.25
8.03264E+12,MONTEBELLO 750,,,14.51
8.03327E+12,Caburnio Toscana ,750 ml,,21.77
8036853300,Barenjager Honey,750 ml,Single,35.08
8036980012,Shipyard Pumpkin  box,12 Oz,6-Pack,15.72
8036980212,Shipyard Pumpkinhead  Box,,12-Pack,20.93
8043200001,Segran Ex Dry Gin,200 ml,,6.64
8043200003,Glenlivet,375 ml,Single,25.40
8043200006,Jameson Cola,12 Oz,4-Pack,9.67
8043200017,Seagram Gin Dry  - ,375 ml,,9.67
8043200021,Olmeca Altos Marg,750 ml,,27.82
8043200066,Chivas Regal 15Yr,750 ml,,61.70
8043200087,The Glenlivet Single Malt  ,750 ml,Single,112.52
8043200101,Royal Salute 21 Years Miami,750 ml,Single,338.79
8043200117,Absolute Vodka Ocean Spray,355 ML,4-Pack,12.09
8043200125,Absolute Ocean Spray Cran,12 Oz,8-Pack,24.19
8043200203,Absolut Ocean Spreay 12Pk Can,355 ML,12-Pack,32.66
8043200211,Jameson Triple Triple,750 ml,,42.34
8043200280,MALIBU MIX PK ,12 Oz,8-Pack,24.19
8043210078,Glenliviet 15yrs ,750 ml,,108.89
8043210086,Seagrams Colada,,,2.12
8043210087,Seagrams Colada ,,4-Pack,8.46
8043210345,Seagrams Jamacan Single,,,2.12
8043210346,Seagrams Jamaican Me Happy,,,8.46
8043210380,Chivas Regal 18 Yr,1 Lt,Single,114.94
8043210404,Chivas Regal 25 Years,750 ml,Single,483.99
8043210726,Jameson Blk Barrel - ,750 ml,,61.70
8043210975,Glenlivet Fndr Resv - ,750 ml,,78.64
8043210976,Glenlivet Nadurra ,750 ml,,134.30
8043210992,Jameson Caskmates - ,750 ml,,58.07
8043210995,civas   extra,50 ml,,3.41
8043211082,Martell Blue Shift ,750 ml,,84.69
8043211084,Martell Blue Swift,375 ml,,35.08
8043211219,Jameson IPA - ,750 ml,,45.97
8043211343,Sandeman Por Aptiv Reserve Wh,750 ml,Single,26.61
8043211561,jamison cold brew ,750 ml,,42.34
8043211576,Glenlivet Caribbean Reserve,750 ml,Single,84.69
8043211733,JAMESON ORANGE ,750 ml,,36.29
8043211741,Avion Reserva Anejo,750 ml,Single,133.09
8043211753,JAMESONGINGER&LIME ,,4-Pack,16.93
8043211779,The Glenlivet  Old Fashioned,375 ml,,25.40
8043231667,Soho Lyche,750 ml,Single,37.50
8043240001,Seagram's Gin - ,50 ml,,1.31
8043240036,Chivas Regal  ,200 ml,,14.51
8043240038,Chivas  - ,375 ml,,25.40
8043240039,Chivas Regal - ,750 ml,,42.34
8043240046,Chivas Regal - ,1.75 Lt,,72.59
8043240048,Chivas Regal 18yrs - ,750 ml,,105.26
8043240052,Chivas Royal Salute 21y ,750 ml,,302.49
8043240063,Glenlivet 12y - ,750 ml,,84.69
8043240066,Glenlivet 18yrs ,750 ml,,241.99
8043240078,Martell Vs ,375 ml,,26.61
8043240081,Martell Vs ,750 ml,,53.23
8043240121,Seagram Gin Dry - ,200 ml,,6.26
8043240123,Seagram Gin Dry ,750 ml,,18.14
8043240126,Seagram Gin Dry - 1.75ML,,,31.45
8043240324,Seagrams Bahama Mama Single,,,2.12
8043240325,Seagrams Bahama Mama ,,4-Pack,8.46
8043240517,Two Lands Chard  - ,750 ml,,12.09
8043250010,Jameson Irish ,50 ml,,3.70
8043250011,Jameson 1L,,,43.55
8043250012,Jameson - ,200 ml,,16.93
8043250014,Jameson - ,375 ml,,25.40
8043250017,Jameson - ,750 ml,,41.13
8043250018,Jameson ,1.75 Lt,,70.17
8043280228,Seagrams  Fuzzy Navel,,4-Pack,8.46
8043280253,Seagrams Strawberry,,,2.12
8043280254,Seagram Straw Daq ,,4-Pack,8.46
8043280287,Seagrams Escapes Black Cherry Fizz,,,2.12
8043280288,Seagrams Cherry Friz ,,4-Pack,8.46
8043280290,Seagrams Escaps Bottles,12 Oz,12-Pack,21.77
8043290022,Sandeman Tawny ,750 ml,,24.19
8043290052,Sandeman Ruby ,750 ml,,24.19
8043290081,Sandeman POrt 10 Years,,,43.55
8043290907,Sandeman porto founders rsv,,,24.19
8048000006,Bombay Sapphire,200 ml,Single,12.09
8048000028,Bacardi Dragon berry - ,375 ml,,12.09
8048000150,Bacardi Spiced Rum,1.75 Lt,Single,31.45
8048000155,Bacardi Oakheart ,50 ml,,1.43
8048000292,D'usse,750 ml,,72.59
8048000293,D'usse vsop ,375 ml,,32.66
8048000383,Bacardi Pineapple - ,750 ml,,21.77
8048000384,Bacardi Pineapple - ,375 ml,,11.37
8048000386,Bacardi Pineapple - ,50 ml,,1.09
8048000469,St. Germain - ,750 ml,,48.39
8048000470,St. German ,375 ml,,18.14
8048000471,St. Germain - ,50 ml,,6.04
8048000486,Bacardi Mando - ,50 ml,,1.09
8048000522,Dewar's 15 Years ,750 ml,,72.59
8048000538,Craigellachie 13 - ,750 ml,,72.59
8048000666,St. Germain - ,375 ml,,26.61
8048000672,Bacardi ,50 ml,,1.14
8048000677,Bacardi Raspberry ,375 ml,,12.09
8048000689,Havana Club Blanco - ,750 ml,,26.61
8048000725,leblon ,750 ml,,37.50
8048000748,bACARDI gOLD-LIMITED,750 ml,,18.14
8048000819,BACADI COQUITO 750,,,27.82
8048001520,Bacardi Silver  - ,1.75 Lt,,25.40
8048001540,Bacardi Silver - ,750 ml,,18.14
8048001560,Bacardi SILVER - ,375 ml,,10.88
8048001570,Bacardi SILVER - ,200 ml,,7.25
8048001580,Bacardi Silver - ,100 ml,,3.41
8048001621,Bacardi Silver  - ,50 ml,,1.88
8048002520,Bacardi Gold ,1.75 Lt,,25.40
8048002540,Bacardi Gold - ,750 ml,,18.14
8048002560,Bacardi Gold - ,375 ml,,10.88
8048002570,Bacardi Gold - ,200 ml,,7.25
8048002621,Bacardi Gold  - ,50 ml,,1.88
8048005540,Bacardi Select ,750 ml,,26.61
8048017000,Cazador Repo ,1.75 Lt,Single,62.91
8048017002,Cazadores Reposado ,750 ml,,40.39
8048017200,Cazadores Blanco,1.75 Lt,Single,48.39
8048017202,Cazadores Blanco - ,750 ml,,42.34
8048022000,ABERFELDY  WHISKEY,750 ml,,67.75
8048023000,Dewars ,1.75 Lt,,52.02
8048023002,Dewars - ,750 ml,,31.45
8048023003,Dewars - ,375 ml,,18.14
8048023005,Dewars -,200 ml,,12.09
8048023007,Dewars ,50 ml,,1.60
8048023102,Dewars Rsv 12yr - ,750 ml,,48.39
8048028000,Grey Goose ,1.75 Lt,,60.49
8048028003,Grey Goose ,375 ml,,21.77
8048028004,Grey Goose ,200 ml,,13.94
8048028103,Grey Goose Orange ,750 ml,,36.29
8048028204,Grey Goose Citron ,750 ml,,36.29
8048030000,Bombay - ,1.75 Lt,,55.65
8048030002,Bombay Gin Dry ,750 ml,,31.45
8048030100,Bombay Sapphire - ,1.75 Lt,,60.49
8048030102,Bombay Sapphire  - ,750 ml,,36.29
8048030103,Bombay Sapphire ,375 ml,,14.51
8048030113,Bombay Sapphire - ,375 ml,,15.72
8048030114,bombay ,200 ml,,12.09
8048035520,Bacardi Limon ,1.75 Lt,,26.61
8048035540,Bacardi Limon ,750 ml,,18.14
8048035560,Bacardi Limon ,375 ml,,11.37
8048035570,Bacardi limon - ,200 ml,,7.68
8048035620,Bacardi Limon - ,50 ml,,2.27
8048040061,Bacardi COCO 175L,,,31.45
8048040063,Bacardi CoCo ,750 ml,,21.77
8048040066,Bacardi Coco ,50 ml,,1.43
8048050540,Bacardi 8y -  ,750 ml,,43.55
8048054560,B&B ,375 ml,,24.19
8048055540,Dom Benedictine Liqueur ,750 ml,Single,52.02
8048098319,D'USSE,200 ml,,21.77
8048098338,BACARDI ANEJO,,,27.82
8048098355,Bacardi Mojito,1.5 Lt,Single,26.61
8048098427,Bacardi Lime ,750 ml,,18.14
8048098428,bacardi mile ,50 ml,,1.20
8048098451,Deware's Caribbean Smooth,750 ml,,29.03
8048098482,Grey goose ,750 ml,,36.29
8048098535,Dewar's Ilegal Smooth ,750 ml,,31.45
8048098542,Bacardi Rum Cocktails Limon,,,14.51
8048098544,Bacardi Rum Cocktail Punch,355 ML,4-Pack,14.51
8048098550,Bacardi Hurricane ,750 ml,,16.93
8048098559,Bacardi Bahama Mama,1.75 Lt,Single,26.61
8048098560,Bacardi Zombie ,1.75 Lt,,25.40
8048098561,Bacardi Hurricane,1.75 Lt,Single,26.61
8048098570,Grey goose lemonade ,750 ml,,36.29
8048098572,Greygoose Basil ,750 ml,,36.29
8048098574,Greygoose peach ,750 ml,,36.29
8048098578,DEWAR'S 15YRS ,50 ml,,5.69
8048098582,DEWAR'S 18YRS ,50 ml,,6.82
8048098587,dewars 12year ,750 ml,,55.65
8048098600,Bombay black ,750 ml,,36.29
8048098606,Dewars Portuguese Smooth ,750 ml,,31.45
8048098626,Bacardi Bahama Mama  can,,4-Pack,14.51
8048098628,Bacardi Mojito  can,355 ML,4-Pack,14.51
8048098641,Bacardi Fruit ,750 ml,,18.14
8048098642,Bacardi fruit ,50 ml,,1.21
8048098643,BACARDI TROPICAL 1.75ML,,,26.61
8048098718,Dewars Japanese Smooth,750 ml,,35.08
8048098767,Bacardi Variety Pack,12 Oz,6-Pack,21.77
8048098773,Angels Envy Gift,,,72.59
8048098778,Angels Envy,375 ml,,33.87
8048098797,Bombay Sapphire Gift Pack,750 ml,Single,41.13
8048098816,Dewars 8Years,750 ml,,30.24
8048098834,Bacardi Mango Chile,750 ml,,18.14
8048098835,Bacardi Mango Chile,50 ml,,1.37
8048098847,Grey Goose Classic Martini Cocktail,750 ml,,26.61
8048098855,Bombay Sapphire Lemon,1 Lt,Single,54.44
8048098863,Cazadores Cafe,750 ml,,36.29
8048098868,Grey Goose Light Gift,1.75 Lt,,60.49
8048098881,Grey Goose Light Gift,1.75 Lt,,60.49
8048098886,Grey Goose - ,750 ml,,36.29
8048098934,Grey Goose Vodka ,50 ml,,6.04
8048098936,D'usse Vsop,1.75 Lt,Single,145.19
8048098957,Angels Envy Triple Oak,750 ml,,120.99
8048099010,Grey Goose  Berry Rouge ,750 ml,,36.29
8.05108E+12,Pasetti ,750 ml,,15.72
8.05141E+12,Zebra Gavi,750 ml,Single,22.98
8051616644,Banfi Rosa Regale ,750 ml,,26.61
8051640694,Chianti Banfi,750 ml,,16.93
8051674934,Rosa Regale,750 ml,,26.61
8056915990,Silver Star Texas Honey,750 ml,Single,15.72
8066000120,1792 small batch ,750 ml,,43.55
8066001011,99 Butterscotch,50 ml,Single,1.43
8066001070,99 pin ,50 ml,,1.43
8066057720,Monte Alban Mazcal,375 ml,Single,18.14
8066057725,Monte Mezcal ,750 ml,,31.45
8066062099,99 Bananas - ,50 ml,,1.43
8066095315,Pacifico Cans,12 Oz,12-Pack,22.98
8066095408,Coronita 24/ Case,7 Oz,,31.45
8066095409,Coronita Bottles,7 Oz,24-Pack,30.24
8066095608,Corona Extra Bottles,,24-Pack,42.34
8066095615,Corona Bottles,12 Oz,12-Pack,22.98
8066095621,Corona Light  Cans,,12-Pack,22.98
8066095641,Corona 24oz Btl,,,4.83
8066095643,Corona 24oz Can,,,4.99
8066095675,Corona Light ,,12-Pack,22.98
8066095680,Corona ,,18-Pack,31.45
8066095683,Corona Familiar ,32 Oz,,5.63
8066095695,Corona Extra Cans,12 Oz,12-Pack,22.98
8066095710,Modelo Can -  Box,,24-Pack,42.34
8066095711,Modelo Can  box,,18-Pack,31.45
8066095715,Modelo Cans ,12 Oz,12-Pack,22.98
8066095721,Modelo 24oz Can,,,4.77
8066095755,Modelo Can,12 Oz,6-Pack,13.30
8066095757,Modelo Esp  ,12 Oz,12-Pack,22.98
8066095776,Modelo Espeacial,12 Oz,24-Pack,42.34
8066095777,Modelo Especial 24Oz,24OZ,Single,4.77
8066095787,Negra Modelo  Box,,12-Pack,22.98
8066095796,Modelo Chelada - 24oz can,,,4.77
8066095883,Victoria  Box,,12-Pack,22.98
8068600101,Beam Red Stag ,50 ml,,1.71
8068600102,Beam Red Stag - ,750 ml,,26.61
8068600110,Jim Beam - -,1.75 Lt,,43.55
8068600111,JIMBEAM 1.75ML,,,43.55
8068600140,Jim Beam - ,750 ml,,26.61
8068600160,Jim Beam - ,375 ml,,15.72
8068600170,Jim Beam - ,200 ml,,8.53
8068600190,Beam ,50 ml,,1.71
8068600295,Basil Hayden,750 ml,,108.89
8068600383,Truly White Peach,1 Lt,Single,12.09
8068600442,Knob Creek 7 Years,750 ml,,56.86
8068600456,On The Rocks Midori Sour,375 ml,Single,15.72
8068600457,-196 Lemon 4Pk,355 ML,4-Pack,14.51
8068600473,Delola  Orange,750 ml,Single,27.82
8068600475,Delola Paloma  Bellaberry,750 ml,Single,27.82
8068600477,Delola  Paloma,750 ml,Single,27.82
8068600495,On The Rock Jalapeno Pineapple ,750 ml,,29.03
8068600496,On The Rock Espresso,750 ml,,29.03
8068600606,Jim Beam Honey - ,750 ml,,30.24
8068600608,Jime Beam Honey ,375 ml,,15.72
8068600609,Jim Beam Honey - ,50 ml,,1.71
8068600633,Jim Bean Red Stag -  gift,750 ml,,24.19
8068600636,Jime Beam Fire - ,50 ml,,1.71
8068600638,Jim Beam Fire - ,750 ml,,26.61
8068600655,Jim Beam Apple - ,750 ml,,26.61
8068600658,Jim Beam Apple - ,50 ml,,1.71
8068600659,Jim Beam Apple - ,1.75 Lt,,42.34
8068600685,Jim Beam,750 ml,,30.24
8068600724,On The Rocks Str,,,15.72
8068600757,-196 Grapefruit 4Pk,355 ML,4-Pack,14.51
8068600761,-196 Peach 4Pk,355 ML,4-Pack,14.51
8068600806,On The Rocks Blue Hawaiian,375 ml,Single,15.72
8068600808,On The Rocks Cosmo,375 ml,,15.72
8068600810,On The Rock Cosmpo,750 ml,Single,30.24
8068600836,On The Rocks Spiced Pear 375Ml,375 ml,Single,15.72
8068600893,On The Rock Lemon Drop,375 ml,,15.72
8068600909,-196 Strawberry 4Pk,355 ML,4-Pack,14.51
8068600926,-196 Variety 8Pk,355 ML,8-Pack,26.61
8068600929,-196 Lemon 4Pk,355 ML,4-Pack,14.51
8068600993,Jim Beam Pinapple,50 ml,,1.71
8068600995,Jim Beam Pineapple 750Ml,750 ml,Single,26.61
8068601040,Jim Beam Rye - ,750 ml,,37.50
8068601057,Pinnacle - ,375 ml,,7.25
8068601146,On The Rock Passion Fruit,375 ml,Single,15.72
8068601212,BASIL HAYDEN ,375 ml,,44.76
8068601220,Basil Hayden,750 ml,,96.79
8068601234,BASIL HAYDEN TOAST ,750 ml,,72.59
8068601240,Basil Haydens 8yrs ,750 ml,,67.75
8068601247,BASIL HAY.SUBTLE SMOKE ,750 ml,,60.49
8068601261,On The Rocks Blue Hawaiian,750 ml,Single,30.24
8068601285,Hornitos Anejo Reserve,750 ml,Single,54.44
8068601540,Bakers Bourbon 7Yrs,750 ml,,84.69
8068601660,Knob Creek - ,375 ml,,27.82
8068601661,KNOB CREEK,,,27.82
8068601674,KNOB CREEK RYE ,750 ml,,56.86
8068601676,KNOB CREEK,,,48.39
8068601692,Knob Creek ,375 ml,Single,32.66
8068601693,Knob Creek Rye ,375 ml,,33.87
8068602114,Jim Beam Peach ,750 ml,,26.61
8068602117,JIMBIM PEACH,,,1.43
8068602178,Jim Beam Orange ,750 ml,,27.82
8068602181,Jim Beam Orange ,50 ml,,1.71
8068602401,legent ,750 ml,,53.23
8068602801,Sqrrl Peanut Butter ,750 ml,,22.98
8068603601,Twisted Tea Whisky,50 ml,Single,1.09
8068605870,Leroux ,200 ml,,8.46
8068605892,Leroux ,50 ml,,1.71
8068609712,Leroux Blkberry +Tax,1.75 Lt,,35.08
8068609740,Leroux Blackberry,750 ml,,18.14
8068609760,Leroux BLKBRY - ,375 ml,,10.88
8068609770,Leroux BLKBRY - ,200 ml,,6.26
8068609790,Leroux Blackberry  - ,50 ml,,1.88
8068611004,Skinny Girl Margarita - ,750 ml,,18.14
8068618440,Dek Strawberry Pucker 750,,,16.93
8068629404,2 Gingers  - ,750 ml,,30.15
8068631012,DE KUYPER SOUR APPLE,,,20.56
8068631240,ANISETTE ,750 ml,,16.93
8068631601,Dekuyper Blue Curacao 1L,,,20.56
8068631920,Dekyp Buttershot - 1L,,,19.35
8068631940,Dek. Buttershot ,750 ml,,16.93
8068632001,Dek Crema De Cocoa 1L,,,18.14
8068632003,Dek De Cacao Dark ,750 ml,,16.93
8068632103,Dek De Cocoa white ,750 ml,,16.93
8068633940,Dek. Cream De Mint Green,,,16.93
8068636301,Dekyper Tripple Sec - ,375 ml,,9.67
8068636320,Dekyp Triple Sec - 1L,,,18.14
8068636340,DeKuper ,750 ml,,16.93
8068636512,Dek. Peachtree ,1.75 Lt,,27.45
8068636520,Dekyp Peachtree - 1L,,,20.56
8068636540,Dek. Peachtree ,750 ml,,16.93
8068636560,Dek. Peachtree - ,375 ml,,9.10
8068636570,Dek. Peachtree ,200 ml,,5.63
8068638120,Dek. Triple Sec 1L,,,16.93
8068639520,Dekyp Apple Pucker - 1L,,,20.56
8068639540,Dek Apple Pucker ,750 ml,,13.98
8068639640,Dek. W/melon Pucker ,750 ml,,16.93
8068674404,SALINAC-COG ,200 ml,,12.09
8068674902,The Ardmore - ,750 ml,,76.22
8068676040,El Tesoro Blanco,750 ml,,60.49
8068681301,Laphroaig 10yrs ,750 ml,,81.06
8068681306,Laphroaig Select ,750 ml,,72.59
8068681334,Laphroaig 10 Years Sherry Oak,750 ml,,108.89
8068681820,Canadian Club Apple,,,1.14
8068682046,Alberta Pre Rye Whiskey,750 ml,Single,19.35
8068682105,Canadian Club - ,750 ml,,19.35
8068682112,Canadian Club - ,1.75 Lt,,25.40
8068683190,Sauza Rep - ,50 ml,,1.43
8068683290,sauza silver ,50 ml,,1.43
8068683316,Tequila Reposado 100 Anos,750 ml,,31.45
8068683321,Tequila Blanco 100 Anos,750 ml,,31.45
8068683502,Sauza Hornitos Repso - ,750 ml,,41.13
8068683503,Sauza Hornitos Rep - ,375 ml,,19.95
8068683506,Sauza Hornitos - ,200 ml,,12.10
8068683530,Hornitos Plata+Tax,200 ml,,12.10
8068683531,Hornitos Plata - ,375 ml,,19.35
8068683532,Sauza Hornitos Plata 750M,750 ml,,38.71
8068683534,Sauza Hornitos Plata 1.75,,,52.02
8068683542,Sauza Hornitos Anejo - ,750 ml,,39.92
8068683558,Sauza Black Anejo - ,750 ml,,39.92
8068683602,Sauza Tres Gen Anejo 750M,750 ml,,60.49
8068683603,Sauza Tres Generaciones Repesado ,750 ml,Single,55.65
8068689601,TRULY STRAW.LEMONADE ,50 ml,,1.09
8068689602,TRULY STRABERRY ,375 ml,,12.09
8068689603,TRULYSTRWB LMND ,750 ml,,19.35
8068689604,TRULY WILD BERRY ,50 ml,,1.09
8068689605,TRULY W.BERRY ,375 ml,,12.09
8068689607,TRULY PINE.MANGO,,,1.09
8068689608,TRULY PINEAPPLE ,375 ml,,12.09
8068689609,TRULY PINE.MANGO ,750 ml,Single,12.09
8068689614,TRULY WILDBERRY 1LTR,1 Lt,Single,12.09
8068689615,TRULLY PINE.MANGO 1LTR,,,12.09
8068689616,Truly Strawberry,1.75 Lt,,16.93
8068689617,Truly Wild Berry,1.75 Lt,Single,16.93
8068689618,Truly Mango,1.75 Lt,,16.93
8068689715,Knob Creek,750 ml,,30.24
8068689717,On The Rock,750 ml,Single,30.24
8068692946,Pinnacle - ,200 ml,,4.22
8068693013,Calico Jack CoCo ,750 ml,,14.51
8068693015,Calico Jack ,1.75 Lt,,25.40
8068693034,Calico Jack Spiced ,750 ml,,14.51
8068693405,Hibiki Suntory Whisky,750 ml,Single,181.49
8068693805,Effen Vodka - ,750 ml,,35.08
8068693812,Effen Black Cherry - ,750 ml,,31.45
8068693824,Effen Cucunber,,,31.45
8068693842,Effen Green Apple - ,750 ml,,31.45
8068695701,Toki Suntory ,750 ml,,60.49
8068695738,Ao Suntory Whiskey,750 ml,Single,78.64
8068695803,Roku Gin,750 ml,Single,39.92
8068696102,Courvoisier Vs ,1.75 Lt,,90.74
8068696104,Courvoisier - ,750 ml,,43.55
8068696107,Courvoisier ,50 ml,,3.98
8068696111,COURVOISIER ,100 ml,,8.46
8068696772,Cruzan pineapple  ,750 ml,,18.14
8072096108,Uppercut Chard Napa - ,750 ml,,18.14
8075086697,Inclusive Gin,750 ml,Single,12.09
8085322018,Dubra - ,1.75 Lt,,16.93
8085322020,Dubra ,750 ml,,9.67
8085322021,dubra ,375 ml,,5.12
8085322022,dubra ,200 ml,,2.86
8085322179,Bukoff - ,375 ml,,5.69
8088749378,Bogle Merlot - ,750 ml,,13.30
8088749385,Bogle Zin Ov ,750 ml,Single,13.30
8088749392,Bogle Chardonnay - ,750 ml,,13.30
8088749394,Bogal Sauv Blanc - ,750 ml,,13.30
8088749396,Bogal Cabernet Sav,750 ml,,13.30
8088749401,BOGAL PGO ,750 ml,,12.09
8088749492,Bogle Chenin Blanc,750 ml,Single,13.30
8088749643,Bogel Essential Red ,750 ml,Single,13.30
8088755101,Juggernaut Cab/Sauv,,,24.19
8091511211,GALLIANO ,375 ml,,26.61
8093700000,Wine By Joe  Pinot Noir,750 ml,,18.14
8105400393,Allure ,750 ml,,12.09
8105439435,CRANE CAB,,,6.04
8105439440,Crane Lake Chard,,,6.04
8105439445,CRANE LAKE WHITE ZIN,,,6.04
8105439447,Crane Lake Merlot,,,6.04
8105499462,Stone Cellars Pinot Grigio,1.5 Lt,,15.72
8105499614,Blanc blue ,750 ml,,18.14
8112800070,Old Forester 1870 ,750 ml,,59.28
8112800098,Old Forester 1897 ,750 ml,,67.75
8112800109,Old Forester 1910 ,750 ml,,67.75
8112800115,Old Forester 1920 ,750 ml,,73.80
8112800150,Woodfrord Rsv - ,750 ml,,50.81
8112800173,old forester statesman ,750 ml,,68.96
8112800187,WOODFORD RES.,375 ml,,38.71
8112800291,finlandia w.berry ,750 ml,,24.19
8112800301,Old Forster 1897 100 Proof,375 ml,Single,32.66
8112800302,Old Forster 1910 93 Proof,375 ml,Single,27.82
8112800303,Old Forster 1920 115 Proof,375 ml,Single,36.29
8112800334,Woodford Reserve 121.2 Proof,700 ML,Single,217.79
8112800437,Woodford Reserve No.21,700 ML,Single,241.99
8112800508,Forester 80pf ,750 ml,,38.71
8112801168,WOODFORD ,375 ml,,29.03
8112801316,Woodford Rsv ,1.75 Lt,,91.95
8112802228,Woodford Reserve ,1 Lt,Single,84.69
8112803147,Woodford Reserve,200 ml,Single,15.72
8112807405,FINLANDIA 175L VDK,,,38.71
8112807411,FINLANDIA   VDK,750 ml,,29.03
8112820288,Old Forester,375 ml,Single,72.59
8124004951,CLASE AZUL ,750 ml,,217.79
8124004952,Clase Azul,375 ml,,133.09
8124004954,Classe Azul Plata ,750 ml,,169.39
8124005037,Casa Noble - ,750 ml,,54.44
8124075025,Kah Silver ,750 ml,,56.88
8124075026,Kah Repos ,750 ml,,68.27
8124075093,AC/DC Thunderstruck repo,,,48.39
8130800028,Cupcake Merlot - ,750 ml,,13.30
8130800043,Cupcake Sauv Blanc - ,750 ml,,13.30
8130800106,Cupcake Pinot Grigio - ,750 ml,,13.30
8130800124,Cupcake Pinot Noir - ,750 ml,,13.30
8130800125,Cupcake Red Velvet - ,750 ml,Single,13.30
8130800132,Cupcake Prosecoo - ,750 ml,,15.72
8130800222,FlipFlop Cab - ,1.5 Lt,,14.51
8130800223,FlipFlop Chard - ,1.5 Lt,,14.51
8130800224,Flip Flop Moscato ,1.5 Lt,,14.51
8130800225,FlipFlop Pinot Grigio - 1.5,,,14.51
8130800333,Chloe Pinot Grigio - ,750 ml,,16.93
8130800340,13 Celsius Sauv Blanc - ,750 ml,,14.51
8130800356,CHLOE  PINOT NOIR,750 ml,,16.93
8130800365,Love noir ,750 ml,,14.51
8130800390,Cupcake,,,20.56
8130800439,Cupcake Butt. Chardonnay,750 ml,Single,15.72
8130801164,CUPCAKE LIGHT CHARD.,750 ml,,12.09
8130801199,CUPCAKE PRO.ROSE ,750 ml,,15.72
8130801446,Cupcake Citruskissed Pinot Grigio,,,13.30
8130859187,Cupcake Cab - ,750 ml,,13.30
8130859207,Cupcake Chardonnay - ,750 ml,,13.30
81388863,Nitro Cold Brew Coffee,12 Oz,Single,4.83
8142501401,X Rated ,750 ml,,47.18
8143400002,Black Box Merlot,3 Lt,Single,24.19
8143400003,Black Box Cab Sau,3 Lt,Single,24.19
8143400004,Black Box Chard,3 Lt,Single,24.19
8143400022,Black Box Pg,3 Lt,Single,24.19
8143400029,BLACK BOX CAB,500 ml,,6.04
8143400030,Black Box Chard,500 ml,,6.04
8143400031,BLACK BOX MERLOT ,500 ml,,6.04
8143431530,Nobilo Sauv Blanc - ,750 ml,,18.14
8143450009,Blackstone Cab - ,750 ml,,12.09
8143450015,Blackstone Merlot -,750 ml,,12.09
8143450017,Blackstone Merlot ,1.5 Lt,,19.35
8143450047,Blackstone Cab ,1.5 Lt,,19.35
8143470019,Black Box Red Blend,3 Lt,,24.19
8143470020,Black Box PG ,500 ml,,6.04
8143471001,Black Box Pinot Noir,3 Lt,Single,24.19
8144087231,Barbancourt 15 Years,,,60.49
8146700318,seneca red 100s,,,11.39
8146700321,Seneca Blue,,,16.93
8153711009,Famosa Lager ,500 ml,Single,5.31
8153711093,Famosa 6-Pack,12 Oz,6-Pack,14.51
8153711094,Famosa Bottles,12 Oz,12-Pack,22.98
8153711098,Famosa Cans,12 Oz,12-Pack,22.98
8153731091,Famosa 6-Pack Can,12 Oz,6-Pack,14.51
8153788023,Famosa,24OZ,Single,3.64
8155301100,MEDALLA  CAN,12 Oz,12-Pack,20.56
8155301140,MEDALLA ,,6-Pack,12.09
8155311020,MADALLA LIGHT  BTL,12 Oz,6-Pack,12.09
8158401310,Kendall Jackson Chard - ,750 ml,,18.14
8158401317,Kendall Jackson Cab VR,,,21.77
8158404767,KJ Avant Chard - ,750 ml,,15.72
8158413040,Kendall Jackson Sav Blan ,750 ml,,15.72
8158413152,Kendall Jackson Merlot,,,21.77
8174500133,Blue Point Toasted Lager,,6-Pack,16.93
8174500134,blue point  can,,18-Pack,24.19
8174500151,Blue Point,24OZ,Single,3.93
8174500168,Blue Point Mother Pump,12 Oz,6-Pack,14.51
8175305020,veuve clicquot,,,79.85
8175380247,Veuve Cliequot,750 ml,,88.32
8175381081,Glenmorangie 10yrs,,,79.85
8175381405,Glenmorangie Signet,750 ml,Single,362.99
8175381475,Veuve Clicquot - ,750 ml,,79.85
8175381555,Hennessy Black ,750 ml,,75.08
8175381677,Moet rose ,375 ml,,48.39
8175381697,Hennessy Black - ,375 ml,,41.13
8175381802,Moet Ice Imp.  - ,750 ml,,79.85
8175382223,Glenmorangie 100mp / ,100 ml,4-Pack,43.55
8175382242,Dom Perignon,,,362.99
8175382549,Hennessy Vsop 375Ml,375 ml,Single,42.34
8175382613,Veuve Clicquot Rich,750 ml,Single,90.74
8175382792,Veuve Clicquot Rose,750 ml,Single,90.74
8175382800,Moet &Chad Ice Imp Rose,,,108.89
8175383150,HENNESSY,750 ml,,45.50
8175383151,Hennessey,750 ml,,56.86
8175383154,Henn Xo Gift Box,,,225.05
8175383184,Moet Nectar Imp Rose,,,108.89
8175383365,Hennessy Cognac,750 ml,,56.86
8175383366,HENNESSY VSOP ,750 ml,,81.06
8175383372,Whispering Angel Rose - ,375 ml,Single,18.14
8175383390,PALM WHISPER ANGEL ROSE ,750 ml,,22.98
8175383391,Whispering Angel,750 ml,Single,30.24
8175383442,BEL.ORG.BLK.LEMON ,750 ml,,39.92
8175383450,BEL.ORG. PEAR,750 ml,,39.92
8175383510,Moet Rose ,750 ml,,96.79
8175383546,HENNESSY VSOP ,750 ml,,81.06
8175383603,Armand De Brignac Champagne,750 ml,,399.29
8175383782,Belveder,750 ml,,38.71
8175383803,BELVEDERE VDK ,375 ml,,18.14
8175383973,Hennessy Master Blender's Selection,750 ml,Single,145.19
8175383994,Glenmorangie 12 Yrs,750 ml,Single,72.59
8175384035,Volcan Blanco Tequila,750 ml,Single,157.29
8175384058,Hennessy Vs Lebron James,750 ml,Single,53.23
8175384111,Hennessy Vs Carnival ,700 ML,Single,53.23
8175384215,Hennessy Cognac,750 ml,Single,60.49
8175384271,Hennessy ,200 ml,,16.93
8176104212,Clos Du Val Cab Sau,750 ml,Single,66.54
8190800014,ConCannon Crimson - ,750 ml,,14.51
8195400004,Peroni Bottles,12 Oz,12-Pack,22.98
8200000006,Smirnoff 80proof ,750 ml,,18.14
8200000102,Smirnoff Apple - 1L,,,22.98
8200000103,Smirnoff Apple - ,1.75 Lt,,26.61
8200000104,Smirnoff Apple - ,750 ml,,19.35
8200000111,Smirnoff Grn Apple,375 ml,,9.67
8200000114,Smirnoff ras ,375 ml,,9.67
8200000117,Smirnoff Watermelon - ,750 ml,,19.35
8200000127,Smirnoff Watermln - ,1.75 Lt,,26.61
8200000235,Parrot Bay Orange Rum 750,,,18.14
8200000382,Crown Royal XO - ,750 ml,,48.39
8200000396,Smirnoff Raspberry - ,750 ml,,19.35
8200000401,Smirnoff Vanilla vdk ,750 ml,,19.35
8200000488,Captain CoCo - ,750 ml,,16.93
8200000492,Captain Pineapple - ,750 ml,,18.14
8200000549,Buchanans - ,50 ml,,3.24
8200000558,Bailey's Strawberry cream 50m,50 ml,,2.27
8200000648,bailey colada ,50 ml,,2.27
8200012525,Yukon Jack - ,750 ml,,26.61
8200012538,Yukon Jack - ,375 ml,,14.51
8200072399,Smirnoff Ras - ,1.75 Lt,,26.61
8200072404,Smirnoff Vanilla Vdk ,1.75 Lt,,29.03
8200072518,Smirnoff Ice Bottles,12 Oz,12-Pack,22.98
8200072569,Smirnoff Ice 24oz,24OZ,Single,4.83
8200072747,Smirnoff Green Apple,12 Oz,Single,2.41
8200072750,Smirnoff Razz Single,,,2.72
8200072751,Smirnoff Apple ,12 Oz,6-Pack,13.30
8200072754,Smirnoff Rasberry,,6-Pack,13.30
8200072760,Smirnoff Vodka,1.75 Lt,Single,24.19
8200072902,Scrediver 24oz,24OZ,Single,4.83
8200072908,Smirnoff Party Bottles,12 Oz,12-Pack,22.98
8200072932,Smirnoff Strawberry - ,50 ml,Single,2.00
8200072934,Smirnoff Strawberry - ,750 ml,,19.35
8200072936,Smirnoff Straw - ,1.75 Lt,,26.61
8200073151,Smirnoff Cherry - ,1.75 Lt,,26.61
8200073153,Smirnoff  Cherry - ,750 ml,,19.35
8200073213,Smirnoff Grape Single,,,2.42
8200073214,Smirnoff Grape ,12 Oz,6-Pack,13.30
8200074043,Smirnoff Grape - ,750 ml,,19.35
8200074045,Smirnoff Grape - ,1.75 Lt,,26.61
8200074198,Capt Morgan 100pf ,750 ml,,36.29
8200074344,Smirnoff Mango ,12 Oz,6-Pack,13.30
8200074349,Capt Morgan Iced Tea,750 ml,,19.35
8200074350,Captains LIT - ,1.75 Lt,,22.98
8200074731,Smirnoff Pineapple - ,750 ml,,19.35
8200074733,Smirnoff Pineapple - ,1.75 Lt,,26.61
8200074783,Smirnoff Pineapple - ,12 Oz,,2.29
8200074784,Smirnoff Pineapple ,12 Oz,6-Pack,13.30
8200075044,Crown Black 1L,,,55.65
8200075296,Bulleit Bourbon - ,750 ml,,42.34
8200075747,Smirnoff Screwdriver,,,2.12
8200075748,Smirnoff Screwdriver,12 Oz,6-Pack,13.30
8200075910,Captains ,1.5 Lt,,36.29
8200076163,Parrot Bay Orange ,750 ml,,15.72
8200076212,Scrediver 24oz,,,4.83
8200076600,Smirnoff Peach ,,6-Pack,13.30
8200076607,bulleit rye 1.75ml,,,62.91
8200076608,Bulleit Rye SB - ,375 ml,,24.19
8200076682,Captain Morgan White ,750 ml,,21.77
8200076685,Captain Morgan White ,1.75 Lt,,26.61
8200077154,CROWN APPLE-,200 ml,,12.09
8200077155,Crown Apple - ,375 ml,,20.56
8200077156,Crown Royal Apple - ,750 ml,,36.29
8200077159,crown apple 1.75ml,,,60.49
8200077289,CAP CARIBBEANWHITE RUM,,,26.61
8200077317,captain morgan coco 1.75,,,26.61
8200077318,CAP.PINEAPPLE RUM 1.75ML,,,26.61
8200077322,Shady Fruit Orange - ,750 ml,,19.35
8200077336,Crown Royal Rye,375 ml,,12.09
8200077337,Crown Royal Northern - ,750 ml,,35.08
8200077338,Crown Royal Rye,,,31.45
8200077583,Smirnoff Pepermnt  - ,750 ml,,19.35
8200077628,BAILEYS ALMAND,750 ml,,42.34
8200077658,Crown Royal Vanilla ,375 ml,,20.56
8200077659,Crown Royal Vanilla - ,750 ml,,42.34
8200077692,Smirnoff ice smach 24oz,,,3.64
8200077863,Smirnoff Red Whiite&Berry,750 ml,,19.35
8200077897,CAP.MOR.PUMPKIN ,750 ml,,21.77
8200078249,Smirnoff Red White Berry,12 Oz,Single,2.41
8200078250,Smirnoff Red White ,,6-Pack,13.30
8200078291,crown royal peach ,750 ml,,42.34
8200078353,Smirnoff Spicy Tamarind ,750 ml,,21.77
8200078397,crown royal salted caramel,,,38.71
8200078456,Cap.MoraganWatermellon,750 ml,,7.25
8200078664,SMIRNOFF PEACH ,375 ml,,9.67
8200078810,Smirnoff Red.White&Berry,1.5 Lt,,26.61
8200078820,Smirnoff Orange ,375 ml,,9.67
8200078821,SMIRNOFF VANILA,,,9.67
8200078921,Crown Royal ,750 ml,,35.08
8200078955,Croun Royal Blackberry,750 ml,Single,35.08
8200079080,SMIRNOFF WATERMALON,750 ml,,19.35
8200079081,SMIRNOFF STRA&ROSE,750 ml,,19.35
8200079082,SMIRNOFF CUCU&LIME,,,19.35
8200079196,Deleon Anejo,750 ml,,60.49
8200079197,DELEON ,750 ml,,48.39
8200079198,DELEON REPOSADO ,750 ml,,56.86
8200079357,SMIRNOFF STR.BERRY ,375 ml,,9.67
8200079417,CAP.MOR.APPLE ,750 ml,,22.98
8200079522,red white&berry 25oz can,,,4.39
8200079539,Crown Royal Peach,375 ml,,20.56
8200079621,CROWN ROYAL PEACH TEA,,,18.14
8200079623,crown royal apple  can,,4-Pack,18.14
8200079625,CROWN ROYAL COLA ,,4-Pack,18.14
8200079718,Dickel Bourbon 8Yrs,750 ml,Single,48.39
8200079720,SMIRN. PINK LEMONADE ,750 ml,,19.35
8200079721,Smirnoff Pink Lemonade,1.75 Lt,,26.61
8200079722,Smirnoff Pink,12 Oz,Single,2.41
8200079744,Captain Morgan Tropical Punch,1.75 Lt,,14.51
8200079823,CAP.MOR.CHERRY ,750 ml,,22.98
8200079865,Crown Royal Lemonade,12 Oz,4-Pack,18.14
8200079870,Smirnoff Blue Raspberry,12 Oz,Single,2.26
8200079872,Smirnoff Pineapple,12 Oz,Single,2.25
8200079876,SMIR.NEON.LEMONADE CAN,,12-Pack,22.98
8200079989,Loyal Lemonade,12 Oz,4-Pack,15.72
8200079991,Loyal Mixedberry,,4-Pack,15.72
8200079993,Loyal Lemonade Iced Tea,12 Oz,4-Pack,15.72
8200079995,LOYAL WATER MELON  CAN,,4-Pack,15.72
8200080042,Vita Coco Spiked Pina Colada,12 Oz,4-Pack,14.51
8200080043,Vita Coco Spiked Strawberry Daiquiri,12 Oz,4-Pack,14.51
8200080044,Vita Coco Spiked Lime Mojito,12 Oz,4-Pack,14.51
8200080108,Bulleit Bourbon Gift Box,750 ml,,42.34
8200080198,Loyal Margarita 4-Pack,12 Oz,4-Pack,15.72
8200080218,Smirnoff Blue Rasberry ,750 ml,,18.14
8200080219,Smirnoff,1.75 Lt,,26.61
8200080275,Captain Morgan Sliced Variety,12 Oz,12-Pack,22.98
8200080332,Smir. Blue Rasberry,12 Oz,6-Pack,13.30
8200080385,Smirnoff Cherry,1.75 Lt,,26.61
8200080427,Smirnoff Apple,1.75 Lt,Single,26.61
8200080429,Smirnoff Rasberry,1.75 Lt,,26.61
8200080430,Smirnoff Strawberry,1.75 Lt,,26.61
8200080481,Smirnoff Red.White&Merry,750 ml,,19.35
8200080556,Crown Royal Varity,12 Oz,8-Pack,24.19
8200080594,Smirnoff Ice Tea,20 Oz,Single,4.39
8200080598,Smirnoff Ice Smash Tea,24OZ,Single,2.72
8200080655,Smirnoff Smash Vodka Soda ,12 Oz,8-Pack,22.98
8200080840,Crown Royal ,750 ml,,36.29
8200080885,Captan Morgan Sweet C Lime,750 ml,Single,20.56
8200080887,Captain Morgan Sweet Chili Lime,1.75 Lt,Single,35.08
8200080909,Smirnoff Ice Sunny Days,12 Oz,12-Pack,24.19
8200080911,Smirnoff Orange,12 Oz,6-Pack,13.30
8200080953,Crown Royal Blackberry,375 ml,Single,20.56
8200080961,Crown Royal Marques,750 ml,Single,45.97
8200080984,Ketel One Lemon Drop Martini,750 ml,,31.45
8200081105,Crown Royal Chocolate,750 ml,Single,42.34
8200081137,Casamigos Margaritas,200 ml,8-Pack,24.19
8200081144,Ketelone Espresso Martini,100 ml,4-Pack,19.35
8200081148,Bulleit Old Fashioned,100 ml,4-Pack,19.35
8200081229,Aviation Cramb. & Blood Orange,750 ml,Single,42.34
8200081253,Loyal Lemonade,12 Oz,8-Pack,24.19
8200081513,Casamigos Margaritas Pineapple,200 ml,8-Pack,24.19
8210017902,Arbor Mist Exotic ,750 ml,,6.04
8210017906,Arbor Mist Exotic ,1.5 Lt,,14.51
8210017924,Arbor Mist Blackberry - 1.50L,1.5 Lt,,14.51
8210073845,Monkey Bay Sav Blanc 1.5,,,26.61
8210073856,Arbor Mist Mango Straw 750,,,5.75
8210073857,Arbor Mist Mango Stra ,1.5 Lt,,14.51
8210073876,Arbor Mist Rasp Pink Moscato,1.5 Lt,Single,14.51
8210073920,Arbor Arborita Lime - ,750 ml,,6.04
8210073933,Arbor Mist Pineapple,1.5 Lt,Single,14.51
8218400005,Jack Daniels - ,50 ml,,4.22
8218400034,Jack Honey ,375 ml,,20.56
8218400035,Jack Daniels Honey - ,50 ml,,4.83
8218400061,Jack Honey ,1.75 Lt,,56.86
8218400062,Jack Daniels Honey - ,200 ml,,12.09
8218400063,Jack Daniels Honey - ,100 ml,,6.04
8218400117,Jack Daniels Fire - ,750 ml,,32.66
8218400118,Jack Daniels Fire - ,50 ml,,3.41
8218400121,JD fire ,1.75 Lt,,56.86
8218400155,Jack Daniels Fire - ,200 ml,,12.10
8218400156,Jack Daniels Fire - ,375 ml,,20.56
8218400437,JD apple ,750 ml,,31.45
8218400438,JD Apple ,375 ml,,20.56
8218400439,JD Apple ,50 ml,,3.62
8218400474,Jack Daniels Apple ,200 ml,,12.09
8218400558,Jd Aplle ,,,56.86
8218400593,JD.BONDED WHISKEY ,750 ml,,58.07
8218400594,Jack Daniels Triple Mash,750 ml,,56.86
8218400684,Jack Daniels Bonded Rye,750 ml,,56.86
8218400719,Jack Daniels Winter,750 ml,,25.40
8218400873,Jack Daniel's Blackberry ,750 ml,Single,31.45
8218400876,Jack Daniels Blackberry ,50 ml,,3.41
8218400909,Jack Daniels's Coca Cola ,475,Single,4.83
8218403872,Gentleman Jack  - ,750 ml,Single,52.02
8218405611,jack deniel winter ,750 ml,,24.19
8218408183,Jack Daniels - ,100 ml,,6.04
8218408700,Jack Daniels Single Barrel,,,60.49
8218409042,Jack Daniels - ,1.75 Lt,,56.86
8218409046,Jack Daniels - ,750 ml,,31.45
8218409050,Jack Daniels - ,375 ml,,20.56
8218409051,Jack Daniels ,375 ml,,20.56
8218409052,Jack Daniels - ,200 ml,,12.09
8218420308,J.D  Southern Peach,12 Oz,6-Pack,10.88
8218420416,J.D  Southrn Citrus,12 Oz,6-Pack,10.88
8218420469,Jack Denial Fire 10Pk,50 ml,10Pk (Carton),34.12
8218420476,Jack Daniels Cocktail Cans,,,16.93
8218420477,Jack Daniels Cocktail Can,,,16.93
8218420687,Jack Daniel Coca Cola,375 ml,4-Pack,16.93
8218420688,Jack Daniels Zero Sugae,375 ml,4-Pack,16.93
8218420718,Jd Coca Cola ,12 Oz,12-Pack,37.50
8218420721,Jack Daniels Ginger Ale,355 ML,4-Pack,15.72
8218420813,Jack Daniel's Coca Cherry,355 ML,4-Pack,16.93
8218420826,Jack Daniel Coca Cola,375 ml,6-Pack,25.40
8218420878,Jack Daniel Vanilla,375 ml,4-Pack,16.93
8218422601,JD Downhome Punch ,12 Oz,6-Pack,10.88
8218422602,JD Lynchberg ,12 Oz,6-Pack,10.88
8218422603,Jd Watermelon Punch ,,6-Pack,10.88
8218422604,J.D Berry Punch,12 Oz,6-Pack,10.88
8218422605,JD Cola ,,6-Pack,10.88
8218423403,Jack Daniels Honey - ,750 ml,,31.45
8218425940,Jack Daniels,1.75 Lt,,56.86
8218426493,J.D Cherry Limeade,12 Oz,6-Pack,10.88
8224201041,Bota Box Mini  Cab,500 ml,,6.04
8224201045,Bota Box Cab - 3L,3 Lt,Single,25.40
8224201101,Bota Mini Chardonnay,500 ml,,6.04
8224201236,Bota Box Pinot Noir - 3L,,,25.40
8224201293,Bota Box Sauv Blanc 3L,,,25.40
8224201325,Bota Box Pinto Grigio - 3L,,,25.40
8224201331,BotaBox Pinot Grigio - ,500 ml,,4.83
8224201384,Gnarly Head Double 1924- ,750 ml,,12.09
8224201431,Bota Box Sauignon Blanc,500 ml,Single,6.04
8224201495,Bota Box  Zin 3 liter,,,24.19
8224201673,1924 Port Barrel Pinot Noir,,,15.72
8224201678,Bota Box Breeze Pinot Grigio,3 Lt,Single,25.40
8224201682,Bota Box Breeze Sau Blc 3L,,,25.40
8224201705,Stoneleigh Savignon Blanc,750 ml,Single,18.14
8224201706,Botarita Margarita,,,19.35
8224201707,Botarita Ready To Mix,1.5 Lt,,19.35
8224201726,Coppola Prosecco,750 ml,,16.93
8224201727,Coppola Prosecco Rose,750 ml,,16.93
8224201751,Bota Box Merlot - ,500 ml,,6.04
8224201763,Bota Box Chardonay,3 Lt,,25.40
8224201797,Botabox Pinot Grigio Brezz,500 ml,,6.04
8224201798,Botabox Sauvignon Blanc,500 ml,Single,6.04
8224201807,Bota Box Breeze Cab Sau,3 Lt,Single,25.40
8224201810,Black Stallion,750 ml,Single,18.14
8224201812,Bota Box Cabermnet Sauvignon,1 Lt,,10.88
8224201813,Bota Box Chardonnay,1 Lt,,10.88
8224201814,Bota Box Pinot Grigio,1 Lt,,10.88
8224201827,Black Stallion Pinot Noir,750 ml,Single,24.19
8224201834,Coppola Diamond Sau Blac,750 ml,Single,15.72
8224233044,Twisted Cab - ,1.5 Lt,,12.09
8224233320,Twisted Moscato - ,1.5 Lt,,12.09
8224233754,twisted MERLOT ,1.5 Lt,,12.09
8224256213,446 Chard - ,750 ml,,13.30
8230117501,Don Q Gold 1.75Ml,,,26.61
8230117502,DonQ - ,1.75 Lt,,26.61
8230117556,Don Q Limon,1.75 Lt,,30.24
8230175002,Don Q Cristal - ,750 ml,,20.56
8230175056,Don Q Limon - ,750 ml,,22.98
8230175090,Don Q Coc0 - ,750 ml,,21.77
8230175151,Don Q 151 - ,750 ml,,30.24
8230180070,Palo Viejo Gold - ,1.75 Lt,,25.40
8230180075,Palo Viejo Silver - ,1.75 Lt,,25.40
8230187833,Palo Viejo Gold - ,750 ml,,15.72
8230187835,Palo Viejo Gold ,200 ml,,5.12
8230187837,Palo Viejo Clear - ,750 ml,,15.72
8230187839,PALO VEJO ,200 ml,,5.12
8230187875,Palo Viejo GOLD - ,375 ml,,8.46
8230187876,Palo Viejo - SILVER - ,375 ml,,8.46
8235230025,gran gala ,375 ml,,16.93
8248812300,Becks Bottles,12 Oz,12-Pack,20.56
8248812377,Becks,16 Oz,4-Pack,6.87
8248812700,Beck's Non-Alchoholic ,,6-Pack,13.30
8248812710,Becks Non-Alcoholic ,12 Oz,Single,2.50
8273400101,Frontera Cab/Merlot -  ,1.5 Lt,,12.09
8273400102,Frontera Cab/Merlot,750 ml,Single,7.25
8273400109,Casillero Diablo Cabernet Sauvgnon - ,750 ml,,13.30
8273400110,Casillero Diablo Sauv Blan,,,13.30
8273400117,Stones Ginger Wine - ,750 ml,,16.93
8273415350,Casillero Diablo Malbec,,,13.30
8273421352,Frontera cab-,750 ml,,7.25
8273421367,Frontera Cab - ,1.5 Lt,,12.09
8273427226,Diablo Cabernet Sauv,750 ml,Single,16.93
8273430032,Cyt Frontera Shiraz 1.50l,,,12.09
8273431364,Casillero Diablo Carmenen,,,13.30
8273431372,Frontera Merlot - ,1.5 Lt,,12.09
8273431374,Cyt Frontera Merlot ,750 ml,,7.25
8273431412,Frontera Buttery Chard,1.5 Lt,Single,12.09
8273431464,Casillero Diablo Merlot,,,13.30
8273441668,Frontera Pinot Grigio,750 ml,Single,7.25
8273441669,Frontera Pg,1.5 Lt,Single,12.09
8273446702,Frontera Malbec - ,1.5 Lt,,12.09
8273454042,Casillero Del Diablo Red Blend,750 ml,Single,18.14
8286900022,Ron Del Barrilito 3 Star,750 ml,Single,52.02
8289606262,Bonterra Sau Blanc,750 ml,Single,16.93
8289678040,Bonterra Cab Organic,,,16.93
8292827805,Di Amore Ras - ,750 ml,,20.56
8292839982,Di Amore Amaretto -  ,750 ml,,20.56
8292839985,Di Amore Sambuca - ,750 ml,,20.56
8292839986,Sambuca Di Amore 1L,,,24.19
8292840015,Di Amore Quattro - ,750 ml,,20.56
8302961567,Sandara White ,750 ml,,13.30
8302961569,Sandara straw ,750 ml,,13.30
8302961573,SANDARA MOJITO,,,13.30
8308530118,Estancia Pinot Noir ,750 ml,,18.14
8308570024,Mt. Veeder Napa Cab - ,750 ml,,60.49
8308590302,Ruffino Chianti,,,14.51
8308590304,Ruffino Chianti Superior,,,15.72
8308590308,Ruffino Riserva Classico,750 ml,,31.45
8308590321,Ruffino Lumina PG - ,750 ml,,12.09
8308590322,Ruffino Reserva Oro- ,750 ml,,52.02
8308590407,Ruffino Lumina PG - ,1.5 Lt,,22.98
8308590408,Ruffino Prosecco - ,750 ml,,15.72
8308900013,JAGER-COLDBREWCOFFEE,750 ml,,35.08
8308900025,Jagermeister,750 ml,,31.45
8308900032,Jager - Gift Pack,750 ml,,31.45
8308900407,Corazon Teq Blanco,1 Lt,Single,36.29
8308952400,Jager - ,750 ml,,31.45
8308966010,Jagermeiter,50 ml,,3.13
8308966017,Jager 1.75,,,55.65
8308966030,Jagermeister,100 ml,Single,4.22
8308966035,Jager - ,375 ml,,20.56
8308966040,Jager - ,200 ml,,13.30
8310300001,Dr Loosen Riesling,,,18.14
8310370507,Defrost peppermint - ,50 ml,,1.14
8312000335,Franzia Dark Red - 5L,,,27.82
8312000354,Franzia Pink Moscato - 5L,,,27.82
8312000382,Franzia Pinot Noir,5 Lt,Single,27.82
8312001123,Franzia Sau Blanc,,,27.82
8312001125,Franzia Cabernet Savignon,5 Lt,,27.82
8312001275,FRANZIA STR.ROSE ,3 Lt,,18.14
8312001506,Monkey Bay Sau Blanc,750 ml,Single,13.30
8312001507,Monkey Bay Sauv ,1.5 Lt,,22.98
8312001523,Franzia Margarita 5L,5 Lt,Single,27.82
8312010019,Franzia Merlot 5L,,,27.82
8312010039,Franzia Pinot Grigio 5L,,,27.82
8312010069,Franzia Chill Red 5L,,,22.98
8312010189,Franzia Cab 5L,,,27.82
8312010199,Franzia Refresh White - 5L,,,22.98
8312010209,Franzia Chard 5L,,,27.82
8312010239,Franzia Burgundy 5L,,,27.82
8312010279,Franzia Chablis 5L,,,27.82
8312010289,Franzia Crisp Wht 5L,,,22.98
8312010319,Franzia Wht Zin - 5L,,,27.82
8312010329,Franzia Sangria 5L,,,22.98
8312010369,Franzia Blush - 5L,,,22.98
8330000140,Chambord,700 ML,Single,48.39
8330003451,Chambord Rasp ,200 ml,,13.30
8330003452,Chambord ,375 ml,,27.82
8330003453,Chambord - ,750 ml,,42.34
8330003473,Chambord,50 ml,Single,6.04
8330004872,Amarula Cream ,750 ml,,33.87
8330007210,Arbeg ,750 ml,,82.27
8341700647,Geyser Peak - Uncensored,,,6.04
8365500002,La Battistina Gavi ,750 ml,,20.56
8365500007,Angelini Moscato D'Asti ,750 ml,,13.30
8365500100,Angelini Pinot Grigio ,750 ml,,13.30
8365500109,ANGELINI PINOT NOIR,,,15.72
8365500556,PIETRAMAJELLA 1.5ML,,,15.72
8366410050,Grants - ,1.75 Lt,,35.08
8366410077,Balvenie Curious Casks Limited Edition ,,,181.49
8366410107,Tullamore Dew Honey,750 ml,,43.55
8366410736,Glenfiddich 12y - ,750 ml,,73.80
8366411221,Balvenie Double 12y - ,750 ml,,96.79
8366484981,Milagro Cristalino Anejo,750 ml,Single,84.69
8366486446,Sailor Jerry Rum lmtd ,750 ml,,29.03
8366486890,Milagro Silver,1.75 Lt,Single,67.75
8366486891,Milagro Silver - ,750 ml,,36.29
8366486893,Milagro Repo ,1.75 Lt,Single,72.59
8366486894,Milagro Repso ,750 ml,Single,38.71
8366486897,Milagro Anejo ,750 ml,,66.54
8366487168,Balvenie Caribbean Cask 14yrs,,,117.36
8366487245,Tullamore ,50 ml,,2.84
8366487246,Tullamore Dew  - ,750 ml,,33.87
8366487249,Tullamore dew ,1.75 Lt,,65.33
8366487254,Monkey Shoulder ,750 ml,,48.39
8366487258,Lillet Rose,750 ml,Single,27.82
8366487346,Glenfiddich 14yrs ,750 ml,,89.53
8366487372,Tullamore Dew,375 ml,,19.35
8366487406,MILAGRO ,375 ml,,22.98
8366487407,MILAGRO REPOSADO ,375 ml,Single,21.77
8366487426,Glenfiddich Grand Cru ,750 ml,,423.49
8366487438,Milagro Anejo,,,25.40
8366487459,Hudson Bright Lights ,375 ml,,36.29
8366487486,Bbalvenie 16Yr,750 ml,Single,302.49
8366487522,Milagro Blanco,200 ml,Single,14.51
8366487541,Glenfiddich 16 Years Ast Martin ,750 ml,,120.99
8366487545,Caribbean Cask 14,200 ml,Single,30.24
8366487546,Glenfiddich 14 Years,375 ml,Single,42.34
8366499040,Glenfiddich 15YR ,750 ml,,108.89
8366499041,Glenfiddich 18yrs,,,169.39
8366499043,Hendrick -  ,750 ml,,48.39
8372900249,Nicolas Chard,750 ml,Single,10.88
8372900639,Aim Roquesante Rose - ,750 ml,,16.93
8372900655,Nicol's Pinot Noir ,750 ml,,12.09
8372900665,Nicolas Cab Sauv ,750 ml,,12.09
8372900666,Nicolas Merlot ,750 ml,,10.88
8378311010,Sierra Nevada Hazy IPA ,,6-Pack,14.51
8378322200,Sierra nevada ,,12-Pack,24.19
8378322812,Sierra Nevada Seasonal ,,12-Pack,24.19
8378322856,Sierra Nevada Imperial IPA ,,6-Pack,14.51
8378322864,S.Nev.Atomic Torpedo,12 Oz,6-Pack,14.51
8378337521,Sierra Nevada Pale ale ,,6-Pack,14.51
8378353111,Sierra Nevada Hazy Ipa,,12-Pack,24.19
8378353578,Sierra Nevada Hazy Big Ipa ,,6-Pack,14.51
8382012360,Guinness 6Pk Can,16 Oz,6-Pack,18.14
8382012368,Guinness Draught  cans Box,,8-Pack,22.98
8382012386,Guiness Draught  ,16 Oz,18-Pack,48.39
8382012534,Guinness Zero,12 Oz,4-Pack,13.30
8382013894,Red Stripe  Box,,12-Pack,22.98
8382018110,Guinness Foreign Es,12 Oz,Single,3.03
8382018116,Guinness Foreign ,,4-Pack,11.31
8382023480,Guiness 22oz Stout,,,4.83
8382023482,Guinness Stout ,,12-Pack,22.98
8382056793,Red Stripe ,,6-Pack,11.12
8397094453,Fabrizia Limencello Gift Box,750 ml,,43.55
8.41003E+12,DOS MADERAS RUM ,750 ml,,36.29
8.41031E+12,El Miracle Granacha - ,750 ml,,12.09
8.41074E+12,Torre Orla 80Years Red Blend,750 ml,Single,6.04
8.41114E+12,Larios Rose Gin 700Ml,700 ML,Single,24.19
8.41142E+12,Anares Reserva - ,750 ml,,18.14
8.41142E+12,Cerro Anon Rioja Reserve,,,24.19
8.41142E+12,Cerro Anon Reserva - ,750 ml,,21.77
8.41142E+12,Cerra Anon Crianza - ,750 ml,,15.72
8.41142E+12,Laztanza Reserva - ,750 ml,,20.56
8.41142E+12,Orquestal ,750 ml,,8.46
8.41242E+12,Epilog Temp / Merlot ,750 ml,,12.09
8.41242E+12,Epilog Sauv blanc / Mosc ,750 ml,,12.09
8.4247E+12,Evodia Garnacha,750 ml,Single,16.93
8427900210,kinky aloha ,750 ml,,24.19
8427900211,KINKY ALOHA ,50 ml,,1.71
8427900484,Indigo gin ,50 ml,,1.08
8427900555,Kinky Fruit Punch ,750 ml,Single,14.51
8427900556,kinky fruit punch ,50 ml,,1.71
8427900629,KINKY CKTL PATIO PUNCH ,1.75 Lt,,21.77
8427900630,Kinky Cktl Marg Rtd,1.75 Lt,Single,13.30
8427900632,KINKY CKTL ALOHA BREEZE ,1.75 Lt,,21.77
8427900816,2Xoborbon  American Oak ,750 ml,,60.49
8427998343,Kinky Pink,750 ml,Single,24.19
8427998597,Kinky - ,50 ml,,1.71
8427998790,Tosti Mocato D'asti,750 ml,Single,16.93
8427998797,Marques De la Musa - ,750 ml,,15.72
8427998945,Kinky Pink,375 ml,,13.30
8427999152,Kinky Blue ,50 ml,,1.71
8427999153,Kinky Blue ,750 ml,Single,24.19
8427999210,Kinky Blue ,375 ml,,13.30
8427999512,Vidorra Sangria - ,1.5 Lt,,13.30
8427999525,Kinky  - ,50 ml,,1.14
8427999834,Kinky Red - ,50 ml,,1.71
8427999835,Kinky Red,750 ml,Single,24.19
8.437E+12,Tobia Seleccion - ,750 ml,,15.72
8.437E+12,Vega Tolosa  - ,750 ml,,9.67
8.43701E+12,Goru Verde Organic - ,750 ml,,13.30
8.43701E+12,GORU 18M  ,750 ml,,21.77
8.43702E+12,Puerto De Indias Pink Strawberry Gin,50 ml,Single,1.08
8.43702E+12,Puerto De Indias Black Gin,50 ml,Single,1.08
8438036091,Penn Dutch Egg Nog ,1.75 Lt,,32.66
8438036094,Penn Dutch Egg Nog ,750 ml,,16.93
8438036614,Penn Dutch Pumpkin,,,20.56
8438041134,Isish Manor ,750 ml,,32.66
8438041508,Canton Ginger Liquer ,375 ml,,16.93
8438042464,Bartender Bananas ,750 ml,,18.14
8438042504,Bartender Hot Sex ,750 ml,,18.14
8438042524,Bartender Kic Ass Mud 750,,,18.14
8438042534,BRTND ORANGE,750 ml,,18.14
8438042574,Bartenders Paloma,750 ml,,12.09
8438042634,Baternder's Coconut Rum,,,18.14
8438042674,Bartenders Iced Tea,750 ml,,12.09
8438043224,Brtnd Espresso Martini,750 ml,,16.93
8468700101,Erath Pinot Nior - ,750 ml,,21.77
8469220094,Alize Gold Passion-  ,750 ml,,32.66
8469220095,Alize Passion - ,375 ml,,16.93
8469220114,Alize Red - ,750 ml,,29.03
8469220115,ALIZE RED ,375 ml,,18.14
8469220613,Alize Blue ,200 ml,,12.09
8469220614,Alize Bleu Passion,750 ml,Single,29.03
8469220615,Alize Bleu Passion ,375 ml,,16.93
8469221310,Alize Peach ,750 ml,,29.03
8469230344,Fonseca Ruby Porto,,,22.98
8469230354,Fonseca Twany Porto,,,22.98
8469240054,Louis Jadot Beaujolais Vill,750 ml,Single,24.19
8469242454,Louis Jadot Pouilly Fuisse,,,42.34
8469243314,Louis Jadot Chablis,750 ml,Single,33.87
8469245514,Louis Jadot Chard Bourg,,,24.19
8469263368,Alize Pineapple,750 ml,,31.45
8469263369,alize pineapple ,375 ml,,16.93
8469264017,ALIZEMANGO ,375 ml,,16.93
8469264019,ALIZE MANGO ,750 ml,,29.03
8469265801,ALIZE PASSION ,750 ml,,31.45
8469265805,ALIZE PASSION ,375 ml,,18.14
8469265996,Rebellious Pinot Noir,750 ml,,21.77
8470409123,Korbel Brut,1.5 Lt,,32.66
8470409132,Korbel Brut - ,750 ml,,19.35
8470409139,Korbel Extra Dry,1.5 Lt,,32.66
8470409147,Korbel X Dry,,,19.35
8470409797,Korbel Sweet Rose ,750 ml,,19.35
8470409804,Korbel Sweet Cuvee ,750 ml,,19.35
8474500350,Me Merlot,750 ml,,44.76
8474640049,club tails bahama mama 24oz,,,4.21
8474640050,Clubtails Margarita Cocktail,24OZ,Single,3.92
8475670026,Gluweihn,,,12.09
8500000185,Barefoot Moscato - ,187 ml,Single,2.84
8500000216,Carlo Rossi Blush 4L,,,24.19
8500000379,E&J VSOP  - ,200 ml,,6.64
8500000381,E&J VSOP - ,750 ml,,16.93
8500000382,E&J vsop 1L,,,22.98
8500000383,E&J VSOP  - ,375 ml,,9.67
8500000393,E&J VSOP - ,1.75 Lt,,30.24
8500000413,E&J  ,750 ml,,15.72
8500000415,E & J,1.75 Lt,Single,30.24
8500000418,E & J,1 Lt,Single,20.56
8500000421,E&J ,200 ml,,5.69
8500000424,Bella Sera Pinot Grigio - ,1.5 Lt,,15.72
8500000426,E&J ,375 ml,,9.10
8500000480,CARLO ROSSI,,,10.88
8500000481,CARLO ROSSI CAB-SAUV,,,10.88
8500000488,Carlo Rossi ,1.5 Lt,,10.88
8500000494,Carlo Rossi White Zin ,1.5 Lt,,10.88
8500000501,Gallo Cab Sauv - ,1.5 Lt,,12.09
8500000506,Gallo Chard - ,1.5 Lt,,12.09
8500000528,Barefoot Pinot Grigio ,187 ml,Single,2.84
8500000531,Barefoot White Zin Single,187 ml,Single,2.84
8500000532,Fairbanks Por,750 ml,,10.88
8500000534,Fairbanks Port ,1.5 Lt,,16.93
8500000535,Fairbanks Port ,3 Lt,,30.24
8500000536,Barefoot Chard  Single,187 ml,Single,2.84
8500000546,Barefoot  Merlot ,187 ml,Single,2.84
8500000559,Barefoot Moscato ,187 ml,Single,2.84
8500000560,Barefoot Pinot Noir Single,187 ml,Single,2.84
8500000568,Rossi Sweet Red ,1.5 Lt,,10.88
8500000572,Carlo Rossi Sweet Red - 4L,,,24.19
8500000573,Barefoot Sweet Red Single,187 ml,Single,2.84
8500000587,Gallo Sauv Blanc 1.50L,,,12.09
8500000594,Barefoot Pink Moscato ,187 ml,Single,2.84
8500000664,Barefoot Rose ,187 ml,Single,2.84
8500000685,Rum Chata Coconut,50 ml,,1.94
8500000694,Carlo Rossi Burg 4L,,,24.19
8500000698,Carlo Rossi Burg 150L,,,10.88
8500000701,Carlo Rossi Rhine ,1.5 Lt,,10.88
8500000704,Carlo Rossi Chablis 1.50l,,,10.88
8500000713,Carlo Rossi Sangria 150L,,,10.88
8500000716,Carlo Rossi Sangria 4L,,,24.19
8500000718,Carlo Rossi Rhine 4L,,,24.19
8500000719,Carlo Rossi Chablis 4L,,,24.19
8500000722,Carlo Rossi Paisano 150l,,,10.88
8500000729,Carlo Rossi Paisano 4L,,,24.19
8500000743,ANDRE BRUT  - ,750 ml,,10.88
8500000747,ANDRE COLD DUCK  - ,750 ml,,12.09
8500000748,ANDRE X DRY - ,750 ml,,10.88
8500000784,Gallo White Zin ,1.5 Lt,,12.09
8500000828,Andre Spumante - ,750 ml,,10.88
8500000843,Ecco Domani Pinot Grigio ,750 ml,,14.51
8500000881,Camarena Silver - ,50 ml,,2.50
8500000911,E & J XO ,50 ml,,2.27
8500000915,E&J XO -  ,750 ml,,19.35
8500000920,E&J XO - ,375 ml,,10.88
8500000925,E&J XO - ,200 ml,,7.25
8500000985,Gallo Merlot - ,1.5 Lt,,12.09
8500001023,Carlo Rossi Chianti - 4L,,,24.19
8500001127,Liberty Creek White Zinfandel,1.5 Lt,Single,10.88
8500001128,Liberty Creek Merlot - ,1.5 Lt,,10.88
8500001129,Liberty Creek Cabernet Sauvingnon,1.5 Lt,Single,10.88
8500001130,Liberty Creek Chardonnay,1.5 Lt,Single,10.88
8500001141,Tisdale Merlot,,,7.25
8500001142,Tisdale Cab,,,7.25
8500001163,Louis Martini Sono Cab,750 ml,,24.19
8500001201,Whitehaven Sauv Blanc,,,24.19
8500001217,DaVinci Docg Chianti -,750 ml,,15.72
8500001227,Mirassou Pinot Noir ,750 ml,,10.88
8500001235,Andre Strawberry,,,10.88
8500001268,Andre Peach - ,750 ml,,10.88
8500001430,Amsterdan Gin - ,1.75 Lt,,26.61
8500001431,New Amsterdam Gin ,750 ml,,19.35
8500001443,Barefoot Pinot Grigio - ,1.5 Lt,Single,14.51
8500001444,Barefoot Pinot Grigio -,750 ml,Single,8.46
8500001445,Rossi Chardonnay - 4L,,,22.98
8500001446,Carlo Rossi Cabernet Sauv. - 4L,4 Lt,,24.19
8500001447,Carlo Rossi Merlot - 4L,4 Lt,,24.19
8500001448,Carlo Rossi White Zin 4L,,,24.19
8500001520,Gallo Moscato - ,1.5 Lt,,12.09
8500001581,Barefoot Riesling ,750 ml,Single,8.46
8500001586,Gallo Pinot Grigio ,1.5 Lt,,12.09
8500001588,Gallo Pinot Noir - ,1.5 Lt,,12.09
8500001604,Barefoot Bubbly Pinot Grig,750 ml,Single,13.30
8500001614,Don Miguel Gascon Malbec,,,19.35
8500001660,Starborough Sauv Blanc - ,750 ml,,18.14
8500001667,Barefoot Moscato - ,1.5 Lt,Single,14.51
8500001668,Barefoot Moscato - ,750 ml,Single,8.46
8500001680,Camarena Silver -  ,1.75 Lt,,54.44
8500001682,Camarena Silver -  ,750 ml,,30.24
8500001707,Barefoot Pinot Noir ,750 ml,Single,8.46
8500001716,Gallo Sweet Red - ,1.5 Lt,,12.09
8500001727,Camarena Silver ,375 ml,,15.72
8500001728,Camarena Silver - ,200 ml,,9.67
8500001730,Camarena Reposado,1.75 Lt,,62.91
8500001732,Camarena Reposado  - ,750 ml,,36.29
8500001733,Camarena Repos - ,375 ml,,15.72
8500001734,Camarena repo - ,200 ml,,9.67
8500001736,Barefoot Pinot Noir - ,1.5 Lt,Single,14.51
8500001759,Barefoot Bubbly Moscato- ,750 ml,Single,13.30
8500001773,Lamarca Prosecco,,,22.98
8500001774,Apothic Red - ,750 ml,,13.30
8500001802,Liberty Creek Sweet Red ,1.5 Lt,,10.88
8500001803,Liberty Creek Moscato ,1.5 Lt,,10.88
8500001805,Tisdale Pinot Noir,,,7.25
8500001813,Barefoot Reisling - ,1.5 Lt,Single,14.51
8500001817,Alamos Cab - ,750 ml,,14.51
8500001819,Alamos Malbec - ,750 ml,,14.51
8500001837,Tisdale Pinot Grigio,,,7.25
8500001838,Liberty Creek Pinot Noir ,1.5 Lt,,10.88
8500001839,Liberty Creek Pinot Grigio,1.5 Lt,Single,10.88
8500001846,Tisdale Sweet Red,,,7.25
8500001849,Barefoot Sweet Red ,750 ml,Single,8.46
8500001868,Barefoot Sweet Red - ,1.5 Lt,Single,14.51
8500001882,E & J Xo,1.75 Lt,Single,35.08
8500001945,Alamos Red Blend - ,750 ml,,14.51
8500001947,New Amsterdam Vdk - ,200 ml,,6.84
8500001948,New Amsterdam Vodka 375,,,9.10
8500001949,New Amsterdan - ,750 ml,,18.14
8500001951,New Amsterdam - ,1.75 Lt,,26.61
8500001965,Barefoot Bubbly Pink Mos,750 ml,Single,13.30
8500001973,Apothic White - ,750 ml,,13.30
8500001989,Barefoot Red Moscato - ,750 ml,Single,8.46
8500001991,Gallo Pink Moscato - ,1.5 Lt,,12.09
8500002021,Shellback Gold ,200 ml,,5.69
8500002028,Barefoot Red Moscato - ,1.5 Lt,Single,14.51
8500002030,Dark Horse Cab - ,750 ml,,10.88
8500002031,Dark Horse Chard - ,750 ml,,10.88
8500002032,Amsterdam Red Berry - ,750 ml,,18.14
8500002033,New Amsterdam Peach ,750 ml,,18.14
8500002036,New Amsterdam Berry - ,375 ml,,9.10
8500002037,New Amsterdam Red Berry,,,6.84
8500002039,New Amsterdam Peach - ,375 ml,,9.10
8500002040,New Amsterdam Peach ,200 ml,,6.84
8500002042,Carnivor Cab - ,750 ml,,14.51
8500002045,Barefoot Pink Moscato - ,750 ml,Single,8.46
8500002047,Gallo Red Moscato - ,1.5 Lt,,12.09
8500002060,Barefoot Pink Moscato - ,1.5 Lt,Single,14.51
8500002102,Rossi Moscato Sangria ,1.5 Lt,,10.88
8500002104,Rossi Mosc - Sangri 4L,,,21.77
8500002122,Viniq Original - ,375 ml,,15.72
8500002132,Amsterdam Citron ,750 ml,,18.14
8500002134,New Amsterdam Coconut,200 ml,,6.84
8500002135,Amsterdam Coco ,375 ml,,9.10
8500002136,Amsterdam Coco ,750 ml,,18.14
8500002150,Liberty Creek Pink Moscato,1.5 Lt,Single,10.88
8500002154,Apothic Rose - ,750 ml,,13.30
8500002157,Barefoot Malbec ,1.5 Lt,Single,14.51
8500002158,William Hill Merlot Central,,,19.35
8500002159,William Hill Chard Central,,,16.93
8500002160,William Hill Cab Central ,750 ml,,19.35
8500002165,New Amsterdam Peach ,1.5 Lt,,26.61
8500002167,New Amsterdam Berry ,1.5 Lt,,26.61
8500002169,New Amsterdam CoCo ,1.75 Lt,,26.61
8500002210,Barefoot Bubbly Pink Mos-,187 ml,,3.98
8500002224,tisdale 750 mascato,,,6.04
8500002226,Andre Moscato,,,10.88
8500002227,pink,,,9.67
8500002229,Amsterdam Pineapple,,,6.84
8500002230,New Am Pineapple - ,375 ml,,9.10
8500002231,New Am Pinaple ,750 ml,,18.14
8500002233,New Am Pineapple - ,1.75 Lt,,26.61
8500002243,Lamarca ,187 ml,,7.25
8500002256,Gallo Sweet Pineapple - ,750 ml,,6.04
8500002273,Barefoot Peach Fusion - ,750 ml,Single,13.30
8500002277,E&J Peach - ,50 ml,,1.43
8500002284,lamarca 1.75ml,,,39.92
8500002286,Apothic Dark - ,750 ml,,13.30
8500002287,Dark Horse Merlot  - ,750 ml,,10.88
8500002298,Gallo Sweet Berry - ,750 ml,,6.04
8500002316,New Amsterdam Mango,,,6.84
8500002317,New Am Mango - ,375 ml,,9.10
8500002318,New Am Mango - ,750 ml,,18.14
8500002320,New Am Mango - 1.75ML,,,26.61
8500002333,RUM HAVEN,,,1.43
8500002334,Rum haven ,750 ml,,27.82
8500002335,Rum haven ,1.75 Lt,,37.50
8500002344,Viniq Ruby - ,375 ml,,15.72
8500002348,Apothic Crush - ,750 ml,,13.30
8500002356,New Amsterdam Grapefruit ,750 ml,,18.14
8500002376,New Amsterdam Grapefruit ,1.75 Lt,,26.61
8500002400,E&J Apple - ,50 ml,,1.43
8500002402,E&J Apple - ,200 ml,,6.04
8500002403,E&J Apple - ,375 ml,,9.67
8500002404,E & J Apple - ,750 ml,,16.93
8500002406,E&J Apple ,1.75 Lt,,31.45
8500002407,E&J Peach,50 ml,Single,1.43
8500002409,E&J PEACH ,200 ml,,6.04
8500002410,E J Peach ,375 ml,,9.67
8500002411,E & J Peach,750 ml,Single,16.93
8500002427,New Amsterdam Grapefruit,200 ml,,6.84
8500002428,NA Grapefruit ,375 ml,,9.10
8500002429,New Amsterdam 100 Pf,,,6.84
8500002430,NEW AMS 100PROOF,,,10.88
8500002431,New Amsterdam 100Proof,750 ml,,20.56
8500002456,New Amsterdam 100 Proof,1.75 Lt,,32.66
8500002470,FLEUR DE MER,,,24.19
8500002485,New Amsterdam Apple ,200 ml,,6.84
8500002486,New Amsterdam Apple - ,375 ml,,9.10
8500002487,New Amsterdam Apple - ,750 ml,,18.14
8500002488,New Amsterdam Apple - 1.75ML,,,26.61
8500002490,Apothic Inferno - ,750 ml,,16.93
8500002501,Carlo Rossi Sangria ,750 ml,,6.04
8500002502,CARLO ROSSI SANGRIA,,,6.04
8500002503,Carlo Rossi Pink Moscato Sang,,,6.04
8500002504,Carlorossi Sweet Reed,750 ml,,6.04
8500002505,Barefoot Sangria - ,750 ml,Single,8.46
8500002506,Barefoot Sangria Red - ,1.5 Lt,Single,14.51
8500002524,Andre Brut Rose - ,750 ml,,10.88
8500002528,Dark Horse Pinot Grigio ,750 ml,,10.88
8500002534,Palermo Cabernet Sauignon 2021,750 ml,,66.54
8500002536,Abstract Red Blend 2021,750 ml,,45.97
8500002539,Mannequin Chardonnay 2021,750 ml,,42.34
8500002557,Gallo Sweet Apple - ,750 ml,,6.04
8500002572,E&J VANILLA ,50 ml,,1.43
8500002573,E&J VANILLA ,200 ml,,6.04
8500002574,E&J Vanilla ,375 ml,,9.67
8500002575,E & J Vanilla - ,750 ml,,16.93
8500002587,Barefoot rose - ,750 ml,Single,8.46
8500002628,CARLO ROSSIPINK SANGRIA,,,10.88
8500002647,BAREFOOR ROSE-,1.5 Lt,,14.51
8500002654,New Amsterda lemon ,1.75 Lt,,26.61
8500002670,8 Years In The Desert Red 2021,750 ml,,48.39
8500002673,BARE FOOT BUBBLY ROSE,,,13.30
8500002691,CAMARENA ANEJO,,,36.29
8500002702,Pprophecy Rose ,750 ml,,14.51
8500002871,carlo pink mas 4L,,,24.19
8500002900,BARE FOOT PEACH MOS.,,,8.46
8500002901,BARE FOOT STRAW MOSCATO,,,8.46
8500002902,barefoot apple 750,750 ml,Single,8.46
8500002937,Librty Creek Rose,,,10.88
8500002951,Apothic Sparkl red ,750 ml,,19.35
8500002962,amsterdam pink whitney,750 ml,,19.35
8500002973,CARLOROSSI WATERMELON,,,6.04
8500002974,CARLOROSSI RASPBERRY,,,6.04
8500002975,Carlorossi Pineapple Sasgria,,,6.04
8500002986,HIGH NOON VARETY,,12-Pack,38.71
8500002988,Barefoot Apple ,1.5 Lt,Single,14.51
8500002989,Barefoot Peach ,1.5 Lt,Single,14.51
8500002990,Barefoot Strawberry ,1.5 Lt,Single,14.51
8500002991,Barefoor Watermelon ,1.5 Lt,Single,14.51
8500002992,Bearfoot Watermelon,750 ml,Single,8.46
8500003000,New Amsterdam Watermelon ,200 ml,,6.84
8500003091,New Amsterdam Watermelon ,375 ml,,9.10
8500003092,NMS WATER MELON,750 ml,,18.14
8500003094,NMS WATERMELON1.75ML,,,26.61
8500003096,APOTHIC CAB 750,,,13.30
8500003108,new.ams.,750 ml,,18.14
8500003109,LAMARCA PROSECCO,,,12.09
8500003127,Barefoot Sweet Rode,,,13.30
8500003135,New Amsterdam Pink 1Ltr,,,21.77
8500003136,New Ams Pink Whitney,1.75 Lt,,27.82
8500003151,High Noon Variety ,12 Oz,8-Pack,26.61
8500003164,Prophecy chard ,750 ml,,12.09
8500003178,Barefoot Blueberry ,750 ml,Single,8.46
8500003179,BARE FOOT BLU.BERRY1.5ML,,,14.51
8500003193,bare foot buttery chard.1.5ml,,,14.51
8500003214,Apothic Merlot ,750 ml,,13.30
8500003217,Barefoot Mango ,750 ml,Single,8.46
8500003218,Barefoot Mango ,1.5 Lt,Single,14.51
8500003233,Apothic Pinot Noir ,750 ml,,13.30
8500003234,Carlo Rossi Blueberry Sangaria 750,750 ml,,6.04
8500003235,Carlo Rossui Peach Sangria 750,,,6.04
8500003244,LAMARCA ROSE ,750 ml,,22.98
8500003245,carlo rossi cherry ,750 ml,,6.04
8500003248,Carlo Rossi Watermelon Sangria,1.5 Lt,,10.88
8500003253,New Amsterdam Pink Whitney,,,6.84
8500003254,New Amsterdam Pink Whitney 375,,,9.10
8500003255,highnoon variety,,8-Pack,26.61
8500003285,B.F BRIGHT CHARD. ,750 ml,,8.46
8500003286,B.F BRIGHT ROSE ,750 ml,,8.46
8500003331,BAREFOOT PINEAPPLE,750 ml,Single,8.46
8500003332,BARE FOOT PINEAPPLE 1.5ML,,,14.51
8500003366,Lolli Sweet Red,750 ml,Single,18.14
8500003404,Mercer Prince ,750 ml,Single,38.71
8500003412,Barefoot Sweet Cranberry,750 ml,Single,8.46
8500003413,Barefoot Sweet Cranberry,1.5 Lt,Single,14.51
8500003414,CLOUS.BUTTERY CHARD ,750 ml,,19.35
8500003417,New Amsterdam Passion Fruit ,200 ml,,6.84
8500003418,NEW.AMS.PASSION FRUIT ,375 ml,,9.10
8500003419,NEW.AMS.PASSION FRUIT,750 ml,,18.14
8500003420,New Amst. Passionfruit,1.75 Lt,,26.61
8500003427,Wild Horse Paso Robles,750 ml,Single,29.03
8500003429,HIGH NOONCKTL VAR POOL ,,8-Pack,26.61
8500003432,Andre Peach  Bellini,750 ml,,10.88
8500003433,Andre Pineapl Mimosa,750 ml,,10.88
8500003434,Andre Sangria,750 ml,Single,12.09
8500003448,High Noon Cktl Pineapple ,750 ml,,7.25
8500003449,High Noon Peach,,,7.25
8500003453,High Noon Tail Gate,,8-Pack,26.61
8500003480,New Amsterdam Tangerine,200 ml,,6.84
8500003481,New Amsterdam Tangerine,375 ml,,9.10
8500003482,New Amsterdam Tangerine,750 ml,,18.14
8500003483,New Amsterdam Tangerine,1.75 Lt,,26.61
8500003492,Barefoot Lemonade,750 ml,Single,8.46
8500003551,Taylor Port Sweet,375 ml,,6.04
8500003576,Rum Chata Coconut ,750 ml,,36.29
8500003579,Vibe Blue Raspberry,500 ml,,6.04
8500003580,Vibe,500 ml,,6.04
8500003581,Vibe Straw.Limeade,500 ml,,6.04
8500003618,Barefoot Lemonade,1.5 Lt,Single,14.51
8500003635,Lolli Sweet Twist,,,18.14
8500003636,Lolli Wine Cocktail,750 ml,Single,18.14
8500003661,Highnoon El Pres Pack,,12-Pack,38.71
8500003679,High Noon Snow Bird,,8-Pack,26.61
8500003696,Vibe Margarita,500 ml,Single,6.04
8500003697,Andre Mango Mimosa,750 ml,,10.88
8500003699,Andre Straw. Mimosa,750 ml,,10.88
8500003712,Mark West Cabernet Sauv,750 ml,,13.30
8500003739,High Noon Tequila 8 Pk,12 Oz,8-Pack,29.03
8500003758,Vibe Mango,500 ml,,6.04
8500003759,Vibe Peach,500 ml,,6.04
8500003760,Barefoot Pear,750 ml,Single,8.46
8500003761,Barefoot Pear,1.5 Lt,Single,14.51
8500003762,Taylor Port Black ,1.5 Lt,,24.19
8500003765,Rumchata Pineapple Cream,750 ml,Single,36.29
8500003766,Black Box Red Blend,3 Lt,Single,24.19
8500003772,High Noon Lime,,,7.25
8500003896,High Noon Vodka Iced Tea,12 Oz,8-Pack,26.61
8500003905,Andre Mimosa Pinapple,375 ml,,4.83
8500003906,Andre Mimosa Swaberry,375 ml,,4.83
8500003947,Barefoot Sauv. Blanc,187 ml,4-Pack,9.67
8500003960,Beach Juice Pine Passion,500 ml,Single,4.83
8500003971,Vibe Watermelon Lemonade,500 ml,Single,6.04
8500004002,Vibe Cherry Lemonade,500 ml,Single,6.04
8500004005,Highnoon Variety,12 Oz,8-Pack,26.61
8500004006,Highnoon Beach,,12-Pack,38.71
8500004019,High Noon Iced Tea,,8-Pack,26.61
8500004020,High Noon Vodka Iced Tea,750 ml,,7.25
8500004066,Lamarca Prosecco Demi Sec,,,22.98
8500004069,Lucky One Lemonaed Original,355 ML,4-Pack,13.30
8500004071,Lucky One Lemonnade Peach,355 ML,4-Pack,13.30
8500004073,Lucky One Lemonaed Raspberry,355 ML,4-Pack,13.30
8500004075,Lucky One Lemonaed Blueberry,355 ML,4-Pack,13.30
8500004076,Lucky One Lemonaed Variety Pack,355 ML,8-Pack,25.40
8500004185,Barefoot Red Mosc  - ,187 ml,4-Pack,9.67
8500004205,Lucky One Sweet Tea Vodka Variety ,355 ML,8-Pack,25.40
8500004209,Lucky One Sweet Tea Half & Half,355 ML,4-Pack,13.30
8500004211,Lucky One Sweet Tea Raspberry,355 ML,4-Pack,13.30
8500004213,Lucky One Sweet Tea Peach ,355 ML,4-Pack,13.30
8500004256,Highnoon Transfusion 6 Pk Can,12 Oz,6-Pack,24.19
8500004528,Barefoot PG  - ,187 ml,4-Pack,9.67
8500004531,Barefoot White Zin ,187 ml,4-Pack,9.67
8500004536,Barefoot Chard ,187 ml,4-Pack,9.67
8500004546,Barefoot Merlot  ,187 ml,4-Pack,9.67
8500004559,Barefoot Moscato ,187 ml,4-Pack,9.67
8500004560,Barefoot Pinot Noir ,187 ml,4-Pack,9.67
8500004573,Barefoot Sweet Red ,,4-Pack,8.46
8500004594,Barefoot Pnk Moscoto ,187 ml,4-Pack,9.67
8500004664,Barfood Rose,,4-Pack,9.67
8500010675,Pink Whitney Sleeve,50 ml,10Pk (Carton),12.09
8500020675,Pink Whit Bucket,50 ml,20 pack,22.98
8500024879,Barefoot Bubbly Brut ,,4-Pack,14.51
8500032243,Lamarca 3pack,,,20.56
8500042210,Barefoot Bubbly Pink  ,187 ml,4-Pack,14.51
8500042627,HIGH NOON,,,14.51
8500042891,Barefoot Spritzer PM ,187 ml,4-Pack,9.67
8500042925,HIGHNOON,,,14.51
8500042926,HIGH NOON,,,14.51
8500042927,HIGHNOON,,,14.51
8500043095,High Noon LIme ,,4-Pack,14.51
8500043104,Barefoot Seltzers Pineapple,187 ml,4-Pack,9.67
8500043137,High Noon Peach ,,4-Pack,14.51
8500043232,High Noon Mango ,,4-Pack,14.51
8500043256,HIGHNOON PASSONCAN,,4-Pack,14.51
8500043426,HIGH NOON LEMON ,,4-Pack,14.51
8500043443,NEW AMS.WILD CARD LEMON ,,4-Pack,16.93
8500043445,NEW AMS. PUNCH ,,4-Pack,16.93
8500043596,High Noon Lime Tequila,355 ML,4-Pack,14.51
8500043597,High Noon Tequila,12 Oz,4-Pack,14.51
8500043892,High Noon,12 Oz,4-Pack,14.51
8500043893,Highnoon Vodka Icetea Peach,,4-Pack,14.51
8500044122,Barefoot Pinot Grigio,200 ml,4-Pack,9.67
8500044124,Barefoot Cabernet,200 ml,4-Pack,9.67
8500044125,Barefoot Chardonnay,200 ml,4-Pack,9.67
8500044126,Barefoot Moscato,200 ml,4-Pack,9.67
8503436008,Sugar Rush Pineapple,750 ml,,14.51
8503436009,Sugar Rush Mango,750 ml,,14.51
8504210710,COQUITO TRIGO ,750 ml,,24.19
8515500040,Chandon Rose,,,27.82
8515527321,CHANDON BRUT ,750 ml,,24.19
8515612215,Ketel One Vodka ,375 ml,,12.09
8515651541,Ketel One - ,750 ml,,26.61
8515667500,KETOL PEACH /ORANGE ,750 ml,,27.82
8515677500,KETEL GRAPEFRUIT /ROSE ,750 ml,,27.82
8515680368,Ketle One - ,1.75 Lt,,43.55
8515687500,KETEL CUCUMBER /MINT ,750 ml,,27.82
8520002081,Iron + Sand Cab,750 ml,Single,30.24
8520002752,Sugar Island CoCo ,750 ml,,24.19
8520010448,Suter Home Rose,187 ml,4-Pack,8.46
8520011875,Sutter Home PG  - ,187 ml,4-Pack,9.67
8520021874,Sutter Home Merlot  ,187 ml,4-Pack,9.67
8520051874,Sutter Home Cab  - ,187 ml,4-Pack,9.67
8520061874,Sutter Home Chard -  ,187 ml,4-Pack,9.67
8520091874,Sutter Wht Zinf  ,187 ml,4-Pack,9.67
8520091875,Sutter Home Moscat  - ,187 ml,4-Pack,9.67
8520091876,Sutter Sweet Red  - ,187 ml,4-Pack,9.67
8524613941,Makers Mark ,1.75 Lt,,70.17
8524613943,Makers Mark ,750 ml,,42.34
8524613946,Maker's Mark - ,200 ml,,16.32
8524617156,Maker Mark,50 ml,,4.83
8524618500,Maker's Mark - ,375 ml,,26.61
8524650010,Maker's Mark 46 - ,750 ml,,54.44
8524650032,makers 46 ,375 ml,,29.03
8524650080,MAKERS ,750 ml,,42.34
8524650156,Maker's Mark 101 ,750 ml,,45.97
8524650256,Marker's Mark 2024 - 750Ml,750 ml,Single,98.00
8559210456,Mccormick Vdk 80pf ,375 ml,,4.84
8559212102,Tequila Rose - ,1.75 Lt,,48.39
8559212104,Tequila Rose - ,750 ml,,30.24
8559212106,Tequila Rose - ,375 ml,,16.93
8559212108,Tequila Rose - ,50 ml,,1.71
8559212109,Hussong Teq Rose ,200 ml,,9.10
8559212835,Hussong Tequila Rose gift,,,30.24
8559215535,TEQUILA ROSE STAW,,,30.24
8.59026E+11,La Gritona Reposado,750 ml,Single,65.33
8.59026E+11,La Gritona Tequila Repo,375 ml,Single,43.55
8597603393,Manis Concord ,750 ml,,12.09
8597603400,Manis Blackberry ,750 ml,,12.09
8597603401,Manischevit Cherry,,,12.09
8597603407,Manis Crean White ,750 ml,,10.88
8597603415,Manis  Concord 150L,,,15.72
8597603422,Manischwitz BBerry ,1.5 Lt,,16.93
8597603423,Manischewitz Cherry ,1.5 Lt,,15.72
8597603458,Manischwitz Grape 3L,,,22.98
8600300008,Woodbridge chardonnay,,,8.46
8600300009,Woodbridge Cab ,750 ml,,8.46
8600300049,Woodbridge Merlot -  ,750 ml,,8.46
8600300050,Woodbridge Merlot - ,1.5 Lt,,15.72
8600300150,R.Mondavi Merlot - ,1.5 Lt,,21.77
8600300160,R.Mondavi Priv Cab ,1.5 Lt,,21.77
8600300164,Woodbridge Pinot Grigio 750,,,8.46
8600300165,Woodbridge Pinot Grogio ,1.5 Lt,,15.72
8600300242,Woodbridge Cab - ,187 ml,,2.84
8600300244,Woodbridge Chard - ,187 ml,,2.84
8600300248,Robert Mondavi Cab.Sauv,375 ml,,9.67
8600300256,Woodbridge Cab  - ,187 ml,4-Pack,9.67
8600300257,Woodbridge Merlot  ,187 ml,4-Pack,9.67
8600300258,Woodbridge Chard  - ,187 ml,4-Pack,9.67
8600300259,Woodbridge W. Zin  - ,187 ml,4-Pack,9.67
8600300295,Woodbridge Pinot Grigio 187,,,2.84
8600300296,WOOD BRIDGE -PG-,,4-Pack,9.67
8600300339,Woodbridge Pinot Noir 750,,,8.46
8600300340,WoodBridge PinotNoir ,1.5 Lt,,15.72
8600300431,Woodbridge Moscato - ,1.5 Lt,,15.72
8600305184,Robert Mondavi Napa Cab,,,48.39
8600324901,Ravage Knight Fall Blend,,,15.72
8600325400,Cooper@Thief Red,750 ml,,31.45
8600325506,The Prisoner Red Wine,750 ml,,60.49
8600326725,High West2pk Combo,750 ml,,90.74
8600326732,High West Cask Collection,750 ml,Single,120.99
8600327201,Mi Campo Teq Reposado,750 ml,,35.08
8600327206,Mi Campo Blanco,375 ml,Single,15.72
8600327207,Mi Campo Reposado,375 ml,Single,16.93
8600327212,Mi Campo Reposado,1.75 Lt,Single,62.91
8600327802,UNSHACKLED CAB ,750 ml,,30.24
8600378036,ROBERT MON BUTTERY CHAR,750 ml,,21.77
8600378039,Robert Mondavi Merlot 375,,,9.67
8600378040,Robert Mondavi Cab ,375 ml,,9.67
8600378041,Robert Mondavi Chard ,375 ml,,9.67
8600381385,Woodbridge Cab  - ,1.5 Lt,,15.72
8600382046,Woodbridge Red Blend ,750 ml,Single,8.46
8600382065,Woodbridge Rose ,1.75 Lt,,15.72
8600382091,WOODBRIDGE BUTTERY CHARD,,,15.72
8600382094,Wood Bridge Pinot Grigio,3 Lt,,20.56
8600382118,Woodbridge Sauv Sessions,750 ml,Single,9.67
8600382119,Woodbridge Red Blend Session,750 ml,Single,8.46
8600384385,Woodbridge White Zin 1.50l,,,15.72
8600386186,Woodbridge Sauv Blanc,,,8.46
8600386386,Woodbridge Sauv Blnc 1.50,,,15.72
8600387388,Woodbridge Chard - ,1.5 Lt,,15.72
8601250044,Fortisimo-,1.5 Lt,,19.35
8601250045,Fortisimo-3L,,,26.61
8601280101,Divining Rod Cab - ,750 ml,,20.56
8601280201,Divining Rod Chard - ,750 ml,,20.56
8601280301,tHE DIVINE ROD 750M L,750 ml,,12.09
8602401541,Ryan's Irish Cream ,1.75 Lt,,31.45
8602401543,Ryan's ,750 ml,,18.14
8602402411,Fu ki Plum - ,750 ml,,20.56
8602402413,Fu-Ki Sake - ,750 ml,Single,20.56
8602404657,Wincarnis ,750 ml,,15.72
8603681547,CHRISTIAN BRO 175L,,,26.61
8603681559,CHRISTIAN BRO ,750 ml,,18.14
8603681567,Christian Bro ,375 ml,,8.46
8603681570,Christian Brother ,200 ml,,4.56
8607208507,sao paulo 1 liter cachach,,,15.72
8615000005,Stella,12 Oz,6-Pack,14.51
8615000014,Stella  11.5oz Box,,12-Pack,24.19
8615000030,LEFFE BLONDE ,,6-Pack,15.72
8615000038,STELLA ARTOIS 24 LOOSE,12 Oz,24-Pack,42.34
8615000057,Stella 22oz Btl,,,4.49
8615000146,Hoegararden,12 Oz,6-Pack,14.51
8615000149,STELLA ,,18-Pack,33.87
8615000221,STALLA ,7 Oz,,35.08
8615000222,Stella Mini,,6-Pack,10.88
8615000223,STELLA ,7 Oz,,1.82
8616200297,Vitamin Water 0 Sugar,20 Oz,Single,3.33
8616200498,Vit ,,,3.03
8616208000,Vitamin  Water,,,3.63
8632100277,Privilege De Drouet Sauv - 750,,,12.09
8633200008,Cancao Red - ,1.5 Lt,,21.77
8633200024,Cancao Red - ,750 ml,,12.09
8633200026,Cancao Red 4L,,,33.87
8633200061,Catuaba Generosa ,750 ml,,15.72
8633200089,Cachaca Seleta Gold - 1L,,,27.82
8633200092,Cachaca Seleta Silver - 1L,,,27.82
8633200099,Boazinha Gold - 1L,,,24.19
8636700013,La Playa Sauv ,1.5 Lt,,14.51
8672411078,Ozeki Hana Awaka sake,,,12.09
8676721002,Baileys - ,1.75 Lt,,67.75
8676721006,Baileys - ,750 ml,,42.34
8676721009,Baileys ,375 ml,,25.40
8676721010,Baileys ,200 ml,,16.93
8676721012,Baileys Original,50 ml,,3.98
8676722106,Romana Sambuca Black ,750 ml,,38.71
8676749126,Floriovo ,750 ml,,13.30
8676750006,Goldschlager ,750 ml,,29.03
8676752004,Rumple Minze 1L,,,43.55
8676752006,Rumple Minze - ,750 ml,,35.08
8676752022,Rumple Minze - ,50 ml,,3.70
8676770175,Baily's Carmel - ,50 ml,,2.21
8676770176,Baileys Caramel ,750 ml,,42.34
8676770438,Bailey's Vanilla Cinnam ,750 ml,,42.34
8676770454,Baileys  Espresso,50 ml,,2.00
8676770456,Bailey's Expresso - ,750 ml,,42.34
8676770483,Baileys Strawberry ,750 ml,,42.34
8676770501,Bailey's Red Velvet ,750 ml,,42.34
8676770505,BAILEY COLADA ,750 ml,,42.34
8676770512,Bailey ,750 ml,,43.55
8676770513,BAILEYS APPLE PIE ,750 ml,,44.76
8676770517,Bailey's  Light ,750 ml,,42.34
8676770540,Bailey's Original Gift Pack,750 ml,Single,45.97
8676770541,BAILEYS SMORES ,750 ml,,42.34
8676770542,Rumple Minze - ,200 ml,,10.88
8676770543,Rumple Minze - ,375 ml,,18.14
8676770544,Baileys Vanilla Mint Shake,750 ml,,42.34
8676770548,Baileys Chocolate,750 ml,,42.34
8676770550,Baileys Churros,50 ml,Single,2.27
8676770552,"Bailey""S Churros ",750 ml,Single,42.34
8676770559,Bailey's Chocolate,50 ml,Single,2.27
8676770562,Baily's Coffe Toffe,50 ml,Single,2.21
8676770565,Bailey Coffe Toffe,750 ml,,43.55
8676770566,Baily's Cookies Cream,50 ml,Single,2.21
8676770569,Bailey Cookies Creamy,750 ml,,43.55
8676770590,Rumple Minze Cinnamint 100 Pf,750 ml,Single,25.40
8678500003,Cavit Pinot Grigio - ,1.5 Lt,,16.93
8678500008,Cavit Pinot Grigio - ,750 ml,,12.09
8678501234,GUN POWDER IRISH GIN,,,41.13
8678509110,GUN POWDER IRISH GIN CITRUS,,,48.39
8678511073,Roscato Blueberry,750 ml,,12.09
8678511074,Roscato Peach,750 ml,,12.09
8678511079,Roscato Blackcherry,750 ml,,12.09
8678511082,Roscato Blueberry,750 ml,,14.51
8678511083,Roscato Tropical ,750 ml,,14.51
8678512031,CHIANTI CLASSICO,,,20.56
8678512033,CHIANTI CLASSICO,,,18.14
8678517000,Yealands Sauv Blanc 750Ml,750 ml,Single,21.77
8678521109,Cavit Pinot Grigio,187 ml,,3.03
8678521110,Cavit  Pinot Grigio,,4-Pack,12.09
8678521137,Cavit Merlot,187 ml,4-Pack,12.09
8678521150,Cavit Pinot Noir ,1.5 Lt,Single,16.93
8678521166,Cavit Pinot Noir,187 ml,,3.03
8678521180,Cavit  Pinot Noir,,4-Pack,12.09
8678521208,Cavit Riesling ,1.5 Lt,Single,16.93
8678521242,Cavit Moscato,1.5 Lt,,16.93
8678521246,Roscato Rose - ,750 ml,,14.51
8678521260,ROSCATO ,187 ml,,4.83
8678521261,ROSCATO 3PACK,187 ml,,12.09
8678521300,ROSCATOMOSCATO,750 ml,,14.51
8678521305,Roscato Moscato 250m,50 ml,,4.84
8678521309,CAVIT ROSE ,1.5 Lt,,16.93
8678521312,roscato gold ,750 ml,,14.51
8678526051,Bottega Prosecco,375 ml,,8.46
8678526097,Bottega Limoncino ,750 ml,,30.24
8678526099,Bottega Sambuca,750 ml,Single,38.71
8678539050,Roscato Sweet Red,1.5 Lt,,29.03
8678541027,Barolo Serralunga D'alba,750 ml,Single,76.22
8678545000,Lancers Rose ,750 ml,,14.51
8678549415,Mon Frere Chard ,750 ml,,14.51
8678549416,Mon Frere Cab Sauv ,750 ml,,9.67
8678549418,Mon Frere Pinot Noir ,750 ml,,7.25
8678564325,DOS MADERAS ,750 ml,,36.29
8678564326,Dos Maderas 5+5,750 ml,Single,48.39
8678567022,Confetti Summer Peach,12 Oz,Single,12.09
8678567024,Confetti Pink Grapefruit,750 ml,Single,12.09
8678575035,Callia Alta Malbec 2022,750 ml,,13.30
8678581005,Boissiere Dry Vermouth,750 ml,Single,13.30
8678581007,Boissiere Sweet Vermouth,750 ml,Single,13.30
8678582014,Monte Azul Plata,750 ml,Single,26.61
8678585001,Invivo Sauvignon Blanc,750 ml,,21.77
8678590003,Cinzano xdry Vermouth,750 ml,,14.51
8678590012,Cinzano Spumante,,,16.93
8678598005,Batasiolo Barolo,750 ml,Single,133.09
8678800090,SMITH& HOOK ,750 ml,,24.19
8678844400,Hahn Pinot Gris,750 ml,,15.72
8678866688,Hahn Cab,,,15.72
8678888802,Hahn Pinot Noir,,,15.72
8689107027,Mastroberardino,,,36.29
8689108003,Seven Daughters Moscato,750 ml,Single,14.51
8689108304,The Ferderalist Zinfadel,,,19.35
8689108318,FEDERALIST CAB ,750 ml,,19.35
8689108951,Amarula Ethiopian Coffee Cream,750 ml,Single,36.29
8689109058,The Federalist Sauv,750 ml,Single,18.14
8700000270,Captain Morgan Spiced - 1L,,,29.03
8700000271,Captain Spice - ,750 ml,,24.19
8700000404,Bulliet Bourbon ,1.75 Lt,,62.91
8700000412,Bulleit Bourbon - ,375 ml,,26.61
8700000418,Parrot Bay Trav ,750 ml,,18.14
8700000552,Bulliet Bourbon ,750 ml,,42.34
8700000727,Crown Royal ,200 ml,,12.09
8700000733,Seagrams 7 - ,750 ml,,21.77
8700000760,Crown Royal - ,375 ml,,20.56
8700020115,Capt Morgan Spice ,1.75 Lt,,36.29
8700020178,Private Stock ,750 ml,,35.08
8700055028,Martell VSOP - 1L,,,60.49
8700070060,Crown Royal  ,1.75 Lt,,60.49
8700070070,Seagram 7 - ,1.75 Lt,,31.45
8700070075,Seagram VO -  ,1.75 Lt,,31.45
8.71052E+12,Olifant - ,1.75 Lt,,26.61
8711600770,Leroux ,375 ml,,10.88
8711600771,Leroux 200Ml,200 ml,Single,9.08
8711600833,Kamora Coffee Liqueur,1 Lt,,18.14
8711600984,Leroux Watermelon,750 ml,Single,18.14
8711601448,Uv Blue Raspberry ,750 ml,,16.40
8711603612,Revel Stoke Pecan Whisky,750 ml,Single,25.40
8711603614,Revel Stoke Pecan Whiskey,50 ml,Single,1.31
8711606968,Belvedere - ,750 ml,,38.71
8711606973,Belvedere ,1.75 Lt,,67.75
8.71244E+12,COPPA COSMOPOLITAN ,750 ml,,19.35
8.71244E+12,Coppa Cocktails Mojito,,,19.35
8.71244E+12,COPPA LONG ISLAND ICED TEA,,,19.35
8.71244E+12,coppa tequila ,750 ml,,19.35
8.71244E+12,COPPA STRAWBERRY,,,19.35
8715292031,Elmo Pio Asti ,750 ml,Single,12.09
8720200017,Pavao Vinho Verde,750 ml,,9.67
8720200040,Vice Rei Anis - 1L,,,21.77
8720200044,Ginjinha Vice Rei,750 ml,Single,44.76
8720200049,Vice Ret Agua - 1L,,,32.66
8720200262,Jamel Cachaca Silver - 1L,1 Lt,,22.98
8720200263,Jamel Cachaca Gold - 1L,1 Lt,,25.40
8722400900,Presidential Tawny - ,750 ml,,19.35
8722400910,Presidential Ruby - ,750 ml,,19.35
8722400916,Pre.Aged Tawny Portmatured In Wood 10Year,750 ml,,60.49
8722400920,Presidential  20Years,750 ml,,76.22
8722400924,Presidential 20y Decant,750 ml,Single,72.59
8723600113,Remy Vsop ,200 ml,,19.35
8723600116,Remy Martin Vsop ,750 ml,,67.75
8723600118,Remy Martin VSOP -  1L,,,88.32
8723600120,Remy 1.75ml,,,181.49
8723600121,Remy Martin Vsop ,375 ml,,33.87
8723600168,Remy Martin Vsop,50 ml,Single,7.68
8723600211,Remy 1738 - ,750 ml,,79.85
8723600214,Remy VSOP - ,100 ml,,13.30
8723600215,Remy Martin 1738,,,7.25
8723600241,Remy 1738 - ,200 ml,,25.40
8723600283,Remy 1738 - ,375 ml,,42.34
8723600292,REMY 1738  LITER,,,99.21
8723600314,Remy Xo,750 ml,Single,266.19
8723600438,Remy Martin Vsop Heritage,750 ml,Single,54.44
8723610801,REMY V ,750 ml,,54.44
8723610807,Remy's V White,750 ml,Single,42.34
8723610904,Remy V - ,375 ml,,30.24
8723621021,Metaxa 5 star ,750 ml,,30.24
8723621035,Ouzo Mex - ,750 ml,,29.03
8723621048,Metaxa 7 star ,700 ML,,39.92
8723656500,COINTREAU - 1 L,,,60.49
8723656510,COINTREAU - ,750 ml,,59.28
8723656520,COINTREAU - ,375 ml,,32.66
8723656530,Cointreau Liquor,50 ml,Single,4.54
8723656537,Passoa Passion ,750 ml,,24.19
8723656555,Cointreau ,1.75 Lt,,125.83
8723656609,Cointreau Orange & Blood Orange,750 ml,Single,33.87
8723656610,Cointreau Lemon & Lime,750 ml,Single,33.87
8723665799,Ponche Kuba Cream Liqueur,750 ml,Single,33.87
8723695002,Mt Gay Eclipse Rum 1L,1 Lt,,27.82
8723695014,Mount Gay XO - ,750 ml,,94.37
8723695092,Mount Gay Silver Rum,1 Lt,Single,35.08
8723699200,ST REMY ,750 ml,,21.77
8723699205,St-Remy Vsop,1.5 Lt,Single,39.92
8724188047,SONO.SWEET WHITE ,750 ml,,13.30
8724188048,SONO.SWEET ROSE ,750 ml,,13.30
8724188109,Mezzacorona Pinot Grigio +Tax,,,16.93
8734134006,APEROL ,375 ml,,24.19
8734134009,Aperol Spritz Rtd 4 Pack,200 ml,4-Pack,24.19
8735642112,Clos Du Bois Merlot - ,750 ml,,12.09
8735651012,Clos Du Bois Chardonnay,750 ml,Single,13.30
8735653512,Clos Du Bois Sauv Blanc,,,19.35
8735710005,Covey Run Riesling - ,750 ml,,13.30
8744721872,Raymond Reserve Selection Napa Valley Cabernet Sauvignon,,,72.59
8751291235,R. Strong Sonom Cab - ,750 ml,,24.19
8751291325,R. Strong Sonom Chard - ,750 ml,,24.19
8751292968,Rodney Strong Cab. Sauvignon,750 ml,Single,27.82
8751294305,rodney STRONG SAUVIGNON,,,16.93
8764711167,Dalmore 12yrs,,,83.48
8764711196,John Barr ,750 ml,,21.77
8764711233,John Barr,1.75 Lt,Single,39.92
8769200033,Angry Orchards Apple Bottles,12 Oz,12-Pack,22.98
8769200037,Sam Adam's Pumpkin  Box,,12-Pack,22.98
8769200057,TWISTED TEA HALF&HALF ,,18-Pack,31.45
8769200083,Angry Ochard Crisp Apple,12 Oz,12-Pack,22.98
8769200149,Angry orchid Green Apple ,,6-Pack,13.30
8769200150,Angry Orchid Green Apple Sgl,,,2.48
8769200358,Samuel Adams Summer Mix,12 Oz,12-Pack,25.40
8769200378,Twisted Tea Party Pack ,,12-Pack,24.19
8769200424,Truly Citrus ,,12-Pack,22.98
8769200490,Twisted Tea Peach,24OZ,,4.59
8769200659,Angry Orchid Rose Single,,,2.48
8769200660,Angry Orchard Rose - ,,6-Pack,13.30
8769200678,Truly Wild Berry ,12 Oz,6-Pack,14.51
8769200686,Truly Berry Mix ,,12-Pack,22.98
8769200804,TRULY TROPICAL  CAN,,12-Pack,22.98
8769200821,Angry orchids variety pack can,12 Oz,12-Pack,22.98
8769200951,Truly Wild Berry 24oz Can,,,4.21
8769200991,Truly Lemonade ,,12-Pack,22.98
8769201079,Truly Extra Peach Mango ,,4-Pack,9.44
8769201081,truly extra black ras.berry,16 Oz,4-Pack,9.67
8769201103,Sam Adams Summer ,,12-Pack,22.98
8769201227,truly punch  can,,12-Pack,22.98
8769201282,truly holiday party pack ,,12-Pack,22.98
8769201299,TRULLY MARGARITA CAN,,12-Pack,22.98
8769201362,Angry Orchard Dark Cherry Apple,12 Oz,6-Pack,13.30
8769201441,SAuza  can,,6-Pack,13.30
8769201454,Truly Vodka Seltzer Variety Pack,12 Oz,8-Pack,25.40
8769201468,Truly Vodka Seltzer Cherry&Lime ,12 Oz,4-Pack,13.30
8769201516,TWISTED LIGHT CAN,,12-Pack,24.19
8769201607,Jim Beam Lemo And Punch,12 Oz,12-Pack,21.77
8769201614,Twisted Tea Pineaoole,24OZ,,4.32
8769201742,Truly Vodka Classic,12 Oz,8-Pack,24.19
8769201748,Truly Vodka Paradise,12 Oz,8-Pack,24.19
8769201791,Angry Orch Imerial,12 Oz,6-Pack,13.30
8769201850,Trully Party Pack,,12-Pack,22.98
8769201874,Mtn Dew Hard Zero Sugar,24OZ,Single,4.83
8769201904,Truly Unruly,12 Oz,12-Pack,25.40
8769202028,Sun Cruiser 4-Pack,12 Oz,4-Pack,12.09
8769202029,Sun Cruiser 4-Pack,,4-Pack,12.09
8769202030,Sun Cruiser Variety Pack,12 Oz,8-Pack,24.19
8769202104,Sun Cruiser 4-Pack Peach,12 Oz,4-Pack,12.09
8769202141,Sun Cruiser Pink Lemonade ,12 Oz,8-Pack,24.19
8769202142,Sun Cruiser Lamonade,12 Oz,8-Pack,24.19
8769202154,Sun Cruiser Lamonade,12 Oz,8-Pack,24.19
8769202192,Sun Cruiser Ice Tea,24OZ,,7.25
8769202193,Sun Cruiser Lamon Ice Tea,24OZ,,7.25
8769202196,Sun Cruiser Iced Tea Variety Pack,12 Oz,18-Pack,55.65
8769202199,Truly Unruly Lemoned,,12-Pack,22.98
8769202210,Sun Cruiser Lamoned,24OZ,,7.25
8769202275,Sun Cruiser Pink,24OZ,,7.25
8769202307,Sun Cruiser Pink Lemonade,12 Oz,8-Pack,24.19
8769202363,Sun Cruiser 12Pk Iced Tea Pk,12 Oz,12-Pack,35.08
8769202372,Twisted Tea Extreme,,12-Pack,24.19
8769202398,Sun Cruiser Pink Lemonade,19OZ,Single,6.04
8769202400,Sun Cruiser Lemonade Iced Tea,19OZ,Single,6.04
8769202402,Sun Cruiser Lemoned,19OZ,Single,6.04
8769202404,Sun Cruiser Iced Tea,19OZ,Single,6.04
8769202413,Sun Cruiser Blueberry Lemonade+Vodka,12 Oz,8-Pack,24.19
8769202419,Sun Cruiser Blueberry,19OZ,Single,7.25
8769202428,Sun Cruiser Any 4-Pack,12 Oz,4-Pack,12.09
8769202429,Sun Cruiser 4-Pack Peach,12 Oz,4-Pack,12.09
8769202430,Sun Cruiser Any 8-Pack,12 Oz,8-Pack,24.19
8769202456,Sun Cruiser 12Pk Iced Tea Pk,12 Oz,12-Pack,35.08
8769210014,Sam Adam Boston ,,12-Pack,20.56
8769229103,Sam Adam Styles  box,,12-Pack,19.80
8769230050,Sam Adam Seasonal,,6-Pack,13.30
8769230053,Samuel Adams Cold Snap,12 Oz,6-Pack,14.51
8769275103,Twisted Tea Half / Half ,,12-Pack,24.19
8769275134,Twisted Tea Half n Half ,,12-Pack,24.19
8769275231,Twisted tea 22Oz,,,4.32
8769276235,Sa Utopias Aged In Barrels,24OZ,Single,362.99
8769282102,Angry Orchard Apple,,,13.08
8769283103,Twisted Tea  box,,12-Pack,24.19
8769283134,Twisted Tea  Cans,,12-Pack,24.19
8769283138,Twisted Tea can 18ok,12 Oz,18-Pack,29.03
8769283231,Twisted Tea - 24oz Can,,,4.32
8769283835,Twisted Tea Original r Bag,5 Lt,,21.77
8769285231,Twistedtea Raspberry,24OZ,Single,4.32
8769287100,Twisted Tea,12 Oz,Single,2.41
8769287102,Twist Tea Light,12 Oz,6-Pack,13.30
8769297102,Twist Tea Peach,12 Oz,6-Pack,13.30
8771210124,Rutherford Cab Sau,,,52.02
8771210129,Rutherford Ranch Cab Sauv Napa Valley,750 ml,Single,79.85
8771220212,predator gin ,750 ml,,27.82
8775200114,Batenura Sparkling Wine,,,20.56
8775200564,Bartenura Moscato ,750 ml,,16.93
8775200623,Barteura,750 ml,,16.93
8775201385,Bartender spark rose ,750 ml,,24.19
8775202650,Ron Viejo De Caldas 3 Years,750 ml,Single,22.98
8775202655,Ron Viejo De Caldas 8 Years,750 ml,Single,29.03
8775202681,Bartenura Rosso Toscano,750 ml,,12.09
8775202693,Bartenura Moscato Cans,12 Oz,4-Pack,18.14
8775203602,Amarillo Aquardiente 750Ml,750 ml,Single,29.03
8783300023,Donati Cab Sauv ,750 ml,,24.19
8787223010,San Antono Cardinale,750 ml,Single,13.30
8787262831,Spritz Del Conte,750 ml,Single,21.77
8787263011,Stella Rosa Blanco ,750 ml,,15.72
8787263013,Stella Rosa Red Berry,750 ml,,15.72
8787263089,Stella Rosa Cranberry,750 ml,,15.72
8787263093,Stella Rosa Blueberry,,,15.72
8787263095,stella rosa BLK CHERRY ,750 ml,,15.72
8787263221,Stella Rosa Peach,750 ml,Single,15.72
8787263222,Stella Rosa Berry,750 ml,Single,15.72
8787263223,Stella Rosa Pink 750,,,15.72
8787263336,Stella Rosa Black - ,750 ml,,15.72
8787263340,Stella Rosa Red,750 ml,Single,15.72
8787263345,Stella Rosa Platinum ,750 ml,,15.72
8787263350,Stella Rosa Black ,1.5 Lt,,31.45
8787263386,Stella Rosa Red Apple ,750 ml,,15.72
8787263395,Stella Rosa Mango,750 ml,Single,15.72
8787263420,Stella Rosa Black Berry ,750 ml,,15.72
8787263470,STELLA.ORGANIC.ORANGE,,,10.88
8787263471,Stella Lemon Lime,750 ml,Single,10.88
8787263840,Stella Rosa Pineapple ,750 ml,Single,15.72
8787263842,Stella Rosa Watermelon ,750 ml,,15.72
8787263850,Stella Rosa Pineapple&Chili,750 ml,,15.72
8787263853,Stella Rosa Mango & Chili,750 ml,Single,15.72
8787263863,Magnum Watermelon Kiss,750 ml,Single,13.30
8787263864,Magnum Vs Midnight Berry,750 ml,Single,13.30
8787263865,Magnum Wild Strawberry,750 ml,Single,13.30
8787263866,Magnum Vs Peach Passion,750 ml,Single,13.30
8787264312,Stella Rubygrape ,750 ml,Single,15.72
8797502650,Sapporo 22oz can,,,4.83
8797504350,Sapporo 12pc cans,,,15.72
8797505350,Sapporo  Box,,12-Pack,20.36
8797506650,Sapporo /22oz Cans,,12-Pack,43.41
8800400006,Taaka,200 ml,,3.33
8800400007,Taaka,375 ml,,4.84
8800400549,Colonel E.H Taylor ,750 ml,Single,133.09
8800400928,Fireball Cinn 1.75,,,38.71
8800400937,Fireball ,100 ml,Single,3.01
8800400955,dr.mcgillicddy grape ,750 ml,,21.77
8800400958,dr.mcgillicuddy  grape,50 ml,,1.71
8800400960,dr.mcgilli.root beer ,750 ml,,21.77
8800400963,Dr. McGillicuddy's RootBeer 50,50 ml,,1.71
8800400975,Dr. McGill Apple Pie ,50 ml,,1.71
8800400979,Dr. Mcgillicuddy's Peach,50 ml,Single,1.71
8800401097,Taaka Whipped - 1L,,,12.09
8800401272,Platimum ,1.75 Lt,,22.98
8800401522,long ice tea ,750 ml,,13.30
8800401645,EDolce Amaretto - 1L,,,15.72
8800401858,Stagg,750 ml,,120.99
8800402032,Dr. McGillicuddy's Butter ,50 ml,,1.71
8800402049,Fireball 10Pk,50 ml,10Pk (Carton),13.07
8800402134,Eagle rare ,750 ml,,60.49
8800402564,Weller 107  ,750 ml,,241.99
8800402572,WELLER RSV 175L,,,181.49
8800402574,WELLER  RSV ,750 ml,,120.99
8800402774,Old Weller 12Yr,750 ml,Single,362.99
8800402895,FRIS VODAKA ,50 ml,,1.09
8800403414,99 ICE TEA,50 ml,Single,1.43
8800403531,Grind Double Espresso,50 ml,Single,1.51
8800403532,Oarrot Bay 90 Coconut,50 ml,,1.43
8800403576,GOLDSCHLAGER ,50 ml,,1.43
8800403578,Yukon Jack ,50 ml,,1.71
8800403615,Seagram Vo,1.75 Lt,,31.45
8800403617,Seagrams Vo,750 ml,,24.19
8800403653,MYERS RUM 1.75ML,,,62.91
8800403654,Myers's Original Dark ,750 ml,,36.29
8800403657,Parrot Bay,750 ml,,24.19
8800403672,ROMANA SAMBVCA,50 ml,,2.72
8800403675,GOLDSCHLAGER,375 ml,,19.06
8800403676,GOLD SCHLAGER ,200 ml,,10.88
8800403690,Yukon Jack 100Proof,750 ml,,31.45
8800403692,Yukon Jack,200 ml,,8.46
8800403696,Parrot Bay Coconut ,1.75 Lt,,42.34
8800403700,Parrot Bay Coco,1.75 Lt,,42.34
8800403704,Parot Bay Long Poland Pced Tea,,,3.62
8800403710,Parrot Bay Pineapple,750 ml,,24.19
8800403712,Parrot Bay Strawberry,750 ml,,24.19
8800403745,romana ,200 ml,,13.30
8800403746,romana sambvca,,,20.56
8800403747,ROMANA SAMBVCA ,750 ml,,36.29
8800403795,GRIND EXPRESSO SHOT,,,24.19
8800403867,SHEEP DOG WHISKY,750 ml,,24.19
8800403869,Sheep Dog ,50 ml,,1.09
8800403872,Rams Point Peanut 375,375 ml,,5.69
8800403957,Yukon Jack Apple,750 ml,Single,12.09
8800403966,99 Blue Rasp,50 ml,,1.43
8800404037,Scoresby,50 ml,,1.20
8800404217,Anza Gold,50 ml,,1.25
8800404535,Paul Masson ,50 ml,,1.43
8800404558,Paul Masson Mango Brandy,750 ml,Single,16.93
8800404562,Paul Masson Peach ,750 ml,Single,16.93
8800404575,Paul Masson,1.75 Lt,,30.24
8800404577,Paul Masson,750 ml,,16.93
8800404579,Paul Masson Amber,375 ml,,9.10
8800404580,PAUL MASSON ,200 ml,,6.04
8800404862,Yukon Jack 125 Proof,750 ml,Single,31.45
8800405757,7 Siete Leguas Blanco,750 ml,Single,78.64
8800405971,Fireball Yule Log,750 ml,Single,19.35
8800406006,Traveller Whiskey Blend N40,750 ml,Single,45.97
8800406007,Traveller Whiskey Blend N40,1 Lt,Single,54.44
8800406913,Fireball Blazin Apple,750 ml,,24.19
8800406914,Fireball Apple,750 ml,Single,24.19
8800406915,Fire Ball Blazin'apple,50 ml,Single,1.31
8800406977,Tequila Corazon,1.75 Lt,Single,42.92
8800407035,Buckhorn Black Cherry ,50 ml,Single,1.20
8800407120,Svedka Blue Raspberry,1.75 Lt,Single,24.19
8800407194,Svedka Vanilla ,375 ml,Single,9.67
8800407211,Svedka Raspberry,750 ml,Single,16.93
8800407457,Fireball Apple,200 ml,,7.25
8800407657,Buzz Ball Pink Lemonsqueezy,187 ml,Single,4.83
8800407660,Buzzballz Pink Lemonsqueezy,1.75 Lt,Single,30.24
8800413994,Sazerac ,750 ml,Single,43.55
8800414402,dr.mcgilli.mentholmint 1.75ml,,,32.66
8800414404,Dr. Mcgillicuddy Menthol,,,19.35
8800414408,Dr. McGillicuddy's Menthol 50m,50 ml,,1.71
8800414470,Fireball - ,50 ml,Single,1.31
8800414472,Fireball ,375 ml,,12.09
8800414473,Fireball ,200 ml,,7.25
8800414668,Fireball - ,750 ml,,21.77
8807600622,George Dickel Tennessee,1 Lt,Single,36.29
8807616128,HENNESSY VSOP ,1.75 Lt,,176.65
8807616165,Moet Nectar Imperial Rose,,,96.79
8807616186,Ciroc - ,750 ml,,36.29
8807616187,Ciroc Vodka 1L,,,48.39
8807616262,Johnnie Walker Green 750m,750 ml,,88.32
8807616264,Ciroc - ,1.75 Lt,,62.91
8807616265,Ciroc Vodka ,375 ml,,21.77
8807616316,Johnnie Walker Red - ,1.75 Lt,,48.39
8807616317,Johnnie Walker Blk - ,1.75 Lt,,79.85
8807616864,Tanqueray Rangpur ,750 ml,,36.29
8807617008,Buchanan 21yrs,,,193.59
8807617124,White Horse -,1.75 Lt,,32.66
8807617464,Grand Old Parr 12yr ,750 ml,,44.76
8807617494,Ciroc CoCo - ,375 ml,,21.77
8807617495,Ciroc CoCo - ,750 ml,,39.92
8807617496,Ciroc Coco -  1L,,,48.39
8807617497,Ciroc Coco ,1.75 Lt,,62.91
8807617504,Ciroc Red Berry -  ,375 ml,,21.77
8807617505,Ciroc Red Berry - ,750 ml,,39.92
8807617506,Ciroc Berry -  1L,,,48.39
8807617739,Ciroc Peach - ,375 ml,,21.77
8807617740,Ciroc Peach - ,750 ml,,39.92
8807617741,Ciroc Peach  - 1L,,,48.39
8807617742,Ciroc Peach ,1.75 Lt,,62.91
8807617770,Double Black - Jw,750 ml,,48.39
8807617778,Buchannans Master - ,750 ml,,54.44
8807617821,Johnnie Walker Platinum 18yr,,,113.73
8807617902,TALISKER STORM ,750 ml,,102.84
8807617907,Ciroc Pineapple - ,375 ml,,21.77
8807617908,Ciroc Pineapple - ,750 ml,,39.92
8807617909,Ciroc Pineapple - 1L,,,48.39
8807617910,Ciroc Pineapple - ,1.5 Lt,,62.91
8807617980,Oban Little Bay Sing M - ,750 ml,,83.48
8807618044,Ciroc Apple - ,375 ml,,21.77
8807618045,Ciroc Apple - ,750 ml,,39.92
8807618046,Ciroc Apple - 1L,,,52.02
8807618047,Ciroc Apple - ,1.75 Lt,,60.49
8807618068,Ciroc Mango - ,375 ml,,21.77
8807618069,Ciroc Mango - ,750 ml,,38.71
8807618089,Ciroc Mango - ,1.5 Lt,,67.12
8807618117,BUCHANAN'S-,200 ml,,13.30
8807618136,JW 18 Yrs ,750 ml,,108.89
8807618154,Ciroc French Vanilla - ,750 ml,,39.92
8807618165,Ciroc French Vanilla - ,375 ml,,21.77
8807618244,Baileys,100 ml,,19.35
8807618269,BUCHANANS15YR SELECT,,,90.74
8807618304,CARDHU GOLD ,750 ml,,36.29
8807618312,Johnnie Walker Collection,,,120.99
8807618323,Johnnie Walker Collection ,50 ml,,55.65
8807618334,Joh.Wal Discover,50 ml,4-Pack,55.65
8807618365,Roe & Co. ,750 ml,Single,42.34
8807618372,ciroc watermelon ,750 ml,,38.71
8807618389,Ciroc White grape ,750 ml,,39.92
8807618411,JW GAMEOF THORNES,,,24.19
8807618412,JW GAME OF THRONES,,,24.19
8807618414,Blue Label,750 ml,Single,302.49
8807618507,Ketel One Cucu Spritz ,,4-Pack,18.14
8807618509,Ketel One Peach Spritz ,,4-Pack,18.14
8807618516,John Walker 200th Anniversary,,,91.95
8807618539,ciroc citrus ,750 ml,,39.92
8807618546,Ciroc Summer Watermelon,375 ml,,21.77
8807618548,Ciroc Summer Watermelon,1.75 Lt,Single,62.91
8807618593,Jhoney Walker Black ,750 ml,,43.55
8807618604,CIROC POMEGRANATE,,,38.71
8807618628,JOHNNIE WALKER HIGH RYE,,,26.61
8807618688,Casamihos Jalapeno,750 ml,,42.34
8807618689,Casamigo Jalapeno ,1 Lt,Single,84.69
8807618691,Olpar 18 Year,750 ml,,84.69
8807618694,Astral Anejo,750 ml,Single,36.29
8807618695,Astral Blanco,750 ml,,30.24
8807618696,Atsral Repo,750 ml,Single,33.87
8807618702,Ciroc Summer Citrus,375 ml,,21.77
8807618703,Ciroc Citrus,,,60.49
8807618719,ciroc spritzer watermelon,,,18.14
8807618720,ciroc Spritz Pineapple,,,18.14
8807618721,ciroc spritz sunset citrus,,,18.14
8807618723,Ciroc Spritz Colada,,,18.14
8807618724,Buchanan Pineapple 750,750 ml,,45.97
8807618739,CIROC PASSION  ,750 ml,,38.71
8807618741,Ciroc Vodka Gift Pack 750Ml,750 ml,,43.55
8807618749,casamigo blanco ,750 ml,,65.33
8807618795,Don Julio Reposado,750 ml,,169.39
8807618816,Ciroc Passion,,,21.77
8807618818,Ciroc Passion,1.75 Lt,Single,62.91
8807618819,Ciroc Honey Melon,750 ml,Single,38.71
8807618836,Buchanan  Pineapple,750 ml,,45.97
8807618839,Johnnie Walker Blue Chinese,750 ml,Single,302.49
8807618862,Tang Negroni,375 ml,Single,19.35
8807618863,Tang Negroni,750 ml,Single,36.29
8807618864,Ketel One Cosmo,375 ml,Single,15.72
8807618865,Ketel One Cosmo,750 ml,,33.87
8807618866,Ketel One,375 ml,,15.72
8807618904,Casamigos Cristslino Rep,750 ml,,84.69
8807618918,Lagavulin Single Malt 11 Year,750 ml,Single,108.89
8807618919,Ciroc Limonata ,750 ml,,31.45
8807618930,Buchanans Gift,750 ml,,44.76
8807618934,Buchanan Pineaple ,375 ml,Single,24.19
8807618935,Don Julio ,,,117.36
8807618937,Don Juilo Blanco - ,750 ml,,55.65
8807618941,Johnnie Walker Blue Label,750 ml,,362.99
8807618942,Ciroc Limonata,375 ml,Single,21.77
8807618946,Woven Honor Single Malt 18 Years,750 ml,Single,120.99
8807618988,Casamigos Jalapeo,375 ml,,19.35
8807618991,Jw Blue Label Year Of Snake,750 ml,,314.59
8807619003,Jonnie Walker Gold Res - ,750 ml,,84.69
8807619010,Jw Black L Squid Game,750 ml,Single,43.55
8807619011,Casamigos Jalapeno,1.75 Lt,Single,60.49
8807619025,Buchanans Pineapple,1.75 Lt,Single,81.06
8807619056,Buchanan's Green Seal,750 ml,Single,120.99
8807619064,Lagavulin 11 Year,750 ml,,96.79
8807619078,Donjulio Claro 70Th Annivsry,50 ml,Single,10.88
8807619092,Don Julio Eoy 2025,750 ml,Single,302.49
8807619104,Don Julio 70 Cristalino,375 ml,Single,50.81
8811001113,Johnnie Black - ,200 ml,,16.93
8811001119,Johnnie Blk - ,375 ml,,29.03
8811001130,Johnnie Walker Blk - ,750 ml,,43.55
8811002100,Red Label  Sleeve,50 ml,,20.47
8811002113,Jonnie Walker Red  - ,200 ml,,12.09
8811002119,Johnnie Red - ,375 ml,,16.93
8811002130,Johnnie Walker Red ,750 ml,,31.45
8811002140,Johnnie Walker Red,,,38.71
8811007005,Johnnie Walker Blue ,750 ml,,302.49
8811011010,TANQUERAY GIN - ,200 ml,,9.67
8811011030,Tanquery  -  ,750 ml,,27.82
8811011050,Tanqueray - ,1.75 Lt,,48.39
8811011060,TANQUERAY GIN - ,375 ml,,14.51
8811011108,Tanqueray Sterling Vodka ,1.75 Lt,Single,30.24
8811014005,Lagavulin 16yrs,,,120.99
8811015050,Hennessy  - ,50 ml,,6.26
8811015052,HENNESSY ,200 ml,,16.93
8811015055,HENNESSY - ,750 ml,,48.39
8811015056,Hennessy - 1L,,,70.17
8811015058,HENNESSY- ,1.75 Lt,,108.89
8811015061,Hennessy - ,100 ml,,12.09
8811015062,HENNESSY - ,375 ml,,30.24
8811015063,Hennessy Rd -  ,375 ml,,30.24
8811015103,Hennessy Privilage ,375 ml,,42.34
8811015105,Hennessy Privilage ,750 ml,,81.06
8811015106,Henn Privilage Vsop 1L,,,105.26
8811015110,Henn Privilage Vsop ,200 ml,,25.40
8811015305,Hennessy XO - ,750 ml,,302.49
8811015899,Terrazas Rsv Malbec,750 ml,Single,20.56
8811015900,Terrazas Andes Chardonnay,750 ml,Single,20.56
8811016005,OBAN 14Y Single Malt,,,96.79
8811055105,Moet Imperial White Star - 750,,,55.65
8811095530,BUCHANANS 12YR 1L,,,56.86
8811095531,Buchanan's 12y  - ,1.75 Lt,,81.06
8811095532,Buchanans 12yrs ,750 ml,,44.76
8811095533,Buchanan's 12y - ,375 ml,,21.77
8811095534,Buchanans 18yr Special Rsv,,,90.74
8811098504,J&B ,750 ml,,30.24
8811220455,Creme De Menthe,750 ml,Single,16.93
8823200003,Chateau Chardonnay,750 ml,,42.34
8823200082,CHALK HILL CHARD ,750 ml,,24.19
8832000125,Lombardo Marsala Swt,750 ml,Single,18.14
8832000302,Marques De Riscal Rioja,750 ml,Single,29.03
8832000314,Marques De Riscal Rueda,,,16.93
8832000402,Old Smuggler ,750 ml,,15.43
8832013101,Gato Negro Cab / Merlot - ,1.5 Lt,,12.09
8832013104,Gato Negro Cab 1.5,,,12.09
8832013105,Gato Negro Merlot - ,1.5 Lt,,12.09
8832013420,1865 Cab Sau,750 ml,Single,22.98
8832056000,Cardinal Mendoza Reserve,750 ml,Single,72.59
8835210042,Juarez Gold ,50 ml,Single,1.21
8835211876,ARROW BLU CURACAO ,750 ml,,14.51
8835212510,Cachaca 61 - 1l,,,25.40
8835212901,CALVERT ,1.75 Lt,,21.77
8835212934,Lord Calvert,1.75 Lt,,24.19
8835212961,Stock 84,750 ml,,15.72
8835212962,STOCK84 BRANDY LITER,,,20.56
8835213480,Daviess County ,750 ml,Single,36.29
8835213884,Dos Primos Repasado,750 ml,Single,54.44
8835214231,Penelope 10Yrs 98Pf,750 ml,Single,108.89
8839400002,Spaten Premium ,12 Oz,6-Pack,15.72
8839400028,SPATEN  BTL,,12-Pack,27.82
8841578055,Simi Cab Sauv Alex Valley,,,24.19
8841578901,Simi Sonoma Pinot Nior - ,750 ml,,21.77
8841787037,Silverado Estate Grown Cabernet Sauvignon,750 ml,Single,64.12
8841788027,Silverado Sauv.Blanc,750 ml,Single,30.24
8847400745,Relax Riesling +Tax,1.5 Lt,,24.19
8847402240,Relax Riesling +Tax,750 ml,,13.30
8854400001,southern comfort,,,1.43
8854400064,Southern Comfort Cherry,,,1.71
8854400080,SoCo Caramel - ,750 ml,,12.09
8854401815,Southern Comfort 100p - ,750 ml,,36.29
8854401891,Southern Comfort - ,1.75 Lt,,41.13
8854401905,Southern Comfort - ,750 ml,,26.61
8854401913,Southern Comfort  - ,375 ml,,13.94
8854401916,Southern Comfort - ,200 ml,,8.53
8855309349,Souverain Cab,,,13.30
8858600236,SANTA CRISTINA ,750 ml,,14.51
8858600469,Esk Velley Sauv Blanc,750 ml,Single,24.19
8858600651,Torres 10Yr Brandy,750 ml,Single,27.82
8858600924,Borne on Fore Cab - ,750 ml,,24.19
8858601075,Washington Grown Top Box Cab Sau,3 Lt,Single,21.77
8858601076,Top Box Chardonnay,3 Lt,Single,20.56
8858601086,Altered cab ,750 ml,,18.14
8858601087,Altered Sauv ,750 ml,,18.14
8858601088,Altered Rose ,750 ml,,18.14
8858601192,Top Box Sauv Blanc,3 Lt,Single,20.56
8858601232,Top Box Merlot,3 Lt,Single,20.56
8858640184,Columbia Cabernet Sauv,750 ml,,14.51
8858660384,St Michelle Chard - ,750 ml,,14.51
8858662184,St Michelle Riesling - ,750 ml,,14.51
8858662584,St Michelle Gewurtz ,750 ml,,14.51
8859320005,Hawk Crest Chard - ,750 ml,,12.09
8860301005,Octave - ,750 ml,Single,8.46
8860301006,Ed Hardy Sangria,750 ml,,10.88
8860301021,Ed Hardy Red Sangria,1.5 Lt,Single,14.51
8860301069,Tavernello Bianco - ,750 ml,,7.25
8860301074,Travernello Sangiovese ,750 ml,,6.04
8860301176,Ed Hardy Red Sangria,500 ml,,2.41
8860301177,Ed Hardy White Sangria,500 ml,,2.41
8860301187,VERY PEACH ,750 ml,,12.09
8860301189,watermelon rose ,750 ml,,6.04
8860301190,GrapFruit ,750 ml,,6.04
8860301238,ESTA VINHO VERDE ,750 ml,,12.09
8866345203,Majorska BLUE - ,375 ml,,7.85
8866413391,Majorska 100p ,1.75 Lt,,24.19
8866413458,Majorska - ,1.75 Lt,,21.77
8866437978,Majorska - ,375 ml,,6.04
8866443877,Majorska - ,750 ml,,10.24
8866443885,Majorska 100 - ,750 ml,,11.37
8866445195,Majorska - ,200 ml,,3.62
8866445203,Majorska BLUE - ,200 ml,,4.22
8873390006,Ciderboys First press ,,12-Pack,20.56
8873390022,Cider Boys Carmel Apple,12 Oz,6-Pack,15.72
8873410070,Campari  ,375 ml,,24.19
8885700330,Midori Melon ,750 ml,,38.71
8885700334,MIDORI MELON ,375 ml,,18.14
8885700337,Midori Melon 1L,,,43.55
8894000001,Taylor Port - ,750 ml,,9.67
8894000002,Taylor Port 1.50L,,,16.93
8894000005,taylor tawy port ,750 ml,,8.46
8894000006,Taylor Twany Port ,1.5 Lt,,16.93
8894000018,TAYLOR CREAM SHERRY1.5ML,,,14.51
8894000085,Taylor Port 3L,3 Lt,Single,27.82
8894000086,Taylor tawny 3l,3 Lt,Single,27.82
8894000153,TAYLOR MADEIRA ,750 ml,,8.46
8894011001,Taylor Marsala Dry,750 ml,,9.06
8898500011,Joel Gott Sauv Blanc - ,750 ml,,15.72
8898500013,Joel Gott Cab - ,750 ml,,24.19
8900000193,Mr. Boston Blackberry,1.75 Lt,,25.40
8900001314,Mr. Boston Blkberry - ,750 ml,,14.51
8900001316,Mr. Boston BLKBRY - ,200 ml,,4.84
8900001318,Mr. Boston Wildcherry,750 ml,,14.51
8900001326,Mr. Boston Ginger - ,750 ml,,14.51
8900001328,Mr. Boston Ginger ,200 ml,,4.84
8900001332,Mr.Boston Coffee,200 ml,,5.14
8900001680,Mr. Boston Ginger ,375 ml,,8.29
8900001695,Mr. Boston Egg Nog ,750 ml,,13.30
8900001700,Mr. Boston BLKBRY - 357ML,,,8.29
8900001708,Mr. Boston CHERRY - ,375 ml,,9.67
8900011839,99 Apples -  ,50 ml,,1.43
8900050025,Mr. Boston Blackberry - ,50 ml,,1.71
8900099061,99 Peach - ,50 ml,,1.43
8900099076,99 Grape  ,50 ml,,1.43
8900099315,99 Coconut - ,50 ml,,1.43
8.90152E+12,Blenders Pride (Bp),750 ml,Single,42.34
8901600022,Capriccio Peach,750 ml,,13.30
8901600076,Capriccio Passion Fruit,,Single,3.62
8901600077,Capriccio Passion Fruit,355 ML,4-Pack,19.35
8901600080,Capricio Sangria,1.5 Lt,Single,6.04
8901600082,Capriccio Rose Sangria,355 ML,4-Pack,19.35
8901600085,Capriccio Red Blend,,4-Pack,19.35
8901600554,cruzan,,,20.56
8901600819,Sobieski ,1.75 Lt,,26.61
8901600849,Sobieski - 1.75,,,27.82
8901601105,Sobieski Cytron - ,1.75 Lt,,26.61
8901601220,Sobieski Expresso,1 Lt,Single,18.14
8901601383,Sobieski CoCo - 1L,,,18.14
8901601498,Club Caribe Banana - ,750 ml,,14.51
8901601675,Capriccio Sangria - ,375 ml,,4.83
8901601676,Capriccio Sangria -  ,375 ml,4-Pack,19.35
8901601726,capriccio sangria ,750 ml,,13.30
8901601792,Capricio Rose ,750 ml,,13.30
8901601794,Capriccio white sangria,,,13.30
8901601810,Capricio rose loose,,,4.34
8901601812,Capricio  btl,,4-Pack,19.35
8901601816,CAPRICCIO  BTL,,4-Pack,19.35
8901601910,CAPRISIO WATERM750,,,13.30
8901601944,CAPRISIO WATER,,,2.27
8901601970,CAPRICCIO PASSION ,750 ml,,13.30
8901601972,CAPRICCIO,375 ml,,4.83
8901601973,CAPRICCIO,,4-Pack,19.35
8.90211E+12,Smoke Lab Vodka,50 ml,Single,1.20
8.90211E+12,Smoke Lab,50 ml,4-Pack,4.84
8.90297E+12,Antiquity Blue,750 ml,Single,42.34
8.90297E+12,Mr.Dowells,750 ml,Single,30.24
8912128812,J Lohr Cab 7 Oaks - ,750 ml,,21.77
8912128813,J.Lohr Cab Sauv Seven Oaks,1.5 Lt,Single,42.34
8931912367,Old Rip Vankle 10Yr107,750 ml,Single,967.99
8935200961,Kim Crawford Sauv Blanc ,750 ml,,18.14
8935201008,Kim Crawford  Sauv Illuminate,750 ml,,18.14
8935201009,Kim Crawford Rose,750 ml,Single,13.30
8935201031,Kim Carwford P Grigio,750 ml,,18.14
8939201019,Celsius Peach,12 Oz,Single,1.94
8939202139,Celsius Tropical,12 Oz,Single,1.94
8939202141,Celsius Artic,12 Oz,Single,1.94
8941900060,Marques de Carceres red,,,22.69
8941908750,Marques Caceres Rserva,750 ml,,26.61
8947550101,Cantina Zaccagnini Monto ,750 ml,,20.56
8947550119,Cantina Zaccagnini Pinot Grigio,750 ml,Single,20.56
8947550139,Cantina Zacagini ,375 ml,,13.30
8947550141,Cantina Zaccagnini Dry Rose,750 ml,,22.98
8947550147,Cantina Zaccagnini,750 ml,Single,20.56
8954012269,Kahlua Coffee ,1.75 Lt,,53.23
8954012271,Kahlua Coffee - ,750 ml,,31.45
8954012273,Kahlua Coffee - ,200 ml,,10.88
8954012274,Kahlua - ,50 ml,,2.84
8954012531,Walker Anisette  ,750 ml,,16.93
8954014538,Walker Triple Sec - ,375 ml,,9.67
8954014563,Kahlua - ,375 ml,,19.35
8954016761,Walker Blue Curacao,,,15.72
8954033347,Beefeater - ,1.75 Lt,,48.39
8954033349,Beefeater  - ,750 ml,,33.87
8954035281,Ballentines ,1.75 Lt,,41.13
8954044899,Malibu CoCo ,750 ml,,25.40
8954044903,Malibu Orignal Coconut Rum,375 ml,,14.51
8954044932,Malibu CoCo ,1.75 Lt,,38.71
8954044935,Malibu CoCo - ,200 ml,,9.10
8954045054,Wet by Beefeater ,750 ml,,33.87
8954046308,Malibu Mango ,750 ml,,29.03
8954046313,Malibu Pineapple ,750 ml,,29.03
8954047239,Malibu Pass Fruit ,750 ml,,20.56
8954053521,MALIBU PASSI.,,4-Pack,15.72
8954053523,MALIBU LIME,,,15.72
8954053536,MALIBU STRAWERRY,,4-Pack,15.72
8954053549,ABSO.LIME&CUCUM,,,4.83
8954053551,ABSOLUTVODKA SODA  GREPE,,,4.83
8954053553,ABSOLUT RASBERRY,,,4.83
8954053555,Malibu Watermelon ,750 ml,,29.03
8954053558,Malibu ,50 ml,,2.27
8954053566,MALIBU PINACALADA,,,15.72
8954053568,MALIBU STRAW.DAI CAN,,4-Pack,15.72
8954053570,MALIBU PINEAPPLE ,,4-Pack,15.72
8954053590,Malibu Peach,750 ml,,29.03
8954053602,Malibu Peach,,4-Pack,15.72
8954053632,Malibu Pineapple Bay Breeze,1 Lt,Single,18.14
8954053633,Malibu Rum Punch,1 Lt,Single,18.14
8954053647,Absolut Cocktails Classic Cosmopolitan,750 ml,,24.19
8954053648,Absolut Cocktails Espresso Martini,750 ml,,24.19
8954053652,Malibu Rum Pink,750 ml,Single,25.40
8954054004,Malibu Lime ,750 ml,,29.03
8954054005,Malibu Lime ,1 Lt,Single,16.93
8954054006,Malibu Lime 1.75L,1.75 Lt,Single,24.19
8954054010,Malibu Strawberry ,750 ml,,29.03
8955210011,Rubinoff Vodka,1.75 Lt,Single,12.09
8955210015,Rubinoff ,200 ml,,2.57
8955210023,ruffino,1.75 Lt,Single,15.72
8955291121,Graves Grain ,1.75 Lt,,45.97
8955291122,Graves Grain  - 1L,,,26.61
8955291123,Graves Grain - ,750 ml,,21.77
8955291124,GRAVE ,375 ml,,10.88
8963619113,Ent Wine Pinot Grigio ,750 ml,,13.30
8970812183,Epic Whipped  - ,1.75 Lt,,18.14
8970812202,Epic Gummy - ,1.5 Lt,,18.14
8973336442,Baby Kittens ,,4-Pack,13.30
8974433527,MELINI BORG DELSA CHIAN,750 ml,Single,14.51
8974440254,Trapiche Malbec,,,13.30
8974440258,TRAPICHE MALBAC 750,,,12.09
8974440861,Folonari MontePul - ,750 ml,,8.46
8974442399,Glazebrook Sauvignon Blanc,750 ml,Single,19.35
8974475567,Trapiche Broquel,750 ml,,12.09
8974475733,Mezcal Ilegal Joven Repo,750 ml,Single,61.70
8974475734,Ilegal Mezcal Anejo,750 ml,,84.69
8974475735,Mezcal Ilegal Joven Blanc,750 ml,Single,50.81
8974475946,Cavicchioli Lambrusco - ,1.5 Lt,,16.93
8974476495,VIPRA,750 ml,,13.30
8974476548,Riunity ,750 ml,Single,9.67
8974476549,Riunite Lambrusco 3L,,,21.77
8974476550,riunite lambrusco 1.5ml,,,14.51
8974476612,Maschio Brut,750 ml,Single,14.51
8976412003,Maison Rouge Cognac Vs,750 ml,Single,37.50
8976881320,Barbancourt Aged 15 Yr,750 ml,Single,76.22
8976887131,barbancourt 3 star 750,,,26.61
8976887231,Barbuncout 15 Years,,,60.49
8976887331,Barbancourt  8yr ,750 ml,,37.50
8976888131,barbancourt white ,750 ml,,24.19
8976888132,Barbancourt White Haitian Rum,750 ml,Single,27.82
8976889131,Pango Rum,750 ml,Single,31.45
8981903842,Beringer White Zin 1.50l,,,13.30
8981906724,Beringer Moscato ,1.5 Lt,,13.30
8981909030,Beringer White Merlot 1.50,,,13.30
8981910221,Beringer Found Cab - ,1.5 Lt,,21.77
8981910225,Beringer Found Merlot - ,1.5 Lt,,21.77
8981915802,matua sauvignon blan ,750 ml,,15.72
8981954188,Beringer Red Moscato - ,1.5 Lt,,13.30
8981954255,Beringer Pink Moscato - ,1.5 Lt,,13.30
8981954301,Beringer Calif Cab,,,13.30
8981954313,Beringer Calif Chardonay ,1.5 Lt,,13.30
8981954317,Beringer Calif Merlot - ,1.5 Lt,,13.30
8981954353,Beringer W.Zin Moscato ,1.5 Lt,,13.30
8981954819,Beringer Calif Red Crush,1.5 Lt,,13.30
8981972059,Beringer Pinot Grigio ,1.5 Lt,,13.30
8981972144,19 CRIMES PINOT NOIR,,,13.30
8981972356,19 Crimes Sauv Block,,,13.30
8981973262,Beringer Kv Reserve Cab. Sauv.,750 ml,Single,60.49
8981976010,Beringer Pinot Grigio - ,1.5 Lt,,13.30
8982647106,Superior,12 Oz,6-Pack,13.30
8982690033,Tecate Cans,12 Oz,12-Pack,19.35
8983284952,Zuccardi Malbec,750 ml,Single,18.14
8992423040,Yuengling Light  Bot box,,12-Pack,18.14
8992427891,Yuengling  Bottle Box,,6-Pack,9.67
8992427896,Yuengling Bottles,12 Oz,12-Pack,18.14
8992429386,Yuengling Blk & Tan  Bot,,12-Pack,18.14
8992441003,Yuengling  Bottles Box,,24-Pack,31.45
8992488007,Yuengling  can box,,24-Pack,31.45
9030417755,Sensi Brut 18K,750 ml,Single,31.45
9030417848,Sensi Moscato Rose Gold 18K,750 ml,Single,31.45
9035500100,RUM CHATA ,1.75 Lt,,58.07
9035500102,RumChata - ,750 ml,,35.08
9035500103,Rum Chata  - ,375 ml,,21.77
9035500104,Rum chata-,50 ml,,2.41
9035500105,Rum Chata 750Ml,750 ml,,37.50
9035500151,RUMCHATA LIMON ,750 ml,,30.24
9035500152,rum chata limon ,100 ml,,3.62
9035500155,Rum Chata Peppermint ,,4-Pack,36.29
9035500157,rum chata  pepper mint,100 ml,,3.62
9040900279,Pessimist By Daou Red Blend,750 ml,,36.29
9060039162,Crowns Gold ,,,12.09
9060039167,Crowns 100 Green,,Single,12.09
9060039168,Crowns 100 Gold,,Single,12.09
9127800229,monaco  citrus rush355ml,,,3.62
9127800230,Monaco black rasberry,,,3.62
9127800233,monaco mango peach 355ml,,,3.62
9127800235,monaco  cranberry 355ml,,,3.62
9127800237,monaco tequila lime 355ml,,,3.62
9127800238,Monaco Lime Crush,12 Oz,4-Pack,15.72
9127800245,monaco blue crush 355ml,,,3.62
9127800251,Monacos Cognac,,,3.62
9127800270,MONACO MOSCOMULE,,,3.62
9127800271,MONACO MOSCOW MULE,,,15.72
9127800279,monaco tropic rush 355ml,,,3.62
9127800280,Monaco Tropical,12 Oz,4-Pack,15.72
9127800283,MONACO LEMON LIME,,,15.71
9127800286,Monacos 69 Black Cherry ,,4-Pack,13.30
9127800289,Monacos 69 Red Berry ,,4-Pack,13.30
9127800292,Monacos 69 Lemon ,,4-Pack,13.30
9127800321,MONACO SUN CRUSH,,,3.70
9127800327,monaco mai tai,,,3.62
9127800333,Monaco Original Lemonade,12 Oz,,3.62
9127800337,Monaco Strawberry,12 Oz,Single,3.62
9127800353,monaco watermelon,,,3.62
9127800358,Monaco Peach Lemonade,12 Oz,,3.62
9127800380,Monaco Vanilla Cream Crush 355Ml,,,3.62
9127800388,Monaco Margarita,12 Oz,,3.62
9127800396,Monaco Water Melon Margarita,12 Oz,,3.62
9153600001,Cachaca 21 - 1L,,,24.19
9177194440,Vino de eyzaguirre ,750 ml,,9.67
9200002000,It's Not your Father,,,12.74
9233900265,Calvo Red Blend,750 ml,,7.25
9357311726,Heady Topper,16 Oz,4-Pack,27.82
9357361855,Nue vodka ,1.75 Lt,,26.61
9382800100,Papi Cabernet Sauvignon,750 ml,,10.88
9416600001,PAUTE ZUMIR 750,,,22.98
9416600578,Paute Zhumir,1.75 Lt,Single,48.39
9425400282,Gris Blanc Rose,750 ml,,18.14
9425400385,Code Rouge,750 ml,Single,16.93
9465500103,90+ cellars Sauv Blanc - ,750 ml,,12.09
9465500109,90+ Pinot Noir,,,12.09
9465500122,90+ MERLOT ,750 ml,,12.09
9465500142,90+ Cellars Old V. Malbec,,,12.09
9465500151,90+ Rrose,,,12.09
9465500160,90+ Pinot Grigio,750 ml,Single,12.09
9465500167,90 + processco rose ,750 ml,,14.51
9465500168,90 Cellars - ,750 ml,,14.51
9465500171,90+ Cabernet Sauvignon,750 ml,Single,12.09
9465500186,90+ Cellars Riesling - ,750 ml,,12.09
9465500197,90+ Moscato,750 ml,,14.51
9479901002,Graham's Fiine Ruby Porto,750 ml,,24.19
9479901004,Graham Six Reserve - ,750 ml,,35.08
9479901008,Graham's 10y Tawny - ,750 ml,,50.81
9479901009,Graham's 20y Tawny - ,750 ml,,75.01
9479901010,Graham's 30y Tawny - ,750 ml,,157.29
9479912012,Cockburn's Fine Ruby Porto,750 ml,Single,21.77
9499300201,Tanteo Tropical - ,750 ml,,45.97
9521600104,Four Loko Fruit Punch,,,4.72
9521600106,Four Loko Peach,,,4.72
9540500236,Chaval Rose  Organic,750 ml,,9.67
9541415431,PASSOA PASSION FRT ,750 ml,,24.19
954244,Thc Infused Drink Ct Fee,,,1.21
9546900242,Papi Merlot,750 ml,,10.88
9552115543,Planteray Rum Sealander 80',700 ML,Single,52.02
9589303109,818 REP ,750 ml,,60.49
9589315429,818 Anejo,750 ml,,64.12
9589326231,Transfusion Classic,12 Oz,4-Pack,18.14
9589368701,818 SILVER ,750 ml,,50.81
9597807081,Dragon Stout -  Single,12 Oz,,2.78
9599100221,Noval Black ,750 ml,,24.19
9602978863,Yamato Japanese Whisky,750 ml,Single,205.69
9603021496,Kona Big Wave,12 Oz,6-Pack,11.48
9603061496,Kona Big Wave,12 Oz,12-Pack,22.98
9613811364,San Giuseppe Pinot Grigio,1.5 Lt,Single,24.19
9638300029,Outlier Pinot Noir,750 ml,Single,31.45
9638300092,Ca'del Bosco Cuvee Prestige,750 ml,Single,60.49
9638300759,Atomic Berry ,200 ml,Single,6.04
9638300910,Atomic Boss Punch,200 ml,,6.04
9652097980,Deltacannabiswater,12 Oz,Single,7.25
9659900203,Layer Cake Malbec,,,18.14
9674900006,Elijah Craig 12yrs ,750 ml,,47.18
9674900136,lunazul blanco ,375 ml,,18.14
9674900137,lunazul reposado ,375 ml,,19.35
9674900151,Admiral pin ,750 ml,,14.51
9674900243,Hpnotiq ,50 ml,,4.83
9674900252,Admiral Nelson's Watermelon Rum,750 ml,Single,12.09
9674900265,Larceny Bourbon Barrel Proof,750 ml,Single,79.85
9674900287,Elijah Craig Toasted Barrel,750 ml,Single,96.79
9674900298,Evan Williams 1783,750 ml,,31.45
9674900304,BLACK VELVET 1.75ML,,,22.98
9674900369,Fulton Harvest Pumpkin ,750 ml,,15.72
9674900398,Elijah Craig Rye,375 ml,,25.40
9674900520,Deep Eddy Pineapple,750 ml,,24.19
9674900531,Deep Eddy Pineapple ,50 ml,,1.71
9674900579,Old Firzgerald Bib 7 Yers ,750 ml,Single,120.99
9674900584,Christain Bro,375 ml,,8.46
9674900609,Deep Eddy Tailgate Pack,50 ml,10Pk (Carton),16.93
9674902114,Evan Williams Black ,1.75 Lt,,36.29
9674902134,Evan williams Black - ,750 ml,,22.98
9674902137,Evan Williams Bib,750 ml,Single,30.24
9674902179,Even Williams Honey - ,50 ml,,1.43
9674902180,Evan Willam Honey - ,750 ml,,24.19
9674902184,Evan Williams ,50 ml,,1.43
9674902533,Evan Willams Egg Nog ,750 ml,,15.72
9674903155,Larceny Bourbon ,750 ml,,36.29
9674908626,Admiral - ,1.75 Lt,,24.19
9674920036,Burnett Orange ,750 ml,,12.09
9674935136,De Ville Brandy ,750 ml,Single,15.72
9674990801,LUNAZUL REPOSADO 1L,,,36.29
9674990802,Lunazul Silver 1L,,,32.66
9674990850,LUNAZUL REPOSADO ,50 ml,,3.13
9674990851,Lunazul Blanco,50 ml,,3.33
9674994002,Pama ,1 Lt,,32.66
9674994003,Pama ,750 ml,,30.24
9674994004,Pama pomegranate ,375 ml,,18.14
9685203943,Wynk Juicy Mango + Thc,12 Oz,6-Pack,24.19
9685250050,Wynk Lime Twist Thc,12 Oz,6-Pack,24.19
9685287516,Wynz Black Cherry,12 Oz,6-Pack,24.19
9744800020,Cremant Rose - ,750 ml,,29.03
9754913286,Aguila,12 Oz,6-Pack,13.30
9764426626,Silver Star Ranch Style Coffe,750 ml,Single,15.72
9764472937,Hedlum Juicy Boom ,12 Oz,6-Pack,12.09
9784500200,Nolet's Gin Silver ,750 ml,,54.44
9787101647,Villa Des Anges Sauv Blanc,750 ml,Single,13.30
9807900105,TRUTH BE TOLD ,750 ml,,24.19
9809300220,Or~G Vodka +Tax,50 ml,,1.20
9809300230,Or G,50 ml,12-Pack,14.51
9816805737,Dayzed Fruit Punch,12 Oz,4-Pack,18.14
9816809313,Wynz Black Cherry + Thc,12 Oz,4-Pack,19.35
9816810627,Dayzed Lemon Lime,12 Oz,4-Pack,18.14
9816811920,Wynz Tangerine + Thc,12 Oz,4-Pack,19.35
9816822965,Wynz Juicy Mango + Thc,12 Oz,4-Pack,19.35
9816831784,Wynz Lime Twist + Thc,12 Oz,4-Pack,19.35
9829800091,Old Carbine Rifle,1 Lt,Single,145.19
9837312602,Magic Hat #9 -  Box,,6-Pack,14.51
9854558401,Upstate Vodka,750 ml,Single,20.56
9861402126,Dragon Stout -  box,,6-Pack,14.51
9861498548,DREGON FIRE SINGLE,,,3.35
9861498549,dragon fire  btl,12 Oz,6-Pack,15.11
9862700131,Ocho Tequila Reposado,750 ml,Single,72.59
9870900100,Camila ,750 ml,Single,12.09
9870908865,Nicasia Vineryar Malbec,750 ml,Single,116.15
9870943620,Kris Pinot Grigio - ,750 ml,,15.72
9871538803,Viva Tequila Variaty,355 ML,8-Pack,35.08
9871545240,Green Card Blanco,750 ml,Single,72.60
9871591986,Green Card Reposado,750 ml,Single,84.70
9875600104,LINE 39 SAU. BLANC ,750 ml,,12.09
9875600105,LINE 39 CAB.SAU ,750 ml,,12.09
9875600156,LINE 39 PINOT GRIGIO ,750 ml,,12.09
9875600171,LINE 39 ROSE ,750 ml,,12.09
9901300055,Ron Zacapa Centenario,750 ml,Single,66.54
9901300056,Ron Zacapa Xo,750 ml,,145.19
9905500201,En Route Pinot Noir ,750 ml,Single,84.69
9916600200,Roco Pinot Noir,750 ml,Single,26.61
9916600202,Roco Chardonnay,750 ml,Single,26.61
9927816000,Zwwiec  Box,12 Oz,6-Pack,13.30
9928494360,American Metal Whiskey Knuckle,750 ml,Single,60.49
9973300054,Exclusiv CoCo ,750 ml,,13.30
9973300064,Exclusiv Berry - ,375 ml,,8.93
9973300203,Exclusiv - ,375 ml,,8.93
9998807109,Menage Trois Red ,750 ml,,13.30
9998807115,Menage A Trois  Moscato,,,16.93
9998807129,Menage a Trois Midnight -,750 ml,,13.30
9998807130,Menage Procescco - ,750 ml,,15.72
9998807136,Menage a` Trois Silk  - ,750 ml,,13.30
9998807157,Menge a trois pinot 750,,,13.30
9998807162,menage a trois 750,,,16.93
9998807178,Menage a Trois Pinot Grigio,,,13.30
b,paper bag,,,0.12
C,Card fee,,,0.91
C12,Corona  ,12 Oz,12-Pack,22.98
f,Environment Fee,,,0.05
m,miscen,,,1.21
P,Plastic Bag,,,0.30
