id,Product Name,Size,Pack,Category,Price ($),UPC
1,2 Roads Flavottown Spiked Variety,12 Oz,8-Pack,Beer & RTD,13.3,1957801308
2,Arnold Palmer Spiked,12 Oz,12-Pack,Beer & RTD,24.19,1300875220
3,BDL SELTZER VARIETY CAN,,12-Pack,Beer & RTD,22.98,1820020333
4,BEATBOX,,,Beer & RTD,6.04,5113300612
5,BEATBOX PEACHPUNCH,,,Beer & RTD,6.04,5113300649
6,BEATBOX RAZZ,,,Beer & RTD,6.04,5113300613
7,BEATBOX TROPICAL,,,Beer & RTD,6.04,5113300634
8,Barefoot Seltzers Pineapple,187 ml,4-Pack,Beer & RTD,9.67,8500043104
9,Beatbox Hard Tea,500 ml,,Beer & RTD,6.04,5113300675
10,Beatbox Juicy Mango,,,Beer & RTD,6.04,5113300682
11,Beatbox Lemonade,500 ml,,Beer & RTD,6.04,5005919539
12,Beatbox Orange,500 ml,,Beer & RTD,6.04,5005919512
13,Beatbox Watermelon Lemonade,500 ml,,Beer & RTD,6.04,5005919541
14,Blue Moon,20 Oz,Single,Beer & RTD,4.43,7199000114
15,Blue Moon No Alcohoic,12 Oz,6-Pack,Beer & RTD,13.3,7199000104
16,Blue Point Toasted Lager,,6-Pack,Beer & RTD,16.93,8174500133
17,Boom Sauce,,4-Pack,Beer & RTD,18.14,5654400742
18,Bronx Brewery,16 Oz,4-Pack,Beer & RTD,18.14,5663200481
19,Brooklyn Lager,12 Oz,6-Pack,Beer & RTD,13.3,3061300001
20,Bud Ice Can,25 Oz,Single,Beer & RTD,2.21,1820025006
21,Bud Light,12 Oz,24-Pack,Beer & RTD,31.45,1820053168
22,Bud Light,25 Oz,Single,Beer & RTD,3.62,1820025001
23,Bud Light,40 Oz,Single,Beer & RTD,4.21,1816024
24,Bud Light,7 Oz,6-Pack,Beer & RTD,7.25,1820000773
25,Bud Light 16Oz Can,16 Oz,6-Pack,Beer & RTD,14.51,1565600000
26,Bud Light 7Oz Btl,12 Oz,Single,Beer & RTD,1.37,1819128
27,Bud Light Aluminum,16 Oz,12-Pack,Beer & RTD,24.19,1820097009
28,Bud Light Bot Box,,12-Pack,Beer & RTD,18.14,1820000769
29,Bud Light Bottles,12 Oz,24-Pack,Beer & RTD,31.45,1820053349
30,Bud Light Cans,12 Oz,30-Pack,Beer & RTD,39.92,1820053030
31,Bud Light Lime,12 Oz,18-Pack,Beer & RTD,26.61,1820096292
32,Bud Light Lime Bottles,12 Oz,12-Pack,Beer & RTD,19.35,1820014990
33,Bud Light Orange,12 Oz,6-Pack,Beer & RTD,10.88,1820025902
34,Bud Light Plat,12 Oz,18-Pack,Beer & RTD,26.61,1820096044
35,Bud Light Platinum Bottles,12 Oz,12-Pack,Beer & RTD,19.35,1820018992
36,Bud Light Seltzer Holiday pk,,,Beer & RTD,16.93,1820020278
37,Budweiser,12 Oz,18-Pack,Beer & RTD,24.19,1563600000
38,Budweiser Aluminium,16 Oz,12-Pack,Beer & RTD,24.19,1820097008
39,Budweiser Bottle,12 Oz,24-Pack,Beer & RTD,31.45,01816820TWENTYFOUR
40,Budweiser Bottles,12 Oz,24-Pack,Beer & RTD,31.45,1820011349
41,Budweiser Bottles,40 Oz,Single,Beer & RTD,4.21,1812620
42,Budweiser Can,25 Oz,Single,Beer & RTD,3.62,1820025000
43,Budweiser Cans,12 Oz,30-Pack,Beer & RTD,39.92,1820011030
44,Budweiser Cans,16 Oz,6-Pack,Beer & RTD,14.51,1563800000
45,Budweiser Platinum,12 Oz,6-Pack,Beer & RTD,10.88,1581800000
46,Budweiser Zero,12 Oz,6-Pack,Beer & RTD,13.3,1820020039
47,Buzz Ball Berry Cherry,187 ml,Single,Beer & RTD,4.83,5004263874
48,Buzz Ball Grape Gone Wild,,,Beer & RTD,4.83,5520000552
49,Buzz Ball Pink Lemonsqueezy,187 ml,Single,Beer & RTD,4.83,8800407657
50,Buzz Balls,,4-Pack,Beer & RTD,16.93,5004263824
51,Buzz ball chocalate,,,Beer & RTD,4.83,5764100289
52,BuzzBallz Lime rita,,,Beer & RTD,4.83,5764100214
53,BuzzBallz Peach,,,Beer & RTD,4.83,5520000528
54,BuzzBallz Strawberry,,,Beer & RTD,4.83,5764100265
55,Buzzball,,,Beer & RTD,4.83,5764100210
56,Buzzball Berry Cherry,1.75 L,Single,Beer & RTD,30.24,5109100634
57,Buzzball Blue,187 ml,Single,Beer & RTD,4.83,5767400798
58,Buzzball Mango,187 ml,Single,Beer & RTD,4.83,5767400788
59,Buzzball Strawberry Rita,1.75 L,Single,Beer & RTD,30.24,5109100668
60,Buzzballsz Biggies Chocolate,1.75 L,Single,Beer & RTD,30.24,5109100622
61,Buzzballsz Giggies Rita,1.75 L,,Beer & RTD,30.24,5109100620
62,Buzzballsz Giggies Strw,1.75 L,,Beer & RTD,30.24,5109100621
63,Buzzballz Colada,,,Beer & RTD,4.83,5764100229
64,Buzzballz Cookie Nookie,187 ml,,Beer & RTD,4.83,5109100677
65,Buzzballz Eggnog,187 ml,,Beer & RTD,4.83,5767400790
66,Buzzballz Lime Rita,187 ml,4-Pack,Beer & RTD,19.35,5004263822
67,Buzzballz Pink Lemonsqueezy,1.75 L,Single,Beer & RTD,30.24,8800407660
68,CAYMAN JACK MARG.CAN,,12-Pack,Beer & RTD,24.19,1582901153
69,CAYMAN JACK VARIETY CAN,,12-Pack,Beer & RTD,24.19,1582901004
70,CORONA fAMILIAR,,12-Pack,Beer & RTD,22.98,1568000000
71,CRABBIES GINGER BEER,,4-Pack,Beer & RTD,12.09,4855700000
72,Cayman Jack Sweet Heat Marg,12 Oz,12-Pack,Beer & RTD,24.19,1582901196
73,Cider Boys Carmel Apple,12 Oz,6-Pack,Beer & RTD,15.72,8873390022
74,Ciderboys First press,,12-Pack,Beer & RTD,20.56,8873390006
75,Coors Banquet,12 Oz,6-Pack,Beer & RTD,9.67,7199743
76,Coors Banquet Bottles,12 Oz,12-Pack,Beer & RTD,18.14,7199017037
77,Coors Banquet Can,12 Oz,12-Pack,Beer & RTD,18.14,7199000047
78,Coors Golden,12 Oz,30-Pack,Beer & RTD,38.71,7199010033
79,Coors Light,12 Oz,30-Pack,Beer & RTD,38.71,7199030030
80,Coors Light,40 Oz,Single,Beer & RTD,4.84,7199030042
81,Coors Light,7 Oz,6-Pack,Beer & RTD,7.85,7199030009
82,Coors Light 16Oz Can,16 Oz,6-Pack,Beer & RTD,13.3,1574100000
83,Coors Light 18Pk Can,12 Oz,18-Pack,Beer & RTD,24.19,7199030017
84,Coors Light Alum,16 Oz,Single,Beer & RTD,2.26,7199030103
85,Coors Light Aluminium,16 Oz,15-Pack,Beer & RTD,26.61,7199009527
86,Coors Light Bottle,12 Oz,6-Pack,Beer & RTD,9.67,1567100000
87,Coors Light Bottles,12 Oz,24-Pack,Beer & RTD,31.45,7199030079
88,Coors Light Can,12 Oz,12-Pack,Beer & RTD,18.14,1567200000
89,Coors Light Can,24Oz,Single,Beer & RTD,3.62,7199030065
90,Corona 12Oz Non-Alc,12 Oz,6-Pack,Beer & RTD,13.3,3354400225
91,Corona 24oz Btl,,,Beer & RTD,4.83,8066095641
92,Corona 24oz Can,,,Beer & RTD,4.99,8066095643
93,Corona Bottles,12 Oz,12-Pack,Beer & RTD,22.98,8066095615
94,Corona Can Box,,18-Pack,Beer & RTD,31.45,3354495002
95,Corona Extra,12 Oz,6-Pack,Beer & RTD,13.3,1571600000
96,Corona Extra Bottles,,24-Pack,Beer & RTD,42.34,8066095608
97,Corona Extra Can,12 Oz,24-Pack,Beer & RTD,42.34,3354495015
98,Corona Extra Cans,12 Oz,12-Pack,Beer & RTD,22.98,8066095695
99,Corona Familiar,32 Oz,,Beer & RTD,5.63,8066095683
100,Corona Familiar Bottles,12 Oz,24-Pack,Beer & RTD,42.34,3354400010
101,Corona Light,,12-Pack,Beer & RTD,22.98,8066095675
102,Corona Light Bottles,12 Oz,12-Pack,Beer & RTD,22.98,1568300000
103,Corona Light Cans,,12-Pack,Beer & RTD,22.98,8066095621
104,Corona Non Alcoholic,12 Oz,6-Pack,Beer & RTD,13.3,3354400184
105,Corona Non-Alcholic,12 Oz,12-Pack,Beer & RTD,22.98,3354400226
106,Corona Premier Bottles,12 Oz,12-Pack,Beer & RTD,22.98,3354495042
107,Corona Zero Alcohol,12 Oz,Single,Beer & RTD,2.57,3354400185
108,Corona familiar btls,,12-Pack,Beer & RTD,22.98,3354495053
109,DOOBIOUS CAN,16 Oz,4-Pack,Beer & RTD,14.57,1752985804
110,Daily's Apple Smash,12 Oz,Single,Beer & RTD,2.84,7480691899
111,Daily's Bahama Mama,,,Beer & RTD,2.83,7480618639
112,Daily's Blue Hawaiian,,,Beer & RTD,2.84,7480618610
113,Daily's Hurricane,,,Beer & RTD,2.83,7480618620
114,Daily's Jamaican Smile,,,Beer & RTD,2.84,7480618940
115,Daily's Pina Colada,,,Beer & RTD,2.84,7480618440
116,Dog Fish 90 Min Ipa,12 Oz,6-Pack,Beer & RTD,16.93,3848900312
117,Dogfish Head 60 IPA,12 Oz,6-Pack,Beer & RTD,14.51,3848900029
118,Dos Equis,12 Oz,12-Pack,Beer & RTD,22.98,1571100000
119,Dos Equis Bottles,12 Oz,12-Pack,Beer & RTD,21.01,7231123012
120,Downeast Cider 9Pk,,9-Pack,Beer & RTD,24.19,5004664440
121,Downeast Cider cans,12 Oz,4-Pack,Beer & RTD,15.72,5861200331
122,Downeast Donut Cider,,4-Pack,Beer & RTD,15.72,5861200355
123,Dr. McGillicuddy's RootBeer 50,50 ml,,Beer & RTD,1.71,8800400963
124,East Rock Lager,12 Oz,6-Pack,Beer & RTD,14.51,5751000733
125,Elysian Space Dust Ipa,19Oz,Single,Beer & RTD,3.62,1790400689
126,Famosa,24Oz,Single,Beer & RTD,3.64,8153788023
127,Famosa 6-Pack,12 Oz,6-Pack,Beer & RTD,14.51,8153711093
128,Famosa 6-Pack Can,12 Oz,6-Pack,Beer & RTD,14.51,8153731091
129,Famosa Bottles,12 Oz,12-Pack,Beer & RTD,22.98,8153711094
130,Famosa Cans,12 Oz,12-Pack,Beer & RTD,22.98,8153711098
131,Famosa Lager,500 ml,Single,Beer & RTD,5.31,8153711009
132,Fiddlehead Imperial Ipa 4Pk,16 Oz,4-Pack,Beer & RTD,21.02,5000918732
133,Fiddlehead Ipa,12 Oz,12-Pack,Beer & RTD,24.19,5000918705
134,Fiddlehead Ipa,16 Oz,4-Pack,Beer & RTD,18.14,5000918701
135,Foster Premium Ale 25.4oz Cans,,,Beer & RTD,3.81,7089718331
136,GOLD SCHLAGER,200 ml,,Beer & RTD,10.88,8800403676
137,GOLDSCHLAGER,375 ml,,Beer & RTD,19.06,8800403675
138,GOLDSCHLAGER,50 ml,,Beer & RTD,1.43,8800403576
139,GOSLING GING.BEER,,6-Pack,Beer & RTD,10.88,2109420006
140,Goldschlager,750 ml,,Beer & RTD,29.03,8676750006
141,Goose Ipa 15 Oz,25 Oz,,Beer & RTD,2.77,3692011715
142,Gray Whale Gin,750 ml,,Beer & RTD,39.92,6160200041
143,Groov Citrus,12 Oz,4-Pack,Beer & RTD,19.35,5003833943
144,Groov Mixed Berry,12 Oz,4-Pack,Beer & RTD,19.35,5003833942
145,Groov Tropical,12 Oz,4-Pack,Beer & RTD,19.35,5003833941
146,Guiness 22oz Stout,,,Beer & RTD,4.83,8382023480
147,Guiness Draught,16 Oz,18-Pack,Beer & RTD,48.39,8382012386
148,Guinness 6Pk Can,16 Oz,6-Pack,Beer & RTD,18.14,8382012360
149,Guinness Draught cans Box,,8-Pack,Beer & RTD,22.98,8382012368
150,Guinness Extra Stout,12 Oz,12-Pack,Beer & RTD,22.98,1570400000
151,Guinness Foreign,,4-Pack,Beer & RTD,11.31,8382018116
152,Guinness Foreign Es,12 Oz,Single,Beer & RTD,3.03,8382018110
153,Guinness Stout,,12-Pack,Beer & RTD,22.98,8382023482
154,Guinness Zero,12 Oz,4-Pack,Beer & RTD,13.3,8382012534
155,HIGH NOON,,,Beer & RTD,14.51,8500042926
156,HIGH NOON LEMON,,4-Pack,Beer & RTD,14.51,8500043426
157,HIGH NOON VARETY,,12-Pack,Beer & RTD,38.71,8500002986
158,HIGH NOONCKTL VAR POOL,,8-Pack,Beer & RTD,26.61,8500003429
159,Headway ipa,,4-Pack,Beer & RTD,16.93,6632500031
160,Heineken,12 Oz,24-Pack,Beer & RTD,42.34,7289000027
161,Heineken,16 Oz,4-Pack,Beer & RTD,9.67,7289000083
162,Heineken,,18-Pack,Beer & RTD,32.66,7289000152
163,Heineken 24oz Btl,,,Beer & RTD,4.83,7289000478
164,Heineken 24oz Can,,,Beer & RTD,4.49,7289000119
165,Heineken 5L Keg,5 L,Single,Beer & RTD,31.45,7289000174
166,Heineken Bottles,12 Oz,12-Pack,Beer & RTD,22.98,7289000016
167,Heineken Can,12 Oz,12-Pack,Beer & RTD,22.98,7289000020
168,Heineken Light,12 Oz,24-Pack,Beer & RTD,42.34,7289000189
169,Heineken Light Bottles,12 Oz,24-Pack,Beer & RTD,42.34,7289000161
170,Heineken Mini,7 Oz,24-Pack,Beer & RTD,31.45,7289000660
171,Heineken Silver,12 Oz,12-Pack,Beer & RTD,22.98,7289000666
172,Heineken Zero,12 Oz,24-Pack,Beer & RTD,52.02,7289000622
173,Heineken Zero Single btl,,6-Pack,Beer & RTD,13.3,1718800000
174,Heineken Zero btls,,6-Pack,Beer & RTD,13.3,7289000621
175,High Noon,12 Oz,4-Pack,Beer & RTD,14.51,8500043892
176,High Noon Cktl Pineapple,750 ml,,Beer & RTD,7.25,8500003448
177,High Noon Iced Tea,,8-Pack,Beer & RTD,26.61,8500004019
178,High Noon LIme,,4-Pack,Beer & RTD,14.51,8500043095
179,High Noon Lime Tequila,355 ml,4-Pack,Beer & RTD,14.51,8500043596
180,High Noon Mango,,4-Pack,Beer & RTD,14.51,8500043232
181,High Noon Peach,,4-Pack,Beer & RTD,14.51,8500043137
182,High Noon Snow Bird,,8-Pack,Beer & RTD,26.61,8500003679
183,High Noon Tail Gate,,8-Pack,Beer & RTD,26.61,8500003453
184,High Noon Tequila,12 Oz,4-Pack,Beer & RTD,14.51,8500043597
185,High Noon Tequila 8 Pk,12 Oz,8-Pack,Beer & RTD,29.03,8500003739
186,High Noon Variety,12 Oz,8-Pack,Beer & RTD,26.61,8500003151
187,High Noon Vodka Iced Tea,12 Oz,8-Pack,Beer & RTD,26.61,8500003896
188,High Noon Vodka Iced Tea,750 ml,,Beer & RTD,7.25,8500004020
189,Husky Hops Hazy Ipa,16 Oz,4-Pack,Beer & RTD,20.56,6000402360
190,JAGER-COLDBREWCOFFEE,750 ml,,Beer & RTD,35.08,8308900013
191,Jack Abby's house Lager,,6-Pack,Beer & RTD,12.09,6242507855
192,Jameson IPA,750 ml,,Beer & RTD,45.97,8043211219
193,Kinky Cktl Marg Rtd,1.75 L,Single,Beer & RTD,13.3,8427900630
194,LONG DRINK STRONG CAN,,6-Pack,Beer & RTD,22.98,6027200147
195,LONG DRINK VARIETY,,8-Pack,Beer & RTD,26.61,6000527786
196,Long Drink,12 Oz,8-Pack,Beer & RTD,24.19,6000799416
197,Long Drink,,,Beer & RTD,3.41,6027200146
198,Long Drink Cranberry,12 Oz,6-Pack,Beer & RTD,19.35,6027200148
199,Long Drink Mid Summer,12 Oz,8-Pack,Beer & RTD,26.61,6000799414
200,Long Drink Peach,,6-Pack,Beer & RTD,19.35,6000799419
201,Long Drink Pineapple,,6-Pack,Beer & RTD,19.35,6001338206
202,Long Drink Strong Citrus,20 Oz,Single,Beer & RTD,6.04,6001338202
203,Long Drink Traditional Citrus,20 Oz,Single,Beer & RTD,4.83,6001338200
204,Long Drink Zero Sugar,,,Beer & RTD,19.35,6027200143
205,Long Drink Zero Sugar Citrus,20 Oz,Single,Beer & RTD,4.83,6001338201
206,Long Drink Zero Sugar Variety Pack 12Pk,12 Oz,12-Pack,Beer & RTD,33.87,6001079386
207,Long Drink Zero Sugar cans,,6-Pack,Beer & RTD,19.35,6027200144
208,Long Drinks Midnight Sun,12 Oz,8-Pack,Beer & RTD,25.4,6001079382
209,Lord Hobo Bodacious Ipa,16 Oz,4-Pack,Beer & RTD,18.14,5654400788
210,MARTINELLI SPARKLING CIDER,,,Beer & RTD,6.04,4124499010
211,MONACO LEMON LIME,,,Beer & RTD,15.71,9127800283
212,MONACO MOSCOMULE,,,Beer & RTD,3.62,9127800270
213,MONACO MOSCOW MULE,,,Beer & RTD,15.72,9127800271
214,MONACO SUN CRUSH,,,Beer & RTD,3.7,9127800321
215,Magners Irish Cider box,,6-Pack,Beer & RTD,16.93,1535101036
216,Mezzacorona Pinot Grigio +Tax,,,Beer & RTD,16.93,8724188109
217,Michelob Ultra,16 Oz,12-Pack,Beer & RTD,27.82,1820020059
218,Michelob Ultra 12Pk Btl,12 Oz,12-Pack,Beer & RTD,19.35,1820005990
219,Michelob Ultra Bottles,12 Oz,12-Pack,Beer & RTD,19.35,1580600000
220,Michelob Ultra Can,12 Oz,24-Pack,Beer & RTD,33.87,1820096715
221,Michelob Ultra Can,16 Oz,4-Pack,Beer & RTD,7.25,1670900000
222,Michelob Ultra Gold,12 Oz,12-Pack,Beer & RTD,22.98,1820020144
223,Michelob Ultra Golg btls,,12-Pack,Beer & RTD,19.8,1820020083
224,Michelob Ultra Light,12 Oz,24-Pack,Beer & RTD,35.08,1820096728
225,Michelob Ultra Zero,12 Oz,12-Pack,Beer & RTD,18.14,1820020424
226,Michelob Ultra box,12 Oz,30-Pack,Beer & RTD,42.34,1820096550
227,Mikes Hard Blk Cherry,,6-Pack,Beer & RTD,13.3,3598506744
228,Mikes Hard Lemon,,12-Pack,Beer & RTD,22.98,3598512001
229,Mikes Hard Party Pack,12 Oz,12-Pack,Beer & RTD,22.98,3598580241
230,Miller Genuin Draft,12 Oz,6-Pack,Beer & RTD,7.25,3456217
231,Miller Genuine Draft,12 Oz,12-Pack,Beer & RTD,18.14,3410017509
232,Miller High Life,12 Oz,30-Pack,Beer & RTD,30.24,3410001341
233,Miller High Life Bot Box,12 Oz,18-Pack,Beer & RTD,21.77,3410001256
234,Miller High Life Box,,12-Pack,Beer & RTD,18.14,3410001509
235,Miller Ligt Alum 15pk Box,16 Oz,18-Pack,Beer & RTD,26.61,3410057707
236,Miller Lite,12 Oz,30-Pack,Beer & RTD,38.71,3410057341
237,Miller Lite 6-Pack,,6-Pack,Beer & RTD,8.46,3436213
238,Miller Lite Bottle,12 Oz,24-Pack,Beer & RTD,29.04,3410057243
239,Miller Lite Bottles,12 Oz,12-Pack,Beer & RTD,18.14,3410057509
240,Miller Lite Can,12 Oz,24-Pack,Beer & RTD,29.04,3410057306
241,Modelo 24oz Can,,,Beer & RTD,4.77,8066095721
242,Modelo 40Oz,4 L,Single,Beer & RTD,6.04,3354495090
243,Modelo Aguas Frescas,12 Oz,12-Pack,Beer & RTD,22.98,3354400201
244,Modelo Aguas Frescas Pineapple 24Oz Can,24Oz,Single,Beer & RTD,4.77,3354400202
245,Modelo Bottles,12 Oz,12-Pack,Beer & RTD,22.98,1569800000
246,Modelo Can,12 Oz,6-Pack,Beer & RTD,13.3,8066095755
247,Modelo Can - Box,,24-Pack,Beer & RTD,42.34,8066095710
248,Modelo Can box,,18-Pack,Beer & RTD,31.45,8066095711
249,Modelo Cans,12 Oz,12-Pack,Beer & RTD,22.98,8066095715
250,Modelo Chelada,12 Oz,12-Pack,Beer & RTD,22.98,3354400188
251,Modelo Chelada - 24oz can,,,Beer & RTD,4.77,8066095796
252,Modelo Chelada Suprema 24Oz,24Oz,Single,Beer & RTD,4.77,3354400268
253,Modelo Chelada Suprema Tropical 24Oz,24Oz,Single,Beer & RTD,4.77,3354400270
254,Modelo Chelada Variety,12 Oz,12-Pack,Beer & RTD,22.98,3354400177
255,Modelo Esp,12 Oz,12-Pack,Beer & RTD,22.98,8066095757
256,Modelo Espeacial,12 Oz,24-Pack,Beer & RTD,42.34,8066095776
257,Modelo Especial 24Oz,24Oz,Single,Beer & RTD,4.77,8066095777
258,Modelo Fresa Picante,,,Beer & RTD,4.77,3354400231
259,Modelo Limon,,12-Pack,Beer & RTD,22.98,3354400130
260,Modelo Negra Btl,12 Oz,12-Pack,Beer & RTD,22.98,1573000000
261,Modelo Negra Can,12 Oz,12-Pack,Beer & RTD,22.98,3354400254
262,Modelo Ore,12 Oz,Single,Beer & RTD,2.41,3354400161
263,Modelo Oro,12 Oz,12-Pack,Beer & RTD,22.98,3354400162
264,Modelo Oro,24Oz,,Beer & RTD,4.77,3354400165
265,Modelo Sandia Picante,24Oz,,Beer & RTD,4.77,3354400187
266,Modelo blt,,18-Pack,Beer & RTD,31.45,3354495027
267,Modelo mango 24oz,,,Beer & RTD,4.77,3354400026
268,Monaco Fight Night Var Can,187 ml,6-Pack,Beer & RTD,15.72,5005533722
269,Monaco Knockout Punch,12 Oz,Single,Beer & RTD,3.62,5005533724
270,Monaco Lime Crush,12 Oz,4-Pack,Beer & RTD,15.72,9127800238
271,Monaco Margarita,12 Oz,,Beer & RTD,3.62,9127800388
272,Monaco Original Lemonade,12 Oz,,Beer & RTD,3.62,9127800333
273,Monaco Peach Lemonade,12 Oz,,Beer & RTD,3.62,9127800358
274,Monaco Pornstar Crush,,,Beer & RTD,3.62,5006426531
275,Monaco Spicy Margarita,12 Oz,,Beer & RTD,3.62,5004759113
276,Monaco Strawberry,12 Oz,Single,Beer & RTD,3.62,9127800337
277,Monaco Tropical,12 Oz,4-Pack,Beer & RTD,15.72,9127800280
278,Monaco Vanilla Cream Crush 355Ml,,,Beer & RTD,3.62,9127800380
279,Monaco Water Melon Margarita,12 Oz,,Beer & RTD,3.62,9127800396
280,Monaco black rasberry,,,Beer & RTD,3.62,9127800230
281,Monacos 69 Black Cherry,,4-Pack,Beer & RTD,13.3,9127800286
282,Monacos 69 Lemon,,4-Pack,Beer & RTD,13.3,9127800292
283,Monacos 69 Red Berry,,4-Pack,Beer & RTD,13.3,9127800289
284,Monacos Cognac,,,Beer & RTD,3.62,9127800251
285,Natural Light,12 Oz,30-Pack,Beer & RTD,31.45,1820015030
286,Nauti Seltzer,,6-Pack,Beer & RTD,10.88,4304112205
287,Negra Modelo Box,,12-Pack,Beer & RTD,22.98,8066095787
288,Nitro Cold Brew Coffee,12 Oz,Single,Beer & RTD,4.83,81388863
289,ON THE ROCKS,,,Beer & RTD,15.72,5588000836
290,On The Rocks Blue Hawaiian,375 ml,Single,Beer & RTD,15.72,8068600806
291,On The Rocks Blue Hawaiian,750 ml,Single,Beer & RTD,30.24,8068601261
292,On The Rocks Old Fashioned 375,,,Beer & RTD,15.72,5588000802
293,On The Rocks Spiced Pear 375Ml,375 ml,Single,Beer & RTD,15.72,8068600836
294,On The Rocks Str,,,Beer & RTD,15.72,8068600724
295,On the Rocks Aviation,375 ml,,Beer & RTD,15.72,5588000817
296,On the Rocks Cosmo,375 ml,,Beer & RTD,15.72,5588000805
297,On the Rocks Marg,375 ml,,Beer & RTD,15.72,5588000811
298,On the Rocks Pine,375 ml,,Beer & RTD,15.72,5588000808
299,Outlaw Light Beer,12 Oz,6-Pack,Beer & RTD,7.25,5407600666
300,Outlaw Light Beer Cans,12 Oz,24-Pack,Beer & RTD,29.03,5407600699
301,PBR,20 Oz,12-Pack,Beer & RTD,14.51,1747000000
302,Pabst,12 Oz,30-Pack,Beer & RTD,32.66,2210011219
303,Pabst Blue Ribbon,16 Oz,6-Pack,Beer & RTD,10.88,2207412
304,Pabst Blue Ribbon cn,,12-Pack,Beer & RTD,13.3,2210000170
305,Pacifico,24Oz,Single,Beer & RTD,4.44,3354495022
306,Pacifico,,12-Pack,Beer & RTD,22.98,3354495031
307,Pacifico Bottles,12 Oz,12-Pack,Beer & RTD,22.98,1570800000
308,Pacifico Cans,12 Oz,12-Pack,Beer & RTD,22.98,8066095315
309,Pbr,24Oz,Single,Beer & RTD,1.8,2200419
310,Pbr 6 Pk,12 Oz,6-Pack,Beer & RTD,8.94,2222
311,Polar Seltzer - 1L,,,Beer & RTD,3.03,7153702020
312,Polar Seltzer Lemon - 1L,,,Beer & RTD,3.03,7153702034
313,Red Stripe,,6-Pack,Beer & RTD,11.12,8382056793
314,Red Stripe Box,,12-Pack,Beer & RTD,22.98,8382013894
315,Reed's Ginger Beer,12 Oz,4-Pack,Beer & RTD,10.88,827411111
316,Rolling Rock,12 Oz,6-Pack,Beer & RTD,9.67,7143900033
317,Rolling Rock,,18-Pack,Beer & RTD,21.73,7143945118
318,Rolling Rock Bottles,12 Oz,12-Pack,Beer & RTD,20.56,7143945712
319,STELLA ARTOIS 24 LOOSE,12 Oz,24-Pack,Beer & RTD,42.34,8615000038
320,Sam Adam Boston,,12-Pack,Beer & RTD,20.56,8769210014
321,Sam Adam Seasonal,,6-Pack,Beer & RTD,13.3,8769230050
322,Sam Adam Styles box,,12-Pack,Beer & RTD,19.8,8769229103
323,Sam Adam's Pumpkin Box,,12-Pack,Beer & RTD,22.98,8769200037
324,Sam Adams Summer,,12-Pack,Beer & RTD,22.98,8769201103
325,Samuel Adams Boston Lager Btl,12 Oz,12-Pack,Beer & RTD,22.98,1581400000
326,Sea Hag IPA,,6-Pack,Beer & RTD,14.51,919171109
327,Seagrams Escapes Black Cherry Fizz,,,Beer & RTD,2.12,8043280287
328,Shoktop,,,Beer & RTD,14.94,1820000867
329,Sierra Nevada Hazy Big Ipa,,6-Pack,Beer & RTD,14.51,8378353578
330,Sierra Nevada Hazy Ipa,,12-Pack,Beer & RTD,24.19,8378353111
331,Sierra Nevada Imperial IPA,,6-Pack,Beer & RTD,14.51,8378322856
332,Sierra Nevada Pale ale,,6-Pack,Beer & RTD,14.51,8378337521
333,Smirnoff Ice 24oz,24Oz,Single,Beer & RTD,4.83,8200072569
334,Smirnoff Ice Bottles,12 Oz,12-Pack,Beer & RTD,22.98,8200072518
335,Smirnoff Ice Btl,12 Oz,6-Pack,Beer & RTD,13.3,1577900000
336,Smirnoff Ice Smash Tea,24Oz,Single,Beer & RTD,2.72,8200080598
337,Smirnoff Ice Sunny Days,12 Oz,12-Pack,Beer & RTD,24.19,8200080909
338,Smirnoff Ice Tea,20 Oz,Single,Beer & RTD,4.39,8200080594
339,Smirnoff Root Beer 100p,50 ml,,Beer & RTD,1.43,8226402
340,Smirnoff ice smach 24oz,,,Beer & RTD,3.64,8200077692
341,Spiked Cooler Cranberry,7 Oz,Single,Beer & RTD,3.62,5910500469
342,Spindrift Spiked Paradise 12 Pk,12 Oz,,Beer & RTD,27.83,5002545711
343,Stella 11.5oz Box,,12-Pack,Beer & RTD,24.19,8615000014
344,Stella 22oz Btl,,,Beer & RTD,4.49,8615000057
345,Stella Artios,12 Oz,6-Pack,Beer & RTD,13.3,1820020313
346,Stella Artois,16 Oz,4-Pack,Beer & RTD,8.46,1820020320
347,Stella Artois,25 Oz,Single,Beer & RTD,4.49,1820026124
348,Stella Artois Can,11.2 Oz,24-Pack,Beer & RTD,42.34,1820028905
349,Stella Can,12 Oz,12-Pack,Beer & RTD,24.19,1820020249
350,Stella Lemon Lime,750 ml,Single,Beer & RTD,10.88,8787263471
351,Stella Mini,,6-Pack,Beer & RTD,10.88,8615000222
352,Stella Rosa Berry,750 ml,Single,Beer & RTD,15.72,8787263222
353,Stella Rosa Black,1.5 L,,Beer & RTD,31.45,8787263350
354,Stella Rosa Black,750 ml,,Beer & RTD,15.72,8787263336
355,Stella Rosa Black Berry,750 ml,,Beer & RTD,15.72,8787263420
356,Stella Rosa Blanco,750 ml,,Beer & RTD,15.72,8787263011
357,Stella Rosa Blueberry,,,Beer & RTD,15.72,8787263093
358,Stella Rosa Cranberry,750 ml,,Beer & RTD,15.72,8787263089
359,Stella Rosa Mango,750 ml,Single,Beer & RTD,15.72,8787263395
360,Stella Rosa Mango & Chili,750 ml,Single,Beer & RTD,15.72,8787263853
361,Stella Rosa Peach,750 ml,Single,Beer & RTD,15.72,8787263221
362,Stella Rosa Pineapple,750 ml,Single,Beer & RTD,15.72,8787263840
363,Stella Rosa Pineapple&Chili,750 ml,,Beer & RTD,15.72,8787263850
364,Stella Rosa Pink 750,,,Beer & RTD,15.72,8787263223
365,Stella Rosa Platinum,750 ml,,Beer & RTD,15.72,8787263345
366,Stella Rosa Red,750 ml,Single,Beer & RTD,15.72,8787263340
367,Stella Rosa Red Apple,750 ml,,Beer & RTD,15.72,8787263386
368,Stella Rosa Red Berry,750 ml,,Beer & RTD,15.72,8787263013
369,Stella Rosa Watermelon,750 ml,,Beer & RTD,15.72,8787263842
370,Stella Rubygrape,750 ml,Single,Beer & RTD,15.72,8787264312
371,Sunny D Seltzer,12 Oz,8-Pack,Beer & RTD,22.98,5020000348
372,Sunny D Seltzer Limited Edi,12 Oz,8-Pack,Beer & RTD,22.98,5020000600
373,Super Bock Mini Lager,200 ml,6-Pack,Beer & RTD,12.09,3994911412
374,Surfside Blueberry Lemonade+Vodka,12 Oz,4-Pack,Beer & RTD,14.51,5005007105
375,Surfside Green Tea,355 ml,8-Pack,Beer & RTD,26.61,1017136014
376,Surfside Green Tea + Vodka,12 Oz,4-Pack,Beer & RTD,14.51,5005007137
377,Surfside Green Tea Party Pack,12 Oz,12-Pack,Beer & RTD,38.71,1017136016
378,Surfside Half & Half,12 Oz,8-Pack,Beer & RTD,26.61,1017136186
379,Surfside Ice Tea Lemoned& Vodka,700 ml,Single,Beer & RTD,7.85,5005007116
380,Surfside Iced Lemonade,19Oz,Single,Beer & RTD,6.04,1017136115
381,Surfside Iced Tea,19Oz,Single,Beer & RTD,6.04,1017136112
382,Surfside Iced Tea Party Pack,12 Oz,12-Pack,Beer & RTD,38.71,1017136056
383,Surfside Iced Tea Vodka,700 ml,Single,Beer & RTD,7.85,5005007110
384,Surfside Lemonade,12 Oz,4-Pack,Beer & RTD,14.51,5002560531
385,Surfside Lemonade,19Oz,Single,Beer & RTD,6.04,1017136113
386,Surfside Lemonade Pack,12 Oz,8-Pack,Beer & RTD,26.61,5005007108
387,Surfside Lemonaed+Vodka,700 ml,Single,Beer & RTD,7.85,5005007112
388,Surfside Lemoned Iced Tea Party Pack,12 Oz,12-Pack,Beer & RTD,39.92,1017136018
389,Surfside Peach + Vodka,12 Oz,4-Pack,Beer & RTD,14.51,5002560550
390,Surfside Raspberry + Vodka,12 Oz,4-Pack,Beer & RTD,14.51,5005007101
391,Surfside Raspberry Tea + Vodka,12 Oz,4-Pack,Beer & RTD,14.51,5005007127
392,Surfside Strawberry,700 ml,Single,Beer & RTD,7.85,5005007179
393,Surfside Strawberry Lemonade,12 Oz,4-Pack,Beer & RTD,14.51,5005007123
394,Sweet Touch Lychee Beer,,6-Pack,Beer & RTD,18.14,4.71159E+12
395,TRULY PINE.MANGO,750 ml,Single,Beer & RTD,12.09,8068689609
396,TRULY PINE.MANGO,,,Beer & RTD,1.09,8068689607
397,TRULY PINEAPPLE,375 ml,,Beer & RTD,12.09,8068689608
398,TRULY STRABERRY,375 ml,,Beer & RTD,12.09,8068689602
399,TRULY STRAW.LEMONADE,50 ml,,Beer & RTD,1.09,8068689601
400,TRULY TROPICAL CAN,,12-Pack,Beer & RTD,22.98,8769200804
401,TRULY W.BERRY,375 ml,,Beer & RTD,12.09,8068689605
402,TRULY WILD BERRY,50 ml,,Beer & RTD,1.09,8068689604
403,TRULY WILDBERRY 1LTR,1 L,Single,Beer & RTD,12.09,8068689614
404,TWISTED TEA HALF&HALF,,18-Pack,Beer & RTD,31.45,8769200057
405,TWOROADS DUBLE IPA BTL,,6-Pack,Beer & RTD,15.72,1957801001
406,Tecate Cans,12 Oz,12-Pack,Beer & RTD,19.35,8982690033
407,Thim Isl Sea Foam Pale Ale,16 Oz,4-Pack,Beer & RTD,12.09,1001468008
408,Thim Isl Sea Mist Ipa,16 Oz,4-Pack,Beer & RTD,13.3,5355300480
409,Thimble Sea Foam,12 Oz,6-Pack,Beer & RTD,16.93,1001468067
410,Tip Top Cosmopolitan,100 ml,4-Pack,Beer & RTD,25.4,5000379987
411,Tip Top Espresso Martini,100 ml,4-Pack,Beer & RTD,25.4,5000379959
412,Tip Top Mai Tai,100 ml,4-Pack,Beer & RTD,25.4,5000379972
413,Tip Top Margarita,100 ml,4-Pack,Beer & RTD,25.4,5000379947
414,Tip Top Negroni,100 ml,4-Pack,Beer & RTD,25.4,5000379951
415,Tip Top Old Fashioned,100 ml,4-Pack,Beer & RTD,25.4,5000379949
416,Tisdale Cab,,,Beer & RTD,7.25,8500001142
417,Tisdale Merlot,,,Beer & RTD,7.25,8500001141
418,Tisdale Pinot Grigio,,,Beer & RTD,7.25,8500001837
419,Tisdale Pinot Noir,,,Beer & RTD,7.25,8500001805
420,Tisdale Sweet Red,,,Beer & RTD,7.25,8500001846
421,Truly Berry Mix,,12-Pack,Beer & RTD,22.98,8769200686
422,Truly Citrus,,12-Pack,Beer & RTD,22.98,8769200424
423,Truly Extra Peach Mango,,4-Pack,Beer & RTD,9.44,8769201079
424,Truly Lemonade,,12-Pack,Beer & RTD,22.98,8769200991
425,Truly Mango,1.75 L,,Beer & RTD,16.93,8068689618
426,Truly Strawberry,1.75 L,,Beer & RTD,16.93,8068689616
427,Truly Unruly,12 Oz,12-Pack,Beer & RTD,25.4,8769201904
428,Truly Unruly Lemoned,,12-Pack,Beer & RTD,22.98,8769202199
429,Truly Vodka Classic,12 Oz,8-Pack,Beer & RTD,24.19,8769201742
430,Truly Vodka Paradise,12 Oz,8-Pack,Beer & RTD,24.19,8769201748
431,Truly Vodka Seltzer Cherry&Lime,12 Oz,4-Pack,Beer & RTD,13.3,8769201468
432,Truly Vodka Seltzer Variety Pack,12 Oz,8-Pack,Beer & RTD,25.4,8769201454
433,Truly White Peach,1 L,Single,Beer & RTD,12.09,8068600383
434,Truly Wild Berry,1.75 L,Single,Beer & RTD,16.93,8068689617
435,Truly Wild Berry,12 Oz,6-Pack,Beer & RTD,14.51,8769200678
436,Truly Wild Berry 24oz Can,,,Beer & RTD,4.21,8769200951
437,Twisted Tea,12 Oz,Single,Beer & RTD,2.41,8769287100
438,Twisted Tea - 24oz Can,,,Beer & RTD,4.32,8769283231
439,Twisted Tea Cans,,12-Pack,Beer & RTD,24.19,8769283134
440,Twisted Tea Extreme,,12-Pack,Beer & RTD,24.19,8769202372
441,Twisted Tea Half / Half,,12-Pack,Beer & RTD,24.19,8769275103
442,Twisted Tea Half N Half,12 Oz,6-Pack,Beer & RTD,13.3,1578600000
443,Twisted Tea Half n Half,,12-Pack,Beer & RTD,24.19,8769275134
444,Twisted Tea Original,12 Oz,6-Pack,Beer & RTD,13.3,1578500000
445,Twisted Tea Original r Bag,5 L,,Beer & RTD,21.77,8769283835
446,Twisted Tea Party Pack,,12-Pack,Beer & RTD,24.19,8769200378
447,Twisted Tea Peach,24Oz,,Beer & RTD,4.59,8769200490
448,Twisted Tea Pineaoole,24Oz,,Beer & RTD,4.32,8769201614
449,Twisted Tea Whisky,50 ml,Single,Beer & RTD,1.09,8068603601
450,Twisted Tea box,,12-Pack,Beer & RTD,24.19,8769283103
451,Twisted Tea can 18ok,12 Oz,18-Pack,Beer & RTD,29.03,8769283138
452,Twisted tea 22Oz,,,Beer & RTD,4.32,8769275231
453,Two Road Duble Ipa,16 Oz,Single,Beer & RTD,5.43,1957801250
454,Two Roads IPA 95,,6-Pack,Beer & RTD,14.51,1957801027
455,Tworoad R2r Ipa Bottles,12 Oz,12-Pack,Beer & RTD,24.19,1957801073
456,Ultra Zero 00,12 Oz,6-Pack,Beer & RTD,12.09,1820020445
457,Victory Golden Money,,6-Pack,Beer & RTD,15.72,3027946506
458,Victory Juicy Monkey,12 Oz,6-Pack,Beer & RTD,15.72,3027956432
459,Victory Sour Monkey,,6-Pack,Beer & RTD,15.72,3027977606
460,Vita Coco Spiked Lime Mojito,12 Oz,4-Pack,Beer & RTD,14.51,8200080044
461,Vita Coco Spiked Pina Colada,12 Oz,4-Pack,Beer & RTD,14.51,8200080042
462,Vita Coco Spiked Strawberry Daiquiri,12 Oz,4-Pack,Beer & RTD,14.51,8200080043
463,Voodoo Ranger Ipa,20 Oz,,Beer & RTD,3.64,5452701171
464,Voodoo Ranger Juice Haze Ipa,,Single,Beer & RTD,3.64,5452701105
465,Voodoo Ranger Juice Ipa,,12-Pack,Beer & RTD,24.19,5452701202
466,Voodoo Renger Ipa,,,Beer & RTD,3.64,5452701021
467,W.CLAW SURGE B.CHERRY,,4-Pack,Beer & RTD,12.09,3598580071
468,WHITE CLAW #3 CAN,,12-Pack,Beer & RTD,22.98,3598580026
469,WHITE CLAW CHER,,6-Pack,Beer & RTD,13.3,3598520025
470,WHITE CLAW MANGO,,12-Pack,Beer & RTD,22.98,3598510033
471,WHITE CLAW RAS,12 Oz,6-Pack,Beer & RTD,13.3,3598526066
472,WHITE CLAW RUBY GRAPE CAN,,6-Pack,Beer & RTD,13.3,3598520028
473,WHITE CLAW SURF V,,12-Pack,Beer & RTD,22.98,3598580108
474,WHITE CLAW TROPICAL CAN,,12-Pack,Beer & RTD,22.98,3598580006
475,Waypont Uconn Rtd,355 ml,4-Pack,Beer & RTD,24.19,5002468434
476,White Claw,16 Oz,,Beer & RTD,3.64,3598580199
477,White Claw 12 Pk Can,12 Oz,12-Pack,Beer & RTD,22.98,3598580443
478,White Claw Berry Cherry 19oz,,,Beer & RTD,4.49,3598526038
479,White Claw Blach Cherry,16 Oz,Single,Beer & RTD,3.64,3598580201
480,White Claw Black Cherry,32 Oz,Single,Beer & RTD,3.64,3598580198
481,White Claw Bloode Orange,16 Oz,Single,Beer & RTD,3.64,3598580207
482,White Claw Bluberry,32 Oz,Single,Beer & RTD,4.83,3598580369
483,White Claw Cranberry,16 Oz,Single,Beer & RTD,4.83,3598580208
484,White Claw Grape,12 Oz,4-Pack,Beer & RTD,13.3,3598580364
485,White Claw Grape Fruit,16 Oz,Single,Beer & RTD,3.64,3598580214
486,White Claw Green Apple,16 Oz,Single,Beer & RTD,4.83,3598580268
487,White Claw Lime,16 Oz,Single,Beer & RTD,3.64,3598580209
488,White Claw Mango,20 Oz,,Beer & RTD,3.64,3598580213
489,White Claw Mango 19oz,,,Beer & RTD,4.49,3598526039
490,White Claw Natural Lime,12 Oz,Single,Beer & RTD,4.83,3598550004
491,White Claw Natural Lime,,,Beer & RTD,13.3,3598502598
492,White Claw Non-Alc,12 Oz,12-Pack,Beer & RTD,22.98,3598580279
493,White Claw Peach,12 Oz,12-Pack,Beer & RTD,22.98,3598580371
494,White Claw Peach,16 Oz,Single,Beer & RTD,3.64,3598580366
495,White Claw Pineapple,12 Oz,4-Pack,Beer & RTD,13.3,3598580194
496,White Claw Pineapple,,6-Pack,Beer & RTD,13.3,3598500021
497,White Claw Strawberry,16 Oz,,Beer & RTD,3.64,3598580215
498,White Claw Surge #2 Can,,12-Pack,Beer & RTD,22.98,3598580252
499,White Claw Surge Can,,12-Pack,Beer & RTD,22.98,3598580080
500,White Claw Tequila,12 Oz,8-Pack,Beer & RTD,25.4,3598580299
501,White Claw Variety Box,,12-Pack,Beer & RTD,22.98,3598554890
502,White Claw Vodka + Soda,12 Oz,8-Pack,Beer & RTD,25.4,3598580197
503,White Claw Vodka Spirit,12 Oz,8-Pack,Beer & RTD,25.4,3598580266
504,White Claw Water Melon,16 Oz,Single,Beer & RTD,3.64,3598580205
505,White Claw Watermelon,12 Oz,4-Pack,Beer & RTD,13.3,3598580196
506,White Claw Watermelon,,12-Pack,Beer & RTD,22.98,3598580036
507,White Rock Seltzer,1 L,Single,Beer & RTD,3.03,7206303326
508,White claw blk chry,,12-Pack,Beer & RTD,22.98,3598526089
509,Work Horse IPA,,4-Pack,Beer & RTD,15.72,6005700160
510,Yuengling Blk & Tan Bot,,12-Pack,Beer & RTD,18.14,8992429386
511,Yuengling Bottle Box,,6-Pack,Beer & RTD,9.67,8992427891
512,Yuengling Bottles,12 Oz,12-Pack,Beer & RTD,18.14,8992427896
513,Yuengling Bottles Box,,24-Pack,Beer & RTD,31.45,8992441003
514,Yuengling Light Bot box,,12-Pack,Beer & RTD,18.14,8992423040
515,Yuengling Light Btl,12 Oz,12-Pack,Beer & RTD,18.14,1571700000
516,Yuengling Traditonal Btl,12 Oz,12-Pack,Beer & RTD,18.14,1572400000
517,Yuengling can box,,24-Pack,Beer & RTD,31.45,8992488007
518,corona premier btl,,18-Pack,Beer & RTD,31.45,3354400018
519,corona seltzer can,,12-Pack,Beer & RTD,22.98,3354400068
520,dr.mcgilli.root beer,750 ml,,Beer & RTD,21.77,8800400960
521,heineken,7 Oz,12-Pack,Beer & RTD,20.56,1573200000
522,jamison cold brew,750 ml,,Beer & RTD,42.34,8043211561
523,kalo seltzer can,,4-Pack,Beer & RTD,18.14,5000662616
524,lychee beer can,,6-Pack,Beer & RTD,18.14,4.71159E+12
525,modelo limon 24oz can,,,Beer & RTD,4.77,3354495060
526,modelo naranja picosaozcan,,,Beer & RTD,4.77,3354400158
527,monaco blue crush 355ml,,,Beer & RTD,3.62,9127800245
528,monaco citrus rush355ml,,,Beer & RTD,3.62,9127800229
529,monaco cranberry 355ml,,,Beer & RTD,3.62,9127800235
530,monaco mai tai,,,Beer & RTD,3.62,9127800327
531,monaco mango peach 355ml,,,Beer & RTD,3.62,9127800233
532,monaco tequila lime 355ml,,,Beer & RTD,3.62,9127800237
533,monaco tropic rush 355ml,,,Beer & RTD,3.62,9127800279
534,monaco watermelon,,,Beer & RTD,3.62,9127800353
535,natural light strawberry,12 Oz,30-Pack,Beer & RTD,31.45,1820028523
536,stella rosa BLK CHERRY,750 ml,,Beer & RTD,15.72,8787263095
537,stone ipa botal,12 Oz,6-Pack,Beer & RTD,13.3,3625177612
538,tisdale 750 mascato,,,Beer & RTD,6.04,8500002224
539,truly extra black ras.berry,16 Oz,4-Pack,Beer & RTD,9.67,8769201081
540,truly holiday party pack,,12-Pack,Beer & RTD,22.98,8769201282
541,truly punch can,,12-Pack,Beer & RTD,22.98,8769201227
542,w.claw surge blood ora. ca,16 Oz,,Beer & RTD,12.09,3598500002
543,w.claw surge cra. can,16 Oz,,Beer & RTD,12.09,3598500004
544,white claw iced tea can,,12-Pack,Beer & RTD,24.19,3598580029
545,2 Gingers,750 ml,,Gin,30.15,8068629404
546,Amsterdan Gin,1.75 L,,Gin,26.61,8500001430
547,Aviation Gin,50 ml,Single,Gin,4.83,5705000505
548,Aviation Gin,750 ml,Single,Gin,36.29,5350700002
549,Bailey's Original Gift Pack,750 ml,Single,Gin,45.97,8676770540
550,Baileys Original,50 ml,,Gin,3.98,8676721012
551,Beefeater,1.75 L,,Gin,48.39,8954033347
552,Beefeater,750 ml,,Gin,33.87,8954033349
553,Bombay,1.75 L,,Gin,55.65,8048030000
554,Bombay Gin Dry,750 ml,,Gin,31.45,8048030002
555,Bombay Sapphire,1.75 L,,Gin,60.49,8048030100
556,Bombay Sapphire,200 ml,Single,Gin,12.09,8048000006
557,Bombay Sapphire,375 ml,,Gin,15.72,8048030113
558,Bombay Sapphire,50 ml,Single,Gin,4.83,8048840
559,Bombay Sapphire,750 ml,,Gin,36.29,8048030102
560,Bombay Sapphire Gift Pack,750 ml,Single,Gin,41.13,8048098797
561,Bombay Sapphire Lemon,1 L,Single,Gin,54.44,8048098855
562,Bombay black,750 ml,,Gin,36.29,8048098600
563,CUITWATERGIN&TONIC,,,Gin,16.93,1675102049
564,Canada Dry Ginger Can,,,Gin,1.51,7811403
565,Canara Dry Gingerale,20 Oz,Single,Gin,3.33,7800015240
566,Cantina Zacagini,375 ml,,Gin,13.3,8947550139
567,Canton Ginger Liquer,375 ml,,Gin,16.93,8438041508
568,Condesa Gin Classica,750 ml,Single,Gin,48.39,6000443865
569,Condesa Gin Orange Blossom,,,Gin,48.39,6000443861
570,Cutwater Gin & Tonic,,,Gin,6.26,1675102006
571,Deanston Virgin Oak - 750Ml,750 ml,Single,Gin,84.69,5.0297E+12
572,Domaine Canton Ginger,750 ml,,Gin,39.92,3604001848
573,GUN POWDER IRISH GIN,,,Gin,41.13,8678501234
574,GUN POWDER IRISH GIN CITRUS,,,Gin,48.39,8678509110
575,Gin&Juice Apricot,355 ml,4-Pack,Gin,16.93,5005756905
576,Gin&Juice Citrus,355 ml,4-Pack,Gin,16.93,5005756908
577,Gin&Juice Melon,355 ml,4-Pack,Gin,16.93,5005756901
578,Gin&Juice Passionfruit,355 ml,4-Pack,Gin,16.93,5005756911
579,Gin&Juice Variety Pack,355 ml,8-Pack,Gin,32.66,5005756918
580,Ginjinha Vice Rei,750 ml,Single,Gin,44.76,8720200044
581,Hendrick,750 ml,,Gin,48.39,8366499043
582,Inclusive Gin,750 ml,Single,Gin,12.09,8075086697
583,Indigo gin,50 ml,,Gin,1.08,8427900484
584,Larios Rose Gin 700Ml,700 ml,Single,Gin,24.19,8.41114E+12
585,Lucky One Lemonaed Original,355 ml,4-Pack,Gin,13.3,8500004069
586,Mr. Boston Ginger,200 ml,,Gin,4.84,8900001328
587,Mr. Boston Ginger,375 ml,,Gin,8.29,8900001680
588,Mr. Boston Ginger,750 ml,,Gin,14.51,8900001326
589,Nolet's Gin Silver,750 ml,,Gin,54.44,9784500200
590,Puerto De Indias Black Gin,50 ml,Single,Gin,1.08,8.43702E+12
591,Puerto De Indias Pink Strawberry Gin,50 ml,Single,Gin,1.08,8.43702E+12
592,Roku Gin,750 ml,Single,Gin,39.92,8068695803
593,Seagram Gin Dry,200 ml,,Gin,6.26,8043240121
594,Seagram Gin Dry,375 ml,,Gin,9.67,8043200017
595,Seagram Gin Dry,750 ml,,Gin,18.14,8043240123
596,Seagram Gin Dry - 1.75ML,,,Gin,31.45,8043240126
597,Seagram's Gin,50 ml,,Gin,1.31,8043240001
598,Segran Ex Dry Gin,200 ml,,Gin,6.64,8043200001
599,TANQUERAY GIN,200 ml,,Gin,9.67,8811011010
600,TANQUERAY GIN,375 ml,,Gin,14.51,8811011060
601,Tanqueray,1.75 L,,Gin,48.39,8811011050
602,Tanqueray Rangpur,750 ml,,Gin,36.29,8807616864
603,Tanqueray Sevilla Orange,,,Gin,1.82,8265003
604,The Kyoto High Class Gin Blue,700 ml,Single,Gin,66.54,7355092026
605,VIRGINIA SLIMS GOLD 100,,,Gin,18.14,2873329
606,Viniq Original,375 ml,,Gin,15.72,8500002122
607,Virginia Slim,,,Gin,18.14,2877228
608,Virginia Slims Menthols,,,Gin,18.0,2877422
609,Wet by Beefeater,750 ml,,Gin,33.87,8954045054
610,bombay,200 ml,,Gin,12.09,8048030114
611,predator gin,750 ml,,Gin,27.82,8771220212
612,99 Bananas,50 ml,,Liqueurs & Cordials,1.43,8066062099
613,APEROL,375 ml,,Liqueurs & Cordials,24.19,8734134006
614,APEROL,750 ml,,Liqueurs & Cordials,43.55,2105900131
615,Amarula,750 ml,,Liqueurs & Cordials,34.47,6387800248
616,Amarula Cream,750 ml,,Liqueurs & Cordials,33.87,8330004872
617,Amarula Ethiopian Coffee Cream,750 ml,Single,Liqueurs & Cordials,36.29,8689108951
618,Aperol Spritz Rtd 4 Pack,200 ml,4-Pack,Liqueurs & Cordials,24.19,8734134009
619,BAILEYS ALMAND,750 ml,,Liqueurs & Cordials,42.34,8200077628
620,BAILEYS APPLE PIE,750 ml,,Liqueurs & Cordials,44.76,8676770513
621,BAILEYS SMORES,750 ml,,Liqueurs & Cordials,42.34,8676770541
622,Bailey's Chocolate,50 ml,Single,Liqueurs & Cordials,2.27,8676770559
623,Bailey's Expresso,750 ml,,Liqueurs & Cordials,42.34,8676770456
624,Bailey's Light,750 ml,,Liqueurs & Cordials,42.34,8676770517
625,Bailey's Red Velvet,750 ml,,Liqueurs & Cordials,42.34,8676770501
626,Bailey's Strawberry cream 50m,50 ml,,Liqueurs & Cordials,2.27,8200000558
627,Bailey's Vanilla Cinnam,750 ml,,Liqueurs & Cordials,42.34,8676770438
628,Baileys,1.75 L,,Liqueurs & Cordials,67.75,8676721002
629,Baileys,100 ml,,Liqueurs & Cordials,19.35,8807618244
630,Baileys,200 ml,,Liqueurs & Cordials,16.93,8676721010
631,Baileys,375 ml,,Liqueurs & Cordials,25.4,8676721009
632,Baileys,750 ml,,Liqueurs & Cordials,42.34,8676721006
633,Baileys Caramel,750 ml,,Liqueurs & Cordials,42.34,8676770176
634,Baileys Chocolate,750 ml,,Liqueurs & Cordials,42.34,8676770548
635,Baileys Churros,50 ml,Single,Liqueurs & Cordials,2.27,8676770550
636,Baileys Espresso,50 ml,,Liqueurs & Cordials,2.0,8676770454
637,Baileys Strawberry,750 ml,,Liqueurs & Cordials,42.34,8676770483
638,Baileys Vanilla Mint Shake,750 ml,,Liqueurs & Cordials,42.34,8676770544
639,Banana Pudding,50 ml,,Liqueurs & Cordials,3.64,1008837018
640,Bananas 750Ml,750 ml,Single,Liqueurs & Cordials,24.19,7.89624E+12
641,Bartender Bananas,750 ml,,Liqueurs & Cordials,18.14,8438042464
642,Boissiere Dry Vermouth,750 ml,Single,Liqueurs & Cordials,13.3,8678581005
643,Boissiere Sweet Vermouth,750 ml,Single,Liqueurs & Cordials,13.3,8678581007
644,COINTREAU,375 ml,,Liqueurs & Cordials,32.66,8723656520
645,COINTREAU,750 ml,,Liqueurs & Cordials,59.28,8723656510
646,COINTREAU - 1 L,,,Liqueurs & Cordials,60.49,8723656500
647,Campari,375 ml,,Liqueurs & Cordials,24.19,8873410070
648,Campari,50 ml,Single,Liqueurs & Cordials,3.92,2105900306
649,Campari,750 ml,,Liqueurs & Cordials,38.71,2105900334
650,Campari 1L,,,Liqueurs & Cordials,50.81,2105904100
651,Campari Bitters,750 ml,,Liqueurs & Cordials,41.13,2105900364
652,Capriccio Passion Fruit,355 ml,4-Pack,Liqueurs & Cordials,19.35,8901600077
653,Capriccio Passion Fruit,,Single,Liqueurs & Cordials,3.62,8901600076
654,Carolans Irish Cream,750 ml,,Liqueurs & Cordials,18.14,1084503004
655,Cesari Amarone Della Valpolicella C,750 ml,Single,Liqueurs & Cordials,60.49,8017566475
656,Chambord,375 ml,,Liqueurs & Cordials,27.82,8330003452
657,Chambord,50 ml,Single,Liqueurs & Cordials,6.04,8330003473
658,Chambord,700 ml,Single,Liqueurs & Cordials,48.39,8330000140
659,Chambord,750 ml,,Liqueurs & Cordials,42.34,8330003453
660,Chambord Rasp,200 ml,,Liqueurs & Cordials,13.3,8330003451
661,Cinzano xdry Vermouth,750 ml,,Liqueurs & Cordials,14.51,8678590003
662,Club Caribe Banana,750 ml,,Liqueurs & Cordials,14.51,8901601498
663,Cointreau,1.75 L,,Liqueurs & Cordials,125.83,8723656555
664,Cointreau Lemon & Lime,750 ml,Single,Liqueurs & Cordials,33.87,8723656610
665,Cointreau Liquor,50 ml,Single,Liqueurs & Cordials,4.54,8723656530
666,Cointreau Orange & Blood Orange,750 ml,Single,Liqueurs & Cordials,33.87,8723656609
667,Creme De Menthe,750 ml,Single,Liqueurs & Cordials,16.93,8811220455
668,Dek. Peachtree,1.75 L,,Liqueurs & Cordials,27.45,8068636512
669,Dek. Peachtree,200 ml,,Liqueurs & Cordials,5.63,8068636570
670,Dek. Peachtree,375 ml,,Liqueurs & Cordials,9.1,8068636560
671,Dek. Peachtree,750 ml,,Liqueurs & Cordials,16.93,8068636540
672,Dek. Triple Sec 1L,,,Liqueurs & Cordials,16.93,8068638120
673,Dekuyper Blue Curacao 1L,,,Liqueurs & Cordials,20.56,8068631601
674,Dekyp Peachtree - 1L,,,Liqueurs & Cordials,20.56,8068636520
675,Dekyp Triple Sec - 1L,,,Liqueurs & Cordials,18.14,8068636320
676,Di Amore Amaretto,750 ml,,Liqueurs & Cordials,20.56,8292839982
677,Disaronno,1.75 L,,Liqueurs & Cordials,78.64,5003701642
678,Disaronno,200 ml,,Liqueurs & Cordials,16.93,5003701554
679,Disaronno,375 ml,,Liqueurs & Cordials,22.98,5003701451
680,Disaronno,50 ml,,Liqueurs & Cordials,4.22,5003701454
681,Disaronno,750 ml,,Liqueurs & Cordials,42.34,5003701450
682,Disaronno Velvet,375 ml,,Liqueurs & Cordials,26.61,5003739707
683,Dole Pineapple,1 L,,Liqueurs & Cordials,6.05,3890000818
684,Dole Pineapple 46oz can,,,Liqueurs & Cordials,5.41,3890000808
685,Dole pineapple,,,Liqueurs & Cordials,1.51,3890000963
686,Dolin Vermouth Dry Chambery 750Ml,750 ml,Single,Liqueurs & Cordials,24.19,3.27451E+12
687,Dom Benedictine Liqueur,750 ml,Single,Liqueurs & Cordials,52.02,8048055540
688,Downeast Guava Passion Fruit,12 Oz,4-Pack,Liqueurs & Cordials,15.72,5004664405
689,EDolce Amaretto - 1L,,,Liqueurs & Cordials,15.72,8800401645
690,Ever Fresh Kiwi Strawberry,16 Oz,Single,Liqueurs & Cordials,3.03,7673712254
691,Ever Fresh Pineapple,64 Oz,,Liqueurs & Cordials,6.35,7673710763
692,Fabrizia Limoncello,750 ml,,Liqueurs & Cordials,26.61,1812234086
693,Fireball,100 ml,Single,Liqueurs & Cordials,3.01,8800400937
694,Fireball,200 ml,,Liqueurs & Cordials,7.25,8800414473
695,Fireball,375 ml,,Liqueurs & Cordials,12.09,8800414472
696,Fireball,50 ml,Single,Liqueurs & Cordials,1.31,8800414470
697,Fireball,750 ml,,Liqueurs & Cordials,21.77,8800414668
698,Fireball 10Pk,50 ml,10-Pack,Liqueurs & Cordials,13.07,8800402049
699,Fireball Apple,200 ml,,Liqueurs & Cordials,7.25,8800407457
700,Fireball Apple,750 ml,Single,Liqueurs & Cordials,24.19,8800406914
701,Fireball Blazin Apple,750 ml,,Liqueurs & Cordials,24.19,8800406913
702,Fireball Cinn 1.75,,,Liqueurs & Cordials,38.71,8800400928
703,Fireball Yule Log,750 ml,Single,Liqueurs & Cordials,19.35,8800405971
704,Frangelico,375 ml,,Liqueurs & Cordials,24.79,2105998375
705,Frangelico,750 ml,,Liqueurs & Cordials,38.71,2105998750
706,GALLIANO,375 ml,,Liqueurs & Cordials,26.61,8091511211
707,Godiva Dark Choco,,,Liqueurs & Cordials,52.02,8237709
708,Godiva White Chocolate,750 ml,,Liqueurs & Cordials,52.02,8755108
709,Grand Marnier,200 ml,,Liqueurs & Cordials,15.11,4918890037
710,Grand Marnier,50 ml,,Liqueurs & Cordials,3.98,4918890036
711,Grand Marnier-375,,,Liqueurs & Cordials,29.03,4918890046
712,H2roads Passion Fruit,355 ml,Single,Liqueurs & Cordials,3.62,1957801219
713,Howler Head Banana,750 ml,,Liqueurs & Cordials,48.39,5000334765
714,Jagermeister,100 ml,Single,Liqueurs & Cordials,4.22,8308966030
715,Jagermeister,750 ml,,Liqueurs & Cordials,31.45,8308900025
716,Jeppsons Malort Liqueur,750 ml,,Liqueurs & Cordials,36.29,2103701019
717,KINKY ALOHA,50 ml,,Liqueurs & Cordials,1.71,8427900211
718,KINKY CKTL ALOHA BREEZE,1.75 L,,Liqueurs & Cordials,21.77,8427900632
719,KINKY CKTL PATIO PUNCH,1.75 L,,Liqueurs & Cordials,21.77,8427900629
720,Kahlua,375 ml,,Liqueurs & Cordials,19.35,8954014563
721,Kahlua,50 ml,,Liqueurs & Cordials,2.84,8954012274
722,Kahlua Coffee,1.75 L,,Liqueurs & Cordials,53.23,8954012269
723,Kahlua Coffee,200 ml,,Liqueurs & Cordials,10.88,8954012273
724,Kahlua Coffee,750 ml,,Liqueurs & Cordials,31.45,8954012271
725,Kamora Coffee Liqueur,1 L,,Liqueurs & Cordials,18.14,8711600833
726,Kinky,50 ml,,Liqueurs & Cordials,1.71,8427998597
727,Kinky Blue,375 ml,,Liqueurs & Cordials,13.3,8427999210
728,Kinky Blue,50 ml,,Liqueurs & Cordials,1.71,8427999152
729,Kinky Blue,750 ml,Single,Liqueurs & Cordials,24.19,8427999153
730,Kinky Fruit Punch,750 ml,Single,Liqueurs & Cordials,14.51,8427900555
731,Kinky Pink,375 ml,,Liqueurs & Cordials,13.3,8427998945
732,Kinky Pink,750 ml,Single,Liqueurs & Cordials,24.19,8427998343
733,Kinky Red,50 ml,,Liqueurs & Cordials,1.71,8427999834
734,Kinky Red,750 ml,Single,Liqueurs & Cordials,24.19,8427999835
735,Licor 43,750 ml,,Liqueurs & Cordials,36.29,2992980106
736,Licor 43 Chocolate,750 ml,,Liqueurs & Cordials,38.71,2992911548
737,Licor 43 Gift Pack,,,Liqueurs & Cordials,38.71,2992980104
738,MIDORI MELON,375 ml,,Liqueurs & Cordials,18.14,8885700334
739,Martinellis Sparkling No Alcohol,750 ml,,Liqueurs & Cordials,7.25,4124400006
740,Martini Vermouth,1 L,,Liqueurs & Cordials,24.19,1103443004
741,Midori Melon,750 ml,,Liqueurs & Cordials,38.71,8885700330
742,Midori Melon 1L,,,Liqueurs & Cordials,43.55,8885700337
743,Mr.Black Coffee Liqueur,750 ml,,Liqueurs & Cordials,38.71,5793200700
744,Murphy Monico Irish Cream,750 ml,Single,Liqueurs & Cordials,12.09,6520375170
745,NEW.AMS.PASSION FRUIT,375 ml,,Liqueurs & Cordials,9.1,8500003418
746,NEW.AMS.PASSION FRUIT,750 ml,,Liqueurs & Cordials,18.14,8500003419
747,Ohho Blood Orange,355 ml,Single,Liqueurs & Cordials,18.14,7365834314
748,Ohho Empire Apple,355 ml,Single,Liqueurs & Cordials,18.14,7365834325
749,Ohho Lemon And White Peach,355 ml,Single,Liqueurs & Cordials,18.14,7365834280
750,Ohho Pink Grapefruit,355 ml,4-Pack,Liqueurs & Cordials,18.14,7365834312
751,Ohho Red Cherry And Lime,355 ml,4-Pack,Liqueurs & Cordials,18.14,7365834295
752,Ohho White Peach And Lemon,355 ml,Single,Liqueurs & Cordials,18.14,7365834313
753,On The Rock Passion Fruit,375 ml,Single,Liqueurs & Cordials,15.72,8068601146
754,On The Rocks Midori Sour,375 ml,Single,Liqueurs & Cordials,15.72,8068600456
755,PASSOA PASSION FRT,750 ml,,Liqueurs & Cordials,24.19,9541415431
756,Passoa Passion,750 ml,,Liqueurs & Cordials,24.19,8723656537
757,Ponche Kuba Cream Liqueur,750 ml,Single,Liqueurs & Cordials,33.87,8723665799
758,Ryan's Irish Cream,1.75 L,,Liqueurs & Cordials,31.45,8602401541
759,St. Germain,375 ml,,Liqueurs & Cordials,26.61,8048000666
760,St. Germain,50 ml,,Liqueurs & Cordials,6.04,8048000471
761,St. Germain,750 ml,,Liqueurs & Cordials,48.39,8048000469
762,St. German,375 ml,,Liqueurs & Cordials,18.14,8048000470
763,Villa Massa Limoncello,750 ml,,Liqueurs & Cordials,36.29,1002119000
764,Walker Blue Curacao,,,Liqueurs & Cordials,15.72,8954016761
765,Walker Triple Sec,375 ml,,Liqueurs & Cordials,9.67,8954014538
766,club tails bahama mama 24oz,,,Liqueurs & Cordials,4.21,8474640049
767,dr.mcgillicuddy grape,50 ml,,Liqueurs & Cordials,1.71,8800400958
768,gran gala,375 ml,,Liqueurs & Cordials,16.93,8235230025
769,kinky aloha,750 ml,,Liqueurs & Cordials,24.19,8427900210
770,kinky fruit punch,50 ml,,Liqueurs & Cordials,1.71,8427900556
771,licor 43,375 ml,Single,Liqueurs & Cordials,19.35,2992911509
772,7Up,20 Oz,Single,Non-Alcoholic,3.03,7800000161
773,99 ICE TEA,50 ml,Single,Non-Alcoholic,1.43,8800403414
774,Arizona Hard Party Pack,12 Oz,12-Pack,Non-Alcoholic,22.98,1300876853
775,Barefoor Watermelon,1.5 L,Single,Non-Alcoholic,14.51,8500002991
776,Bartenders Iced Tea,750 ml,,Non-Alcoholic,12.09,8438042674
777,Beach Juice Pine Passion,500 ml,Single,Non-Alcoholic,4.83,8500003960
778,Bearfoot Watermelon,750 ml,Single,Non-Alcoholic,8.46,8500002992
779,Beat Box Hard Tea,500 ml,,Non-Alcoholic,6.04,5113300697
780,Beck's Non-Alchoholic,,6-Pack,Non-Alcoholic,13.3,8248812700
781,Becks Non-Alcoholic,12 Oz,Single,Non-Alcoholic,2.5,8248812710
782,Bellissina Zero Sugar Cab,750 ml,Single,Non-Alcoholic,18.14,5103100496
783,Big Sipz Hard Lemonade,200 ml,Single,Non-Alcoholic,4.83,6001073732
784,Big Sipz Pina Colada,200 ml,Single,Non-Alcoholic,4.83,5002832474
785,Blood Sweat Tears,750 ml,,Non-Alcoholic,24.19,5659200603
786,Boozy Iced Tea,24Oz,Single,Non-Alcoholic,4.83,5002419217
787,Buzz Ball Lemon Tea,187 ml,Single,Non-Alcoholic,4.83,5520000551
788,Buzz Ball Watermelon,,,Non-Alcoholic,4.83,5520000554
789,CALYPSO LEMONADE,,,Non-Alcoholic,3.03,7958118400
790,CAPRISIO WATER,,,Non-Alcoholic,2.27,8901601944
791,CAPRISIO WATERM750,,,Non-Alcoholic,13.3,8901601910
792,CARLOROSSI WATERMELON,,,Non-Alcoholic,6.04,8500002973
793,COPPA LONG ISLAND ICED TEA,,,Non-Alcoholic,19.35,8.71244E+12
794,CUT WATER BLOODY MARY 4,,,Non-Alcoholic,18.14,1675102047
795,CUT WATER MARGARITA,,4-Pack,Non-Alcoholic,18.14,1675102123
796,Cali Cocktail Lemonade,12 Oz,4-Pack,Non-Alcoholic,15.72,1235401347
797,Cana Thc,12 Oz,4-Pack,Non-Alcoholic,18.14,6000550658
798,Canada Dry Club Soda,,,Non-Alcoholic,3.03,7800014645
799,Cantina Valle Tritana,1.5 L,,Non-Alcoholic,20.56,1689896518
800,Cantina Zaccagnini,750 ml,Single,Non-Alcoholic,20.56,8947550147
801,Cantina Zaccagnini Dry Rose,750 ml,,Non-Alcoholic,22.98,8947550141
802,Cantina Zaccagnini Monto,750 ml,,Non-Alcoholic,20.56,8947550101
803,Cap.MoraganWatermellon,750 ml,,Non-Alcoholic,7.25,8200078456
804,Capt Morgan Iced Tea,750 ml,,Non-Alcoholic,19.35,8200074349
805,Celsius Artic,12 Oz,Single,Non-Alcoholic,1.94,8939202141
806,Celsius Peach,12 Oz,Single,Non-Alcoholic,1.94,8939201019
807,Celsius Tropical,12 Oz,Single,Non-Alcoholic,1.94,8939202139
808,Coca Cola,12 Oz,,Non-Alcoholic,1.51,6782900
809,Coke,,,Non-Alcoholic,1.51,6792800
810,Coke - 2L,2 L,Single,Non-Alcoholic,4.6,6742708
811,Cut Water Long Islandtea,12 Oz,4-Pack,Non-Alcoholic,18.14,1675102199
812,Cut Water Long Lemon Drop,12 Oz,4-Pack,Non-Alcoholic,18.14,1675102379
813,Cut Water Mango,12 Oz,4-Pack,Non-Alcoholic,18.14,1675102210
814,Cut Water Pina Colada,12 Oz,4-Pack,Non-Alcoholic,18.14,1675102248
815,Cut Water Pineapple,12 Oz,4-Pack,Non-Alcoholic,18.14,1675102279
816,Cut Water Single Can,12 Oz,Single,Non-Alcoholic,6.04,1766200000
817,Cut Water Transfusion,12 Oz,4-Pack,Non-Alcoholic,18.14,1675102256
818,Cut Water White Russian,12 Oz,4-Pack,Non-Alcoholic,18.14,1675102206
819,Cutwater,355 ml,Single,Non-Alcoholic,6.04,1675102121
820,Cutwater Espresso Martini,12 Oz,4-Pack,Non-Alcoholic,18.14,1675102373
821,Cutwater Grapefrut,12 Oz,4-Pack,Non-Alcoholic,18.14,1675102120
822,Cutwater Mango,,,Non-Alcoholic,6.04,1675102209
823,Cutwater Margarita Verity Pack,200 ml,12-Pack,Non-Alcoholic,32.66,1675102353
824,Cutwater Peach Margarita,12 Oz,4-Pack,Non-Alcoholic,18.14,1675102238
825,Cutwater Pepermint,12 Oz,4-Pack,Non-Alcoholic,18.14,1675102396
826,Cutwater Spiced Bloody Mary,,,Non-Alcoholic,6.26,1675102008
827,Cutwater Spicy Margarita,12 Oz,4-Pack,Non-Alcoholic,18.14,1675102428
828,Dailys Pina Colodo Mix,32 Oz,,Non-Alcoholic,7.25,7480600060
829,Dailys Sweetened Lime Juice,32 Oz,,Non-Alcoholic,7.25,7480600049
830,Delta Watermelon,12 Oz,4-Pack,Non-Alcoholic,18.14,5005089520
831,Deltacannabiswater,12 Oz,Single,Non-Alcoholic,7.25,9652097980
832,Diet Coca Cola,20 Oz,Single,Non-Alcoholic,3.33,4904500
833,Diet Coke - 2L,2 L,Single,Non-Alcoholic,4.6,4900005011
834,Diet Coke Can,,,Non-Alcoholic,1.51,4965802
835,Diet Pepsi,12 Oz,Single,Non-Alcoholic,1.51,1280504
836,Dole small,,,Non-Alcoholic,1.21,3890000914
837,Dunkin Spiked Iced Tea,16 Oz,Single,Non-Alcoholic,4.83,4182781019
838,Dunkin Spiked Iced Tea Mix Pack,12 Oz,12-Pack,Non-Alcoholic,22.98,4182780124
839,Everfresh Lemonade,16 Oz,Single,Non-Alcoholic,3.33,7673712243
840,FISHER.SPIKE TEA. CAN,,4-Pack,Non-Alcoholic,21.77,5001069714
841,FOUR LOKO LEMONADE,200 ml,,Non-Alcoholic,2.41,4980600283
842,Fisher Lemonade,12 Oz,8-Pack,Non-Alcoholic,33.87,5003942441
843,Fishers Island Lemonade,12 Oz,4-Pack,Non-Alcoholic,21.77,5003942445
844,Gasolina Cocktail,200 ml,Single,Non-Alcoholic,3.62,4370920021
845,Gasolina Orignal,200 ml,Single,Non-Alcoholic,3.62,4370920004
846,Gatorade,,,Non-Alcoholic,3.03,5200020808
847,Gatorade lime,,,Non-Alcoholic,3.03,5557742026
848,Gloria Marg Pink Lemonade,750 ml,,Non-Alcoholic,14.51,5002832414
849,Gush Pear Juice,,,Non-Alcoholic,4.83,6001137470
850,Hampton Water,375 ml,,Non-Alcoholic,14.51,1214702106
851,Hampton Water,750 ml,,Non-Alcoholic,25.4,1214702100
852,Happy Dad Iced Tea Variaty Pack,12 Oz,12-Pack,Non-Alcoholic,22.98,5004652291
853,Island District Aloe Water Honey,12 Oz,4-Pack,Non-Alcoholic,14.51,6000624803
854,Jc. Classic Margarita Lemonade Cockails,12 Oz,4-Pack,Non-Alcoholic,14.51,1017838005
855,Jc. Pink Lemonade,12 Oz,4-Pack,Non-Alcoholic,14.51,1017838009
856,Jd Coca Cola,12 Oz,12-Pack,Non-Alcoholic,37.5,8218420718
857,Jd Watermelon Punch,,6-Pack,Non-Alcoholic,10.88,8218422603
858,Jose Marg Watermelon,1.75 L,,Non-Alcoholic,26.61,1153801104
859,Juice,,,Non-Alcoholic,2.27,4850000860
860,Kona Big Wave,12 Oz,12-Pack,Non-Alcoholic,22.98,9603061496
861,LOVER BOY LEMONTEA,,,Non-Alcoholic,16.93,6000186723
862,LOVER BOY W.TEA PEACH,,,Non-Alcoholic,16.93,6000186725
863,LOYAL WATER MELON CAN,,4-Pack,Non-Alcoholic,15.72,8200079995
864,La Battistina Gavi,750 ml,,Non-Alcoholic,20.56,8365500002
865,Leroux Watermelon,750 ml,Single,Non-Alcoholic,18.14,8711600984
866,Lipton Hard Iced Tea,12 Oz,12-Pack,Non-Alcoholic,24.19,4026240051
867,Loyal Lemonade,12 Oz,8-Pack,Non-Alcoholic,24.19,8200081253
868,Loyal Lemonade Iced Tea,12 Oz,4-Pack,Non-Alcoholic,15.72,8200079993
869,Loyal Water Melon Case,,,Non-Alcoholic,93.17,1.0082E+13
870,Loyal Watermelon,,4-Pack,Non-Alcoholic,15.72,6000330165
871,Lucky One Sweet Tea Half & Half,355 ml,4-Pack,Non-Alcoholic,13.3,8500004209
872,Lucky One Sweet Tea Peach,355 ml,4-Pack,Non-Alcoholic,13.3,8500004213
873,Lucky One Sweet Tea Raspberry,355 ml,4-Pack,Non-Alcoholic,13.3,8500004211
874,Luna Di Luna,1.5 L,Single,Non-Alcoholic,19.35,5766000462
875,MIKES LEMONADE 24OZ CAN,,,Non-Alcoholic,4.1,3598524583
876,MINUTE MAID FRUIT PUNCH,,,Non-Alcoholic,3.03,2500005802
877,MONSTER ULTRA,,,Non-Alcoholic,3.41,7084703308
878,Magnum Watermelon Kiss,750 ml,Single,Non-Alcoholic,13.3,8787263863
879,Martineffi's No Alcohol,,,Non-Alcoholic,7.25,4124412254
880,Mike's Straw Lemonade,,6-Pack,Non-Alcoholic,12.09,3598522413
881,Mikes Lemonade,12 Oz,6-Pack,Non-Alcoholic,13.3,1578100000
882,Mikes Lemonade,,6-Pack,Non-Alcoholic,13.3,3598510062
883,Mikes O Sugar Lemonade,12 Oz,6-Pack,Non-Alcoholic,13.3,3598580177
884,Minute Maid,20 Oz,Single,Non-Alcoholic,3.33,2500005801
885,Minute Maid Apple Juice,12 Oz,,Non-Alcoholic,3.03,2500006151
886,Minute Maid Margarita,1.5 L,,Non-Alcoholic,19.35,1007878147
887,Minute Maid Orange Juice,12 Oz,,Non-Alcoholic,3.03,2500006153
888,Minute Maid Pina Colada,1.5 L,,Non-Alcoholic,19.35,1007878149
889,Minute Maid Strawberry Daiquiri,1.5 L,,Non-Alcoholic,19.35,1007878151
890,Mom Water Lemon & Bluebr,12 Oz,4-Pack,Non-Alcoholic,14.51,6000532394
891,Mom Water Squad Veriety,12 Oz,8-Pack,Non-Alcoholic,25.4,6000532398
892,Mom Water Susan Citrus,12 Oz,4-Pack,Non-Alcoholic,14.51,6000847335
893,Mom Water Susan Straweberry & Kiwi,12 Oz,4-Pack,Non-Alcoholic,14.51,6000847340
894,Mom Water Vacation Veriety,12 Oz,8-Pack,Non-Alcoholic,25.4,6000847346
895,Monster Green,16 Oz,,Non-Alcoholic,3.63,7084781116
896,Monster Green,500 ml,Single,Non-Alcoholic,3.62,5.06017E+12
897,Monster Lo-Carb,,,Non-Alcoholic,3.63,7084781126
898,Moon Water Variety,12 Oz,12-Pack,Non-Alcoholic,38.71,5006618005
899,Mr & Mrs T. Pina - 1L,,,Non-Alcoholic,7.25,7065596030
900,Mtn Dew Hard Zero Sugar,24Oz,Single,Non-Alcoholic,4.83,8769201874
901,NA Grapefruit,375 ml,,Non-Alcoholic,9.1,8500002428
902,NA Pink Whitney,50 ml,,Non-Alcoholic,1.2,8567507
903,NMS WATER MELON,750 ml,,Non-Alcoholic,18.14,8500003092
904,NMS WATERMELON1.75ML,,,Non-Alcoholic,26.61,8500003094
905,Noca Boozy Iced Tea,12 Oz,12-Pack,Non-Alcoholic,22.98,6000137429
906,Noca Lemonade Vty,12 Oz,12-Pack,Non-Alcoholic,22.94,5002419212
907,PINK LEMONADE,20 Oz,Single,Non-Alcoholic,3.33,2500005886
908,Parot Bay Long Poland Pced Tea,,,Non-Alcoholic,3.62,8800403704
909,Pepsi,20 Oz,Single,Non-Alcoholic,3.33,1212901
910,Pepsi,,,Non-Alcoholic,4.22,1200000230
911,Pepsi - 2L,2 L,Single,Non-Alcoholic,4.6,1211300
912,Pepsi 2L,2 L,Single,Non-Alcoholic,4.22,6900000261
913,Pepsi Can,12 Oz,,Non-Alcoholic,1.51,1256808
914,Pirate Water,16 Oz,4-Pack,Non-Alcoholic,10.88,4980600504
915,Pirate Water 16Oz,16 Oz,4-Pack,Non-Alcoholic,10.88,4980600502
916,Polar Tonic - 1L,,,Non-Alcoholic,3.03,7153702012
917,Prime Lemonade,500 ml,,Non-Alcoholic,3.63,1011612155
918,Prime Strawberry Watermelon,500 ml,,Non-Alcoholic,3.63,5000356097
919,RANCH WATER,,12-Pack,Non-Alcoholic,22.98,6000362349
920,ROMANA SAMBVCA,50 ml,,Non-Alcoholic,2.72,8800403672
921,ROMANA SAMBVCA,750 ml,,Non-Alcoholic,36.29,8800403747
922,Red Bull,12 Oz,,Non-Alcoholic,4.83,1126981899
923,Red Bull -,16 Oz,Single,Non-Alcoholic,6.04,1126954601
924,Red Bull - 8.4oz,,,Non-Alcoholic,3.07,1126999100single
925,Red Bull 8.4oz,,4-Pack,Non-Alcoholic,10.88,1126910802
926,Red Bull Coconut,12 Oz,,Non-Alcoholic,4.55,1126932121
927,Red Bull Coconut 8oz,,,Non-Alcoholic,3.07,1126928136
928,Red Bull Peach,12 Oz,,Non-Alcoholic,4.55,1126928310
929,Red Bull Sugar Free,12 Oz,,Non-Alcoholic,4.54,1126971646
930,Red Bull Sugar free 8.4oz,8 Oz,Single,Non-Alcoholic,3.41,1126910171
931,Red Bull Tropical,12 Oz,Single,Non-Alcoholic,4.83,1126911357
932,Red Bull Watermelon 8oz,,,Non-Alcoholic,3.33,1126933124
933,Red Bull Winter Edition,12 Oz,,Non-Alcoholic,4.55,1126900173
934,Red Bull Yellow Edition,8 Oz,Single,Non-Alcoholic,3.33,1126916345
935,Red Bull Zwhite Peach,12 Oz,,Non-Alcoholic,4.55,1126900270
936,RedBull,20 Oz,Single,Non-Alcoholic,6.64,1126913344
937,Redbull 80,8 Oz,Single,Non-Alcoholic,3.33,1126999100
938,Redbull Amber Edition,8 Oz,Single,Non-Alcoholic,3.33,1126900128
939,Ripe Bar Juice Margarita,750 ml,,Non-Alcoholic,14.51,5654300282
940,Romana Sambuca Black,750 ml,,Non-Alcoholic,38.71,8676722106
941,Roses Sweet Lime Juice,,,Non-Alcoholic,8.46,1660000103
942,SIM.SPIKE LEMONADE CAN,,12-Pack,Non-Alcoholic,24.19,1007878020
943,SIM.SPIKED LEMONADE 24OZ,,,Non-Alcoholic,4.49,1007878016
944,SMIR.NEON.LEMONADE CAN,,12-Pack,Non-Alcoholic,22.98,8200079876
945,SMIRN. PINK LEMONADE,750 ml,,Non-Alcoholic,19.35,8200079720
946,Seagrams Blueberry Lemonade,12 Oz,4-Pack,Non-Alcoholic,8.46,7031001729
947,Sola Lemonade,355 ml,Single,Non-Alcoholic,4.83,1087902992
948,Sola Raspberry Iced Tea,355 ml,Single,Non-Alcoholic,4.83,1087902982
949,Spiked Cooler Lemonade,7 Oz,8-Pack,Non-Alcoholic,24.19,5910500474
950,Sprite,20 Oz,Single,Non-Alcoholic,3.33,4976400
951,Sprite - 2L,2 L,Single,Non-Alcoholic,4.6,4900005015
952,Sprite 2L,,,Non-Alcoholic,4.24,6750600
953,Sprite Can,,,Non-Alcoholic,1.51,4913207
954,Stateside Watermelon,12 Oz,4-Pack,Non-Alcoholic,14.51,5002560515
955,Sun Cruiser 12Pk Iced Tea Pk,12 Oz,12-Pack,Non-Alcoholic,35.08,8769202363
956,Sun Cruiser Ice Tea,24Oz,,Non-Alcoholic,7.25,8769202192
957,Sun Cruiser Iced Tea,19Oz,Single,Non-Alcoholic,6.04,8769202404
958,Sun Cruiser Iced Tea Variety Pack,12 Oz,18-Pack,Non-Alcoholic,55.65,8769202196
959,Sun Cruiser Lamon Ice Tea,24Oz,,Non-Alcoholic,7.25,8769202193
960,Sun Cruiser Lemonade Iced Tea,19Oz,Single,Non-Alcoholic,6.04,8769202400
961,Sun Cruiser Pink Lemonade,12 Oz,8-Pack,Non-Alcoholic,24.19,8769202141
962,Sun Cruiser Pink Lemonade,19Oz,Single,Non-Alcoholic,6.04,8769202398
963,Surf Side Black Cherry Lemonade,12 Oz,4-Pack,Non-Alcoholic,14.51,5002560595
964,Surf Side Iced&Lemonade,12 Oz,4-Pack,Non-Alcoholic,14.51,5002560554
965,The Big Red Monster,750 ml,,Non-Alcoholic,31.45,6000135985
966,Treana Red,,,Non-Alcoholic,60.49,5789170010
967,Tropicana Apple 15fl,,,Non-Alcoholic,2.27,4850000861
968,Tropicana Cranberry,32 Oz,,Non-Alcoholic,4.83,4850000672
969,Tropicana Cranberry 15oz,,,Non-Alcoholic,3.03,4850000864
970,Tropicana Orenge,32 Oz,,Non-Alcoholic,4.27,4850000000
971,Tropicana Pineapple 15oz,,,Non-Alcoholic,3.03,4850000868
972,Twist Tea Light,12 Oz,6-Pack,Non-Alcoholic,13.3,8769287102
973,Twist Tea Peach,12 Oz,6-Pack,Non-Alcoholic,13.3,8769297102
974,Twistedtea Raspberry,24Oz,Single,Non-Alcoholic,4.32,8769285231
975,Vibe Cherry Lemonade,500 ml,Single,Non-Alcoholic,6.04,8500004002
976,Vibe Watermelon Lemonade,500 ml,Single,Non-Alcoholic,6.04,8500003971
977,Vitamin Water,,,Non-Alcoholic,3.63,8616208000
978,Vitamin Water 0 Sugar,20 Oz,Single,Non-Alcoholic,3.33,8616200297
979,Water,16 Oz,Single,Non-Alcoholic,1.51,6001400070
980,Watermelon-Ber-Rita 25Oz,,,Non-Alcoholic,4.42,1820025908
981,White Rock Club Soda,1 L,Single,Non-Alcoholic,3.03,7206303301
982,coca cola 16.9oz,,,Non-Alcoholic,3.03,4900002468
983,coca cola btl,20 Oz,Single,Non-Alcoholic,3.33,4904403
984,cut water mojito can,,4-Pack,Non-Alcoholic,18.14,1675102178
985,cut water straw.marga.can,,4-Pack,Non-Alcoholic,18.14,1675102245
986,gloria water melon,,4-Pack,Non-Alcoholic,13.3,5001257149
987,jose watermln,,4-Pack,Non-Alcoholic,13.3,1153801695
988,long ice tea,750 ml,,Non-Alcoholic,13.3,8800401522
989,romana sambvca,,,Non-Alcoholic,20.56,8800403746
990,smirn watermelon,50 ml,,Non-Alcoholic,1.43,8261201
991,tropicana cranberry,,,Non-Alcoholic,1.54,4850000838
992,tropicana orange,,,Non-Alcoholic,1.71,4850000174
993,watermelon rose,750 ml,,Non-Alcoholic,6.04,8860301189
994,APPLETON 1.75ML,,,Rum,55.65,2105900152
995,APPLETON RUM,,,Rum,66.54,2105900155
996,Admiral Nelson's Watermelon Rum,750 ml,Single,Rum,12.09,9674900252
997,Appleton Estate,750 ml,,Rum,31.45,2105900150
998,Appleton Estate 15Yrs Black River Casks,750 ml,Single,Rum,84.69,3619121240
999,BACARDI TROPICAL 1.75ML,,,Rum,26.61,8048098643
1000,BUMBU RUM,750 ml,,Rum,48.39,1349700610
1001,Bacardi,50 ml,,Rum,1.14,8048000672
1002,Bacardi 8y,750 ml,,Rum,43.55,8048050540
1003,Bacardi Bahama Mama,1.75 L,Single,Rum,26.61,8048098559
1004,Bacardi Bahama Mama can,,4-Pack,Rum,14.51,8048098626
1005,Bacardi COCO 175L,,,Rum,31.45,8048040061
1006,Bacardi CoCo,750 ml,,Rum,21.77,8048040063
1007,Bacardi Coco,50 ml,,Rum,1.43,8048040066
1008,Bacardi Dragon berry,375 ml,,Rum,12.09,8048000028
1009,Bacardi Fruit,750 ml,,Rum,18.14,8048098641
1010,Bacardi Gold,1.75 L,,Rum,25.4,8048002520
1011,Bacardi Gold,200 ml,,Rum,7.25,8048002570
1012,Bacardi Gold,375 ml,,Rum,10.88,8048002560
1013,Bacardi Gold,50 ml,,Rum,1.88,8048002621
1014,Bacardi Gold,750 ml,,Rum,18.14,8048002540
1015,Bacardi Hurricane,1.75 L,Single,Rum,26.61,8048098561
1016,Bacardi Hurricane,750 ml,,Rum,16.93,8048098550
1017,Bacardi Lime,750 ml,,Rum,18.14,8048098427
1018,Bacardi Limon,1.75 L,,Rum,26.61,8048035520
1019,Bacardi Limon,375 ml,,Rum,11.37,8048035560
1020,Bacardi Limon,50 ml,,Rum,2.27,8048035620
1021,Bacardi Limon,750 ml,,Rum,18.14,8048035540
1022,Bacardi Mando,50 ml,,Rum,1.09,8048000486
1023,Bacardi Mango Chile,50 ml,,Rum,1.37,8048098835
1024,Bacardi Mango Chile,750 ml,,Rum,18.14,8048098834
1025,Bacardi Mojito,1.5 L,Single,Rum,26.61,8048098355
1026,Bacardi Mojito can,355 ml,4-Pack,Rum,14.51,8048098628
1027,Bacardi Oakheart,50 ml,,Rum,1.43,8048000155
1028,Bacardi Pineapple,375 ml,,Rum,11.37,8048000384
1029,Bacardi Pineapple,50 ml,,Rum,1.09,8048000386
1030,Bacardi Pineapple,750 ml,,Rum,21.77,8048000383
1031,Bacardi Raspberry,375 ml,,Rum,12.09,8048000677
1032,Bacardi Rum Cocktail Punch,355 ml,4-Pack,Rum,14.51,8048098544
1033,Bacardi Rum Cocktails Limon,,,Rum,14.51,8048098542
1034,Bacardi SILVER,200 ml,,Rum,7.25,8048001570
1035,Bacardi SILVER,375 ml,,Rum,10.88,8048001560
1036,Bacardi Select,750 ml,,Rum,26.61,8048005540
1037,Bacardi Silver,1.75 L,,Rum,25.4,8048001520
1038,Bacardi Silver,100 ml,,Rum,3.41,8048001580
1039,Bacardi Silver,50 ml,,Rum,1.88,8048001621
1040,Bacardi Silver,750 ml,,Rum,18.14,8048001540
1041,Bacardi Spiced Rum,1.75 L,Single,Rum,31.45,8048000150
1042,Bacardi Variety Pack,12 Oz,6-Pack,Rum,21.77,8048098767
1043,Bacardi Zombie,1.75 L,,Rum,25.4,8048098560
1044,Bacardi fruit,50 ml,,Rum,1.21,8048098642
1045,Bacardi limon,200 ml,,Rum,7.68,8048035570
1046,Barbancourt 15 Years,,,Rum,60.49,8144087231
1047,Barbancourt 8yr,750 ml,,Rum,37.5,8976887331
1048,Barbancourt Aged 15 Yr,750 ml,Single,Rum,76.22,8976881320
1049,Barbancourt White Haitian Rum,750 ml,Single,Rum,27.82,8976888132
1050,Baternder's Coconut Rum,,,Rum,18.14,8438042634
1051,Blackwell Jmaican Rum,750 ml,Single,Rum,42.34,5.06012E+12
1052,Blue Chair Banana Rum,750 ml,,Rum,33.87,5688100427
1053,Bumbu Rum,375 ml,Single,Rum,25.4,1349700613
1054,Bumbu Rum Cream,750 ml,,Rum,48.39,1349700617
1055,CAP CARIBBEANWHITE RUM,,,Rum,26.61,8200077289
1056,CAP.PINEAPPLE RUM 1.75ML,,,Rum,26.61,8200077318
1057,Cachaca 21 - 1L,,,Rum,24.19,9153600001
1058,Cachaca 51 - 1L,,,Rum,27.82,7.896E+12
1059,Cachaca 61 - 1l,,,Rum,25.4,8835212510
1060,Cachaca Seleta Gold - 1L,,,Rum,27.82,8633200089
1061,Cachaca Seleta Silver - 1L,,,Rum,27.82,8633200092
1062,Cachaca Tatuzinho - 1L,,,Rum,19.35,110900007
1063,Captain Morgan,200 ml,,Rum,8.46,8727309
1064,Captain Morgan,375 ml,,Rum,13.3,8727707
1065,Captain Morgan Sliced Variety,12 Oz,12-Pack,Rum,22.98,8200080275
1066,Captain Morgan Spiced - 1L,,,Rum,29.03,8700000270
1067,Captain Morgan Sweet Chili Lime,1.75 L,Single,Rum,35.08,8200080887
1068,Captain Morgan Sweet Chili Lime,50 ml,Single,Rum,1.8,8273303
1069,Captain Morgan Tropical Punch,1.75 L,,Rum,14.51,8200079744
1070,Captain Morgan White,1.75 L,,Rum,26.61,8200076685
1071,Captain Morgan White,750 ml,,Rum,21.77,8200076682
1072,Conundrum,750 ml,Single,Rum,26.61,1722475012
1073,Cut Water Tiki Rum Mai Thai,12 Oz,4-Pack,Rum,18.14,1675102168
1074,DOS MADERAS RUM,750 ml,,Rum,36.29,8.41003E+12
1075,Diplomatico Excluciva,750 ml,,Rum,48.39,7.594E+12
1076,Diplomatico Mantuano,750 ml,,Rum,37.5,7.594E+12
1077,Diplomatico Reserva Exclusiva,750 ml,Single,Rum,50.81,5.09987E+12
1078,Don Q 151,750 ml,,Rum,30.24,8230175151
1079,Gosling Ginger Diet,,6-Pack,Rum,10.88,2109420007
1080,Goslings Black Seal,750 ml,,Rum,36.29,2109419905
1081,Jamel Cachaca Gold - 1L,1 L,,Rum,25.4,8720200263
1082,Jamel Cachaca Silver - 1L,1 L,,Rum,22.98,8720200262
1083,Kraken,750 ml,,Rum,30.24,1153801302
1084,Kraken Gold Spiced Rum,1.75 L,Single,Rum,52.02,1884402434
1085,Kraken Gold Spiced Rum,750 ml,Single,Rum,31.45,1884402432
1086,MALIBU LIME,,,Rum,15.72,8954053523
1087,MALIBU MIX PK,12 Oz,8-Pack,Rum,24.19,8043200280
1088,MALIBU PASSI.,,4-Pack,Rum,15.72,8954053521
1089,MALIBU PINACALADA,,,Rum,15.72,8954053566
1090,MALIBU PINEAPPLE,,4-Pack,Rum,15.72,8954053570
1091,MALIBU STRAW.DAI CAN,,4-Pack,Rum,15.72,8954053568
1092,MALIBU STRAWERRY,,4-Pack,Rum,15.72,8954053536
1093,MYERS RUM 1.75ML,,,Rum,62.91,8800403653
1094,Malibu,50 ml,,Rum,2.27,8954053558
1095,Malibu CoCo,1.75 L,,Rum,38.71,8954044932
1096,Malibu CoCo,200 ml,,Rum,9.1,8954044935
1097,Malibu CoCo,750 ml,,Rum,25.4,8954044899
1098,Malibu Lime,1 L,Single,Rum,16.93,8954054005
1099,Malibu Lime,750 ml,,Rum,29.03,8954054004
1100,Malibu Lime 1.75L,1.75 L,Single,Rum,24.19,8954054006
1101,Malibu Mango,750 ml,,Rum,29.03,8954046308
1102,Malibu Orignal Coconut Rum,375 ml,,Rum,14.51,8954044903
1103,Malibu Pass Fruit,750 ml,,Rum,20.56,8954047239
1104,Malibu Peach,750 ml,,Rum,29.03,8954053590
1105,Malibu Peach,,4-Pack,Rum,15.72,8954053602
1106,Malibu Pineapple,750 ml,,Rum,29.03,8954046313
1107,Malibu Pineapple Bay Breeze,1 L,Single,Rum,18.14,8954053632
1108,Malibu Rum Pink,750 ml,Single,Rum,25.4,8954053652
1109,Malibu Rum Punch,1 L,Single,Rum,18.14,8954053633
1110,Malibu Strawberry,750 ml,,Rum,29.03,8954054010
1111,Malibu Watermelon,750 ml,,Rum,29.03,8954053555
1112,Mount Gay Silver Rum,1 L,Single,Rum,35.08,8723695092
1113,Mount Gay XO,750 ml,,Rum,94.37,8723695014
1114,Mt Gay Eclipse Rum 1L,1 L,,Rum,27.82,8723695002
1115,Myers's Original Dark,750 ml,,Rum,36.29,8800403654
1116,Pango Rum,750 ml,Single,Rum,31.45,8976889131
1117,Parrot Bay,750 ml,,Rum,24.19,8800403657
1118,Parrot Bay Coco,1.75 L,,Rum,42.34,8800403700
1119,Parrot Bay Coconut,1.75 L,,Rum,42.34,8800403696
1120,Parrot Bay Orange,750 ml,,Rum,15.72,8200076163
1121,Parrot Bay Orange Rum 750,,,Rum,18.14,8200000235
1122,Parrot Bay Pineapple,750 ml,,Rum,24.19,8800403710
1123,Parrot Bay Strawberry,750 ml,,Rum,24.19,8800403712
1124,Parrot Bay Trav,750 ml,,Rum,18.14,8700000418
1125,Planteray Rum Sealander 80',700 ml,Single,Rum,52.02,9552115543
1126,Pyrat Rum 80Pf,375 ml,,Rum,24.19,2173310009
1127,RUM CHATA,1.75 L,,Rum,58.07,9035500100
1128,RUM HAVEN,,,Rum,1.43,8500002333
1129,RUMCHATA LIMON,750 ml,,Rum,30.24,9035500151
1130,Revenge Rum,750 ml,Single,Rum,12.09,5149731913
1131,Ron Zacapa Centenario,750 ml,Single,Rum,66.54,9901300055
1132,Ron Zacapa Xo,750 ml,,Rum,145.19,9901300056
1133,Rum Chata,375 ml,,Rum,21.77,9035500103
1134,Rum Chata 750Ml,750 ml,,Rum,37.5,9035500105
1135,Rum Chata Coconut,50 ml,,Rum,1.94,8500000685
1136,Rum Chata Coconut,750 ml,,Rum,36.29,8500003576
1137,Rum Chata Peppermint,,4-Pack,Rum,36.29,9035500155
1138,Rum Flor De Cana No.7,1.75 L,Single,Rum,66.54,2696438001
1139,Rum chata,50 ml,,Rum,2.41,9035500104
1140,Rum haven,1.75 L,,Rum,37.5,8500002335
1141,Rum haven,750 ml,,Rum,27.82,8500002334
1142,RumChata,750 ml,,Rum,35.08,9035500102
1143,Rumchata Pineapple Cream,750 ml,Single,Rum,36.29,8500003765
1144,Rumple Minze,200 ml,,Rum,10.88,8676770542
1145,Rumple Minze,375 ml,,Rum,18.14,8676770543
1146,Rumple Minze,50 ml,,Rum,3.7,8676752022
1147,Rumple Minze,750 ml,,Rum,35.08,8676752006
1148,Rumple Minze 1L,,,Rum,43.55,8676752004
1149,Rumple Minze Cinnamint 100 Pf,750 ml,Single,Rum,25.4,8676770590
1150,Sailor Jerry Rum lmtd,750 ml,,Rum,29.03,8366486446
1151,Spytail Ginger Rum,1.75 L,,Rum,12.09,5322200603
1152,Spytail Ginger Rum,750 ml,,Rum,7.25,5322200602
1153,Strong Water Rum,1 L,,Rum,9.67,1002890001
1154,Velho barreiro GOLD,750 ml,,Rum,22.98,110900003
1155,Wray & Nephew,200 ml,,Rum,10.88,2105900064
1156,Wray & Nephew Over,375 ml,,Rum,18.14,2105900066
1157,Wray & Nephew Overproof - 1L,,,Rum,42.34,2105900060
1158,Wray & Nephew Overproof - 750m,750 ml,,Rum,31.45,2105900063
1159,Wray n nephew 5oml,50 ml,,Rum,2.57,2105900061
1160,bACARDI gOLD-LIMITED,750 ml,,Rum,18.14,8048000748
1161,bacardi mile,50 ml,,Rum,1.2,8048098428
1162,barbancourt 3 star 750,,,Rum,26.61,8976887131
1163,barbancourt white,750 ml,,Rum,24.19,8976888131
1164,cachaca diamond,,,Rum,42.34,110900008
1165,captain morgan,,,Rum,24.19,8719300
1166,captain morgan coco 1.75,,,Rum,26.61,8200077317
1167,rum chata limon,100 ml,,Rum,3.62,9035500152
1168,rum chata pepper mint,100 ml,,Rum,3.62,9035500157
1169,velho barreiro,,,Rum,21.77,110900001
1170,yPIOCA CACHACA 1l,,,Rum,38.71,5083100704
1171,-196 Grapefruit 4Pk,355 ml,4-Pack,Spirits & Other,14.51,8068600757
1172,-196 Lemon 4Pk,355 ml,4-Pack,Spirits & Other,14.51,8068600457
1173,-196 Peach 4Pk,355 ml,4-Pack,Spirits & Other,14.51,8068600761
1174,-196 Strawberry 4Pk,355 ml,4-Pack,Spirits & Other,14.51,8068600909
1175,-196 Variety 8Pk,355 ml,8-Pack,Spirits & Other,26.61,8068600926
1176,1792 small batch,750 ml,,Spirits & Other,43.55,8066000120
1177,1800MARG.STRAWBERRY1.75ML,,,Spirits & Other,29.03,1884402277
1178,19 CRIME CALI RED,750 ml,,Spirits & Other,15.72,1235400429
1179,19 crime anished,750 ml,,Spirits & Other,13.3,1235400168
1180,19 crime rose,750 ml,,Spirits & Other,15.72,1235400500
1181,2 Road Juciy Box,12 Oz,6-Pack,Spirits & Other,26.61,1957801274
1182,2 Roads,,4-Pack,Spirits & Other,13.3,1957801047
1183,2 WAYCORK OPNER,,,Spirits & Other,5.69,3616011026
1184,2Roads Nightshaker Espresso Martini,12 Oz,4-Pack,Spirits & Other,20.56,1957801292
1185,2Xoborbon American Oak,750 ml,,Spirits & Other,60.49,8427900816
1186,400CONEJOS,750 ml,,Spirits & Other,38.71,1153801362
1187,7 Deadly Zins,750 ml,,Spirits & Other,21.77,5293510001
1188,8 Years In The Desert Red 2021,750 ml,,Spirits & Other,48.39,8500002670
1189,818 REP,750 ml,,Spirits & Other,60.49,9589303109
1190,818 SILVER,750 ml,,Spirits & Other,50.81,9589368701
1191,90 + Rose+Tax,1.5 L,,Spirits & Other,20.56,1087902057
1192,90 + processco rose,750 ml,,Spirits & Other,14.51,9465500167
1193,90 Cellars,750 ml,,Spirits & Other,14.51,9465500168
1194,90+ Barbaresco,750 ml,Single,Spirits & Other,26.61,1087902169
1195,90+ Lumbrusco,750 ml,Single,Spirits & Other,13.3,1087902147
1196,90+ Prossecco,1.5 L,Single,Spirits & Other,27.82,1087902070
1197,90+ Rrose,,,Spirits & Other,12.09,9465500151
1198,99 Apples,50 ml,,Spirits & Other,1.43,8900011839
1199,99 Blue Rasp,50 ml,,Spirits & Other,1.43,8800403966
1200,99 Coconut,50 ml,,Spirits & Other,1.43,8900099315
1201,99 Grape,50 ml,,Spirits & Other,1.43,8900099076
1202,99 Peach,50 ml,,Spirits & Other,1.43,8900099061
1203,99 pin,50 ml,,Spirits & Other,1.43,8066001070
1204,ABSO.LIME&CUCUM,,,Spirits & Other,4.83,8954053549
1205,AC/DC Thunderstruck repo,,,Spirits & Other,48.39,8124075093
1206,AGUAR.GREEN,750 ml,,Spirits & Other,24.19,6485800032
1207,AGUARDIENTE ANTIOQUERIO,,,Spirits & Other,47.18,6485800019
1208,AGUARDIENTE SIN AZUCAR,1.75 L,,Spirits & Other,47.18,6485800034
1209,ALFRESCO rose,750 ml,,Spirits & Other,9.67,1150202055
1210,ALIZE MANGO,750 ml,,Spirits & Other,29.03,8469264019
1211,ALIZE PASSION,375 ml,,Spirits & Other,18.14,8469265805
1212,ALIZE PASSION,750 ml,,Spirits & Other,31.45,8469265801
1213,ALIZE RED,375 ml,,Spirits & Other,18.14,8469220115
1214,ALIZEMANGO,375 ml,,Spirits & Other,16.93,8469264017
1215,AMERICAN SPIRIT SKY,,,Spirits & Other,20.56,4799520040
1216,ANISETTE,750 ml,,Spirits & Other,16.93,8068631240
1217,ARROW BLU CURACAO,750 ml,,Spirits & Other,14.51,8835211876
1218,Absolu mandarin,1.75 L,,Spirits & Other,39.92,3522900260
1219,Ace Of Spades Rose,750 ml,,Spirits & Other,725.99,0000ACE2
1220,Admiral,1.75 L,,Spirits & Other,24.19,9674908626
1221,Admiral pin,750 ml,,Spirits & Other,14.51,9674900151
1222,Aguar Green Antioqueno,750 ml,,Spirits & Other,24.19,6.64858E+11
1223,Aguardiente - 1L,,,Spirits & Other,30.24,6485800006
1224,Aguardiente Blue,200 ml,,Spirits & Other,14.51,6485800012
1225,Aguardiente Blue,750 ml,,Spirits & Other,24.19,6485800011
1226,Aguardiente Red,750 ml,,Spirits & Other,22.98,6485800002
1227,Aguardiente Sin Azucar - 1L,,,Spirits & Other,30.24,6485800018
1228,Aguila,12 Oz,6-Pack,Spirits & Other,13.3,9754913286
1229,Aim Roquesante Rose,750 ml,,Spirits & Other,16.93,8372900639
1230,Alamos Cab,750 ml,,Spirits & Other,14.51,8500001817
1231,Alcolo 8Pk 12 Oz,12 Oz,8-Pack,Spirits & Other,24.19,5002419228
1232,Alecrim Branco,750 ml,,Spirits & Other,12.09,5.60201E+12
1233,Alecrim Tinto,750 ml,,Spirits & Other,12.09,5.60201E+12
1234,Alize Bleu Passion,375 ml,,Spirits & Other,16.93,8469220615
1235,Alize Bleu Passion,750 ml,Single,Spirits & Other,29.03,8469220614
1236,Alize Blue,200 ml,,Spirits & Other,12.09,8469220613
1237,Alize Gold Passion,750 ml,,Spirits & Other,32.66,8469220094
1238,Alize Peach,750 ml,,Spirits & Other,29.03,8469221310
1239,Alize Pineapple,750 ml,,Spirits & Other,31.45,8469263368
1240,Alize Red,750 ml,,Spirits & Other,29.03,8469220114
1241,Allagash White,12 Oz,12-Pack,Spirits & Other,24.19,367510161
1242,Allagash White btls,,6-Pack,Spirits & Other,14.51,367510188
1243,Allure,750 ml,,Spirits & Other,12.09,8105400393
1244,Altered Rose,750 ml,,Spirits & Other,18.14,8858601088
1245,Altered Sauv,750 ml,,Spirits & Other,18.14,8858601087
1246,Altered cab,750 ml,,Spirits & Other,18.14,8858601086
1247,Alvarez de Toledo,750 ml,,Spirits & Other,12.09,1564325595
1248,Alverdi Cab +Tax,1.5 L,,Spirits & Other,16.93,8017549473
1249,Amarillo Aquardiente 750Ml,750 ml,Single,Spirits & Other,29.03,8775203602
1250,American Buddy's,1 L,Single,Spirits & Other,14.51,1087902235
1251,American Buddy's,1.75 L,Single,Spirits & Other,24.19,1087902208
1252,American Rebel Light,16 Oz,6-Pack,Spirits & Other,14.51,5636800722
1253,American Spirit Dark Blue,,,Spirits & Other,20.56,4799585524
1254,American Spirits BLUE,,,Spirits & Other,20.56,4799585508
1255,American Spirits Menthol,,,Spirits & Other,20.56,4799585522
1256,American Spirits Menthol Lght,,,Spirits & Other,20.56,4799585505
1257,American Spirits YELLOW,,,Spirits & Other,20.56,4799585509
1258,Amrut Fusion,750 ml,,Spirits & Other,84.69,3620200038
1259,Amrut cask strength,750 ml,,Spirits & Other,89.53,3620200034
1260,Amsteel Light,12 Oz,24-Pack,Spirits & Other,42.34,7289010025
1261,Amstel Light,12 Oz,6-Pack,Spirits & Other,12.09,7289848
1262,Amstel Light Bottles,12 Oz,12-Pack,Spirits & Other,22.98,7289010016
1263,Anares Reserva,750 ml,,Spirits & Other,18.14,8.41142E+12
1264,Ancnoc 12 Years Old,750 ml,,Spirits & Other,84.69,3207010002
1265,Angry Orch Imerial,12 Oz,6-Pack,Spirits & Other,13.3,8769201791
1266,Angry Orchid Crisp Apple,12 Oz,6-Pack,Spirits & Other,13.3,1579000000
1267,Angry Orchid Green Apple Sgl,,,Spirits & Other,2.48,8769200150
1268,Angry orchid Green Apple,,6-Pack,Spirits & Other,13.3,8769200149
1269,Angry orchids variety pack can,12 Oz,12-Pack,Spirits & Other,22.98,8769200821
1270,Antiquity Blue,750 ml,Single,Spirits & Other,42.34,8.90297E+12
1271,Anza Gold,50 ml,,Spirits & Other,1.25,8800404217
1272,Apocalypto Rep,750 ml,,Spirits & Other,48.35,6318800069
1273,Apple-Ah-Rita 25oz,,,Spirits & Other,4.42,1820025538
1274,Aquardiente Red,375 ml,,Spirits & Other,13.3,6485800001
1275,Arbeg,750 ml,,Spirits & Other,82.27,8330007210
1276,Arbor Arborita Lime,750 ml,,Spirits & Other,6.04,8210073920
1277,Arz Hard,22Oz,Single,Spirits & Other,3.86,1300876991
1278,Arz Hard Green,20 Oz,Single,Spirits & Other,3.86,1300876374
1279,Arz Hard Lemon,12 Oz,12-Pack,Spirits & Other,21.77,1300876612
1280,Arz Hard Lemon,20 Oz,Single,Spirits & Other,3.86,1300876373
1281,Arz Hard Peach,12 Oz,12-Pack,Spirits & Other,21.77,1300876806
1282,Arz Hard Peach,20 Oz,Single,Spirits & Other,3.86,1300876375
1283,Arz Hard Vty,12 Oz,12-Pack,Spirits & Other,21.77,1300876383
1284,Astra Bella Black,375 ml,,Spirits & Other,6.04,1006424012
1285,Astra Bella Blackberry,375 ml,,Spirits & Other,6.04,1006424020
1286,Astra Bella Peach,375 ml,,Spirits & Other,6.04,1006424022
1287,Astra Bella Rosso,375 ml,,Spirits & Other,6.04,1006424014
1288,Athletic Upside Dawn Golden,12 Oz,6-Pack,Spirits & Other,14.51,5535200807
1289,Atomic Berry,200 ml,Single,Spirits & Other,6.04,9638300759
1290,Atomic Boss Punch,200 ml,,Spirits & Other,6.04,9638300910
1291,Atsral Repo,750 ml,Single,Spirits & Other,33.87,8807618696
1292,Avaline Rose,750 ml,Single,Spirits & Other,22.98,1613602534
1293,Aveleda,750 ml,Single,Spirits & Other,10.88,6479321333
1294,Averna,750 ml,,Spirits & Other,36.29,8.0004E+12
1295,Aviation Cramb. & Blood Orange,750 ml,Single,Spirits & Other,42.34,8200081229
1296,Ayala Rose,750 ml,,Spirits & Other,60.49,1636000402
1297,Ayrloom Black Cherry,12 Oz,4-Pack,Spirits & Other,19.97,2014016479
1298,Ayrloom Honey Crisp,12 Oz,4-Pack,Spirits & Other,19.35,2014016481
1299,Ayrloom Pineapple Mango,12 Oz,Single,Spirits & Other,13.3,2014016480
1300,B&B,375 ml,,Spirits & Other,24.19,8048054560
1301,B.F BRIGHT ROSE,750 ml,,Spirits & Other,8.46,8500003286
1302,BACADI COQUITO 750,,,Spirits & Other,27.82,8048000819
1303,BAILEY COLADA,750 ml,,Spirits & Other,42.34,8676770505
1304,BARAO RUBY,,,Spirits & Other,13.3,5.60557E+12
1305,BARBARESCO 750,,,Spirits & Other,30.24,1564323940
1306,BARE FOOT BLU.BERRY1.5ML,,,Spirits & Other,14.51,8500003179
1307,BARE FOOT BUBBLY ROSE,,,Spirits & Other,13.3,8500002673
1308,BARE FOOT PEACH MOS.,,,Spirits & Other,8.46,8500002900
1309,BARE FOOT PINEAPPLE 1.5ML,,,Spirits & Other,14.51,8500003332
1310,BAREFOOR ROSE,1.5 L,,Spirits & Other,14.51,8500002647
1311,BASIL HAY.SUBTLE SMOKE,750 ml,,Spirits & Other,60.49,8068601247
1312,BDL NEXT CAN,,12-Pack,Spirits & Other,20.56,1820020327
1313,BEL.ORG. PEAR,750 ml,,Spirits & Other,39.92,8175383450
1314,BEL.ORG.BLK.LEMON,750 ml,,Spirits & Other,39.92,8175383442
1315,BELAIRE GOLD,187 ml,,Spirits & Other,12.09,1349700701
1316,BIC Lighter,,,Spirits & Other,2.12,7033060006
1317,BLUE CHAIR LIME,750 ml,,Spirits & Other,33.87,5688100440
1318,BOGAL PGO,750 ml,,Spirits & Other,12.09,8088749401
1319,BOWL&BASKET PEACH,,,Spirits & Other,4.83,4119006829
1320,BOWL&BASKET RED GRAPE,,,Spirits & Other,4.83,4119006830
1321,BREAD&BUTTER SAU BLA,,,Spirits & Other,16.93,1805102195
1322,BRTND ORANGE,750 ml,,Spirits & Other,18.14,8438042534
1323,BRUGAL EXTRA DRY,750 ml,,Spirits & Other,26.61,1206602009
1324,BUTTER PICON,750 ml,,Spirits & Other,32.66,5462800672
1325,Baby Kittens,,4-Pack,Spirits & Other,13.3,8973336442
1326,Back East Summer Ale,,,Spirits & Other,3.63,5785500433
1327,Backeast Cream,16 Oz,4-Pack,Spirits & Other,18.14,5785500431
1328,Backeast Double Scoop,16 Oz,4-Pack,Spirits & Other,22.98,5785500440
1329,Backeast Peanut,16 Oz,4-Pack,Spirits & Other,22.98,5785500447
1330,Bad Sons,16 Oz,4-Pack,Spirits & Other,19.35,6323680411
1331,Bailey,750 ml,,Spirits & Other,43.55,8676770512
1332,Bailey Coffe Toffe,750 ml,,Spirits & Other,43.55,8676770565
1333,Bailey Cookies Creamy,750 ml,,Spirits & Other,43.55,8676770569
1334,"Bailey""S Churros",750 ml,Single,Spirits & Other,42.34,8676770552
1335,Baily's Carmel,50 ml,,Spirits & Other,2.21,8676770175
1336,Baily's Coffe Toffe,50 ml,Single,Spirits & Other,2.21,8676770562
1337,Baily's Cookies Cream,50 ml,Single,Spirits & Other,2.21,8676770566
1338,Ballentines,1.75 L,,Spirits & Other,41.13,8954035281
1339,Balvenie Caribbean Cask 14yrs,,,Spirits & Other,117.36,8366487168
1340,Balvenie Curious Casks Limited Edition,,,Spirits & Other,181.49,8366410077
1341,Balvenie Double 12y,750 ml,,Spirits & Other,96.79,8366411221
1342,Banfi Rosa Regale,750 ml,,Spirits & Other,26.61,8051616644
1343,Barao Tawny,,,Spirits & Other,14.51,5.60557E+12
1344,Barbuncout 15 Years,,,Spirits & Other,60.49,8976887231
1345,Barenjager Honey,750 ml,Single,Spirits & Other,35.08,8036853300
1346,Barfood Rose,,4-Pack,Spirits & Other,9.67,8500004664
1347,Barker Espresso Martini 40 Proof,700 ml,Single,Spirits & Other,36.29,6001075137
1348,Barone Nero Veneto,750 ml,,Spirits & Other,13.3,8.01539E+12
1349,Bartender Hot Sex,750 ml,,Spirits & Other,18.14,8438042504
1350,Bartender Kic Ass Mud 750,,,Spirits & Other,18.14,8438042524
1351,Bartender spark rose,750 ml,,Spirits & Other,24.19,8775201385
1352,Bartenders Paloma,750 ml,,Spirits & Other,12.09,8438042574
1353,Bartenura Rosso Toscano,750 ml,,Spirits & Other,12.09,8775202681
1354,Barteura,750 ml,,Spirits & Other,16.93,8775200623
1355,Bbalvenie 16Yr,750 ml,Single,Spirits & Other,302.49,8366487486
1356,Beam,50 ml,,Spirits & Other,1.71,8068600190
1357,Beam Red Stag,50 ml,,Spirits & Other,1.71,8068600101
1358,Beam Red Stag,750 ml,,Spirits & Other,26.61,8068600102
1359,Beat Box,500 ml,,Spirits & Other,6.04,5113300678
1360,Beat Box Blue Rass,,,Spirits & Other,6.04,5113300676
1361,Beat Box Pink Lemo,,,Spirits & Other,6.04,5113300680
1362,Becks,16 Oz,4-Pack,Spirits & Other,6.87,8248812377
1363,Becks Bottles,12 Oz,12-Pack,Spirits & Other,20.56,8248812300
1364,Becks Btl,12 Oz,12-Pack,Spirits & Other,20.56,1573900000
1365,Belair Luxe,750 ml,,Spirits & Other,36.29,1349700501
1366,Belaire Bleu,200 ml,,Spirits & Other,12.09,1349700808
1367,Belaire Gold,750 ml,,Spirits & Other,36.29,1349700703
1368,Belaire Luxe,187 ml,,Spirits & Other,12.09,1349700715
1369,Belaire Rare Rose,200 ml,,Spirits & Other,12.09,1349700804
1370,Belaire Rose,187 ml,,Spirits & Other,12.09,1349700807
1371,Belaire Rose,750 ml,,Spirits & Other,36.29,1349700431
1372,Bella Union Cab,750 ml,Single,Spirits & Other,72.59,6479600010
1373,Belveder,750 ml,,Spirits & Other,38.71,8175383782
1374,Berlinetta Oktober Fest,12 Oz,4-Pack,Spirits & Other,18.14,5957678641
1375,Berlinetta Velvet Pilsner,16 Oz,4-Pack,Spirits & Other,18.14,1001468101
1376,Bertrand Cote D Rose,750 ml,,Spirits & Other,20.56,1214702215
1377,Bib tucker burbon,750 ml,,Spirits & Other,60.49,5644200500
1378,Big Sipz Blue Raspberry Punch,355 ml,Single,Spirits & Other,4.83,5002832486
1379,Big Sipz Chocolate Martini,200 ml,Single,Spirits & Other,4.83,5002832426
1380,Big Sipz Lime Margarita,200 ml,Single,Spirits & Other,4.83,5002832471
1381,Big Sipz Purple Punch,200 ml,Single,Spirits & Other,4.83,6001073730
1382,Big Sipz Purple Punch,355 ml,Single,Spirits & Other,4.83,6001073736
1383,Big Sipz Strawberry Margarita,200 ml,Single,Spirits & Other,4.83,5002832472
1384,Big Spiz Jugz Fruit Punch,1 L,Single,Spirits & Other,15.72,5006692902
1385,Big Spiz Jugz Merica,1 L,Single,Spirits & Other,15.72,5006692900
1386,Big Spiz Jugz Purple Punch,1 L,Single,Spirits & Other,15.72,5006692903
1387,Black & Mild Jazz,,,Spirits & Other,1.44,7013711265
1388,Black Stallion,750 ml,Single,Spirits & Other,18.14,8224201810
1389,Blackstone Cab,1.5 L,,Spirits & Other,19.35,8143450047
1390,Blackstone Cab,750 ml,,Spirits & Other,12.09,8143450009
1391,Blenders Pride (Bp),750 ml,Single,Spirits & Other,42.34,8.90152E+12
1392,Blue Chair Bay Coco,750 ml,,Spirits & Other,33.87,5688100417
1393,Blue De Mer,750 ml,,Spirits & Other,18.14,3.76012E+12
1394,Blue Label,750 ml,Single,Spirits & Other,302.49,8807618414
1395,Blue Nun,1.75 L,,Spirits & Other,24.19,759600105
1396,Blue Point,24Oz,Single,Spirits & Other,3.93,8174500151
1397,Blue Point Mother Pump,12 Oz,6-Pack,Spirits & Other,14.51,8174500168
1398,Bluemoon Bottles,12 Oz,12-Pack,Spirits & Other,22.98,7199009516
1399,Boazinha Gold - 1L,,,Spirits & Other,24.19,8633200099
1400,Bogle Zin Ov,750 ml,Single,Spirits & Other,13.3,8088749385
1401,Bold Rock Half n Half,,12-Pack,Spirits & Other,20.93,5000012056
1402,Bollicini,,4-Pack,Spirits & Other,14.51,1625301183
1403,Bonterra Cab Organic,,,Spirits & Other,16.93,8289678040
1404,Borne on Fore Cab,750 ml,,Spirits & Other,24.19,8858600924
1405,Botarita Margarita,,,Spirits & Other,19.35,8224201706
1406,Botarita Ready To Mix,1.5 L,,Spirits & Other,19.35,8224201707
1407,Bottega Limoncino,750 ml,,Spirits & Other,30.24,8678526097
1408,Bottega Sambuca,750 ml,Single,Spirits & Other,38.71,8678526099
1409,Brahma Duplo Malte,12 Oz,12-Pack,Spirits & Other,29.03,7.89199E+12
1410,Bread & Butter Cab/Sauv,750 ml,Single,Spirits & Other,16.93,1805102074
1411,Bread butter rose,750 ml,,Spirits & Other,16.93,1805102161
1412,Brooklyn Summer,,6-Pack,Spirits & Other,13.3,3061300053
1413,Brtnd Espresso Martini,750 ml,,Spirits & Other,16.93,8438043224
1414,Brtty Booze,12 Oz,4-Pack,Spirits & Other,20.56,6000964314
1415,Brugal Double Reserva,700 ml,Single,Spirits & Other,38.71,4204703984
1416,Brugal1888,750 ml,Single,Spirits & Other,49.6,1206602151
1417,BrugalExtraviejo,750 ml,,Spirits & Other,38.71,1206602017
1418,Buchannan's Pinapple,50 ml,Single,Spirits & Other,3.24,8284202
1419,Buchannans Master,750 ml,,Spirits & Other,54.44,8807617778
1420,Buckhorn Black Cherry,50 ml,Single,Spirits & Other,1.2,8800407035
1421,Bukoff,375 ml,,Spirits & Other,5.69,8085322179
1422,Bully Boy,750 ml,,Spirits & Other,52.02,5244400303
1423,Busch,12 Oz,30-Pack,Spirits & Other,30.24,1820061030
1424,Busch Apple,12 Oz,30-Pack,Spirits & Other,61.7,1820028753
1425,Busch Light,12 Oz,30-Pack,Spirits & Other,30.24,1820086031
1426,Busch Peach,12 Oz,30-Pack,Spirits & Other,35.08,1820029134
1427,Bush,12 Oz,12-Pack,Spirits & Other,13.31,01805125twelve
1428,Busker,,,Spirits & Other,4.54,5003759601
1429,CABRIZ,750 ml,,Spirits & Other,12.09,5.60458E+12
1430,CABRIZ RED,750 ml,,Spirits & Other,12.09,5.60458E+12
1431,CALVERT,1.75 L,,Spirits & Other,21.77,8835212901
1432,CAP.MOR.APPLE,750 ml,,Spirits & Other,22.98,8200079417
1433,CAP.MOR.CHERRY,750 ml,,Spirits & Other,22.98,8200079823
1434,CAP.MOR.PUMPKIN,750 ml,,Spirits & Other,21.77,8200077897
1435,CARAVEDO MOSTO VERDE,,,Spirits & Other,55.65,1613602322
1436,CARDHU GOLD,750 ml,,Spirits & Other,36.29,8807618304
1437,CARLOROSSI RASPBERRY,,,Spirits & Other,6.04,8500002974
1438,CAVIT ROSE,1.5 L,,Spirits & Other,16.93,8678521309
1439,CHRISTIAN BRO,750 ml,,Spirits & Other,18.14,8603681559
1440,CHRISTIAN BRO 175L,,,Spirits & Other,26.61,8603681547
1441,CICONIA SWEET,750 ml,,Spirits & Other,10.88,5.60039E+12
1442,CICONIA TOURIGA,750 ml,,Spirits & Other,10.88,5.60039E+12
1443,COPPA COSMOPOLITAN,750 ml,,Spirits & Other,19.35,8.71244E+12
1444,COPPA PINACOLADA,750 ml,,Spirits & Other,19.35,5003523100
1445,COPPA STRAWBERRY,,,Spirits & Other,19.35,8.71244E+12
1446,COPPOLA CLARET,,,Spirits & Other,24.19,3995897400
1447,COQUITO TRIGO,750 ml,,Spirits & Other,24.19,8504210710
1448,CORTES DE CIMA,,,Spirits & Other,24.19,5.60379E+12
1449,CR&F Extra Reserve,750 ml,,Spirits & Other,60.49,5.01028E+12
1450,CRANE CAB,,,Spirits & Other,6.04,8105439435
1451,CRANE LAKE WHITE ZIN,,,Spirits & Other,6.04,8105439445
1452,CROUS ST MARTIN,,,Spirits & Other,41.13,3.76012E+12
1453,CROWN APPLE,200 ml,,Spirits & Other,12.09,8200077154
1454,CUPCAKE PRO.ROSE,750 ml,,Spirits & Other,15.72,8130801199
1455,Ca'del Bosco Cuvee Prestige,750 ml,Single,Spirits & Other,60.49,9638300092
1456,Cabrillo,750 ml,,Spirits & Other,24.19,351061227
1457,Cabrillo Cab/Sauv,750 ml,,Spirits & Other,24.19,351061235
1458,Cabriz Doc Dao,750 ml,,Spirits & Other,10.88,5.60458E+12
1459,Cabriz Special Edition,750 ml,,Spirits & Other,30.24,5.60458E+12
1460,Cabriz Special Edition,,,Spirits & Other,84.69,3.56046E+13
1461,Caburnio Toscana,750 ml,,Spirits & Other,21.77,8.03327E+12
1462,Cali Cocktail Straw,12 Oz,4-Pack,Spirits & Other,15.72,1235401363
1463,Calico Jack,1.75 L,,Spirits & Other,25.4,8068693015
1464,Calico Jack CoCo,750 ml,,Spirits & Other,14.51,8068693013
1465,Calico Jack Spiced,750 ml,,Spirits & Other,14.51,8068693034
1466,Calumet 8 Years,,,Spirits & Other,56.86,1245901455
1467,Calumet Small Batch,,,Spirits & Other,72.59,1245901200
1468,Camila,750 ml,Single,Spirits & Other,12.09,9870900100
1469,Campo Viejo Gran Rsv,750 ml,Single,Spirits & Other,31.45,5283210538
1470,Campo Viejo Temp 2011,750 ml,,Spirits & Other,14.51,5283210625
1471,Campo Viewjo Reserva,750 ml,,Spirits & Other,21.77,1709600000
1472,Canara Dry 2L,2 L,Single,Spirits & Other,4.6,7800015246
1473,Cancao Red,1.5 L,,Spirits & Other,21.77,8633200008
1474,Cancao Red,750 ml,,Spirits & Other,12.09,8633200024
1475,Cancao Red 4L,,,Spirits & Other,33.87,8633200026
1476,Cann Blood Orange Cardamon,355 ml,4-Pack,Spirits & Other,20.56,6000550655
1477,Cann Grapefruit Rosemary,355 ml,4-Pack,Spirits & Other,20.56,6000550657
1478,Cann Lemon Lavender,355 ml,4-Pack,Spirits & Other,20.56,6000550656
1479,Canteen Blk Cherry,12 Oz,4-Pack,Spirits & Other,13.3,5001061952
1480,Cantera Cafe,750 ml,,Spirits & Other,44.76,5327800709
1481,Cantera Negra Silver,750 ml,,Spirits & Other,56.86,5327800708
1482,Cantera Repo,750 ml,,Spirits & Other,64.12,5327800707
1483,Capa Sweet Red,750 ml,,Spirits & Other,10.88,1703601088
1484,Capt Morgan 100pf,750 ml,,Spirits & Other,36.29,8200074198
1485,Capt Morgan Spice,1.75 L,,Spirits & Other,36.29,8700020115
1486,Captain CoCo,750 ml,,Spirits & Other,16.93,8200000488
1487,Captain DAughter,16 Oz,,Spirits & Other,20.56,5797300329
1488,Captain Mrgan Apple,50 ml,Single,Spirits & Other,1.2,8264305
1489,Captain Pineapple,750 ml,,Spirits & Other,18.14,8200000492
1490,Captain Spice,750 ml,,Spirits & Other,24.19,8700000271
1491,Captain Spiced 100P,50 ml,,Spirits & Other,1.43,8219208
1492,Captains,1.5 L,,Spirits & Other,36.29,8200075910
1493,Captains LIT,1.75 L,,Spirits & Other,22.98,8200074350
1494,Captan Morgan Sweet C Lime,750 ml,Single,Spirits & Other,20.56,8200080885
1495,Card fee,,,Spirits & Other,0.91,C
1496,Cardinal Mendoza Reserve,750 ml,Single,Spirits & Other,72.59,8832056000
1497,Carib,12 Oz,6-Pack,Spirits & Other,13.3,3399280016
1498,Caribbean Cask 14,200 ml,Single,Spirits & Other,30.24,8366487545
1499,Carlorossi Pineapple Sasgria,,,Spirits & Other,6.04,8500002975
1500,Carlorossi Sweet Reed,750 ml,,Spirits & Other,6.04,8500002504
1501,Carnivor Cab,750 ml,,Spirits & Other,14.51,8500002042
1502,Carpineto Brunelo Di Montalcio,750 ml,Single,Spirits & Other,71.38,8017519959
1503,Carupano Ron Reserva 6 Especial,750 ml,,Spirits & Other,24.19,3604000300
1504,Casa Noble,750 ml,,Spirits & Other,54.44,8124005037
1505,Casamigo,750 ml,,Spirits & Other,85.9,5672400632
1506,Casamigo Jalapeno,1 L,Single,Spirits & Other,84.69,8807618689
1507,Casamihos Jalapeno,750 ml,,Spirits & Other,42.34,8807618688
1508,Casillero Diablo Carmenen,,,Spirits & Other,13.3,8273431364
1509,Casillero Diablo Sauv Blan,,,Spirits & Other,13.3,8273400110
1510,Catuaba Generosa,750 ml,,Spirits & Other,15.72,8633200061
1511,Cay Man Moscow Mule,12 Oz,6-Pack,Spirits & Other,13.3,1582901054
1512,Cayman Margarita,12 Oz,6-Pack,Spirits & Other,13.3,1582901006
1513,Cayman Margarita Mango,12 Oz,6-Pack,Spirits & Other,13.3,3598500052
1514,Cayman Margarita Strawberry,12 Oz,6-Pack,Spirits & Other,13.3,1666900000
1515,Caymus Cab,750 ml,,Spirits & Other,84.69,1722471210
1516,Cazador Repo,1.75 L,Single,Spirits & Other,62.91,8048017000
1517,Cereser Apple 00 Alcool,750 ml,Single,Spirits & Other,7.25,7.89607E+12
1518,Cerro Anon Reserva,750 ml,,Spirits & Other,21.77,8.41142E+12
1519,Cerveza La Trop Crys,12 Oz,6-Pack,Spirits & Other,6.04,2383016012
1520,Chamoy,24Oz,Single,Spirits & Other,4.77,3354400174
1521,Chandon Rose,,,Spirits & Other,27.82,8515500040
1522,Chocovine,,,Spirits & Other,19.35,5977500123
1523,Christain Bro,375 ml,,Spirits & Other,8.46,9674900584
1524,Christian Bro,375 ml,,Spirits & Other,8.46,8603681567
1525,Christian Brother,200 ml,,Spirits & Other,4.56,8603681570
1526,Ciconia Red,750 ml,,Spirits & Other,10.88,5.60039E+12
1527,Cims Del Montsant,750 ml,,Spirits & Other,14.51,1564325944
1528,Clase Asul,375 ml,,Spirits & Other,133.09,5001427522
1529,Claustru's Tawney,750 ml,,Spirits & Other,15.72,5.60161E+12
1530,Clubtails Margarita Cocktail,24Oz,Single,Spirits & Other,3.92,8474640050
1531,Coco Rico,16 Oz,,Spirits & Other,3.33,7409041516
1532,Coco Sky Cream Liquor,750 ml,Single,Spirits & Other,32.66,1822745957
1533,Code Rouge,750 ml,Single,Spirits & Other,16.93,9425400385
1534,Colonel E.H Taylor,750 ml,Single,Spirits & Other,133.09,8800400549
1535,Colt 45 40oz,,,Spirits & Other,4.34,7125000019
1536,ConCannon Crimson,750 ml,,Spirits & Other,14.51,8190800014
1537,Confetti Pink Grapefruit,750 ml,Single,Spirits & Other,12.09,8678567024
1538,Confetti Summer Peach,12 Oz,Single,Spirits & Other,12.09,8678567022
1539,Cooper@Thief Red,750 ml,,Spirits & Other,31.45,8600325400
1540,Coppa Cocktails Mojito,,,Spirits & Other,19.35,8.71244E+12
1541,Coppa Mojito,750 ml,,Spirits & Other,19.35,5003523104
1542,Coppa Sex On Beach,750 ml,,Spirits & Other,19.35,5003523108
1543,Coppola Diam Cab,750 ml,,Spirits & Other,21.77,3995806480
1544,Coppola Diamond Sau Blac,750 ml,Single,Spirits & Other,15.72,8224201834
1545,Coppola Votre Sante,750 ml,,Spirits & Other,6.04,3995812916
1546,Corona,12 Oz,12-Pack,Spirits & Other,22.98,C12
1547,Corona,,18-Pack,Spirits & Other,31.45,8066095680
1548,Coronita 12 Pk Bottle,7 Oz,12-Pack,Spirits & Other,18.14,3354495034
1549,Coronita 24/ Case,7 Oz,,Spirits & Other,31.45,8066095408
1550,Coronita 7Oz Btl,7 Oz,12-Pack,Spirits & Other,18.15,1573500000
1551,Coronita Bottles,7 Oz,24-Pack,Spirits & Other,30.24,8066095409
1552,Corte Fiore Appassimento,750 ml,Single,Spirits & Other,19.35,1087902099
1553,Cote Atlantique Rose,750 ml,,Spirits & Other,10.88,2593523040
1554,Counter Weight Crucial,16 Oz,4-Pack,Spirits & Other,18.14,6005700163
1555,Craigellachie 13,750 ml,,Spirits & Other,72.59,8048000538
1556,Cremant Rose,750 ml,,Spirits & Other,29.03,9744800020
1557,Crios Malbek,750 ml,,Spirits & Other,13.3,5849700505
1558,Croun Royal Blackberry,750 ml,Single,Spirits & Other,35.08,8200078955
1559,Crown Apple,375 ml,,Spirits & Other,20.56,8200077155
1560,Crown Black 1L,,,Spirits & Other,55.65,8200075044
1561,Crowns 100 Gold,,Single,Spirits & Other,12.09,9060039168
1562,Crowns 100 Green,,Single,Spirits & Other,12.09,9060039167
1563,Crowns Gold,,,Spirits & Other,12.09,9060039162
1564,Cruzan pineapple,750 ml,,Spirits & Other,18.14,8068696772
1565,Culito Cab,750 ml,Single,Spirits & Other,9.67,705411201
1566,Cupcake,,,Spirits & Other,20.56,8130800390
1567,Cupcake Cab,750 ml,,Spirits & Other,13.3,8130859187
1568,Cupcake Prosecoo,750 ml,,Spirits & Other,15.72,8130800132
1569,Cupcake Red Velvet,750 ml,Single,Spirits & Other,13.3,8130800125
1570,D'USSE,200 ml,,Spirits & Other,21.77,8048098319
1571,D'usse,750 ml,,Spirits & Other,72.59,8048000292
1572,D'usse Vsop,1.75 L,Single,Spirits & Other,145.19,8048098936
1573,D'usse vsop,375 ml,,Spirits & Other,32.66,8048000293
1574,DAILY MANGO,,,Spirits & Other,2.84,7480618950
1575,DAILY PEACH,,,Spirits & Other,2.83,7480618830
1576,DE KUYPER SOUR APPLE,,,Spirits & Other,20.56,8068631012
1577,DELEON,750 ml,,Spirits & Other,48.39,8200079197
1578,DISA-VELVET CREAM,750 ml,,Spirits & Other,45.97,5003759775
1579,DOG FISH VDAKA CAN,,4-Pack,Spirits & Other,19.35,3848900250
1580,DRAKES ORGANIC 1 LITER,,,Spirits & Other,16.93,5000255419
1581,Dailys Blue Ras,,,Spirits & Other,2.86,7480691853
1582,Dailys Margarita Single,,,Spirits & Other,2.83,7480618410
1583,Dailys Simple Syrup,32 Oz,,Spirits & Other,7.25,7480600048
1584,Dailys Strawberry single,,,Spirits & Other,2.83,7480618420
1585,Dailys Strawberrymix,32 Oz,,Spirits & Other,7.25,7480600051
1586,Dailys Sweet & Sour Mix,32 Oz,,Spirits & Other,7.25,7480600059
1587,Dalmore 12yrs,,,Spirits & Other,83.48,8764711167
1588,Daviess County,750 ml,Single,Spirits & Other,36.29,8835213480
1589,Dayzed Fruit Punch,12 Oz,4-Pack,Spirits & Other,18.14,9816805737
1590,Dayzed Lemon Lime,12 Oz,4-Pack,Spirits & Other,18.14,9816810627
1591,DeKuper,750 ml,,Spirits & Other,16.93,8068636340
1592,Dead Bolt White,750 ml,,Spirits & Other,6.04,5283210631
1593,Decoy Cab,,,Spirits & Other,26.61,6957601926
1594,Defrost peppermint,50 ml,,Spirits & Other,1.14,8310370507
1595,Dek Apple Pucker,750 ml,,Spirits & Other,13.98,8068639540
1596,Dek Crema De Cocoa 1L,,,Spirits & Other,18.14,8068632001
1597,Dek De Cacao Dark,750 ml,,Spirits & Other,16.93,8068632003
1598,Dek De Cocoa white,750 ml,,Spirits & Other,16.93,8068632103
1599,Dek Strawberry Pucker 750,,,Spirits & Other,16.93,8068618440
1600,Dek. Buttershot,750 ml,,Spirits & Other,16.93,8068631940
1601,Dek. Cream De Mint Green,,,Spirits & Other,16.93,8068633940
1602,Dek. W/melon Pucker,750 ml,,Spirits & Other,16.93,8068639640
1603,Dekyp Apple Pucker - 1L,,,Spirits & Other,20.56,8068639520
1604,Dekyp Buttershot - 1L,,,Spirits & Other,19.35,8068631920
1605,Dekyper Tripple Sec,375 ml,,Spirits & Other,9.67,8068636301
1606,Delola Orange,750 ml,Single,Spirits & Other,27.82,8068600473
1607,Delola Paloma,750 ml,Single,Spirits & Other,27.82,8068600477
1608,Delola Paloma Bellaberry,750 ml,Single,Spirits & Other,27.82,8068600475
1609,Delta Lime,12 Oz,4-Pack,Spirits & Other,18.14,5005089523
1610,Deposit (0.10),,,Spirits & Other,0.12,500100000
1611,Deposit Return,,,Spirits & Other,0.12,500200000
1612,Di Amore Quattro,750 ml,,Spirits & Other,20.56,8292840015
1613,Di Amore Ras,750 ml,,Spirits & Other,20.56,8292827805
1614,Di Amore Sambuca,750 ml,,Spirits & Other,20.56,8292839985
1615,DiGrazia Magnolia,750 ml,,Spirits & Other,24.19,853194793
1616,Diamarine Rose,750 ml,Single,Spirits & Other,15.72,7000301803
1617,Divining Rod Cab,750 ml,,Spirits & Other,20.56,8601280101
1618,Dogajolo Toscano,750 ml,,Spirits & Other,14.51,8017559375
1619,Dom Perignon,,,Spirits & Other,362.99,8175382242
1620,Domini Veneti Appassimento 2023,750 ml,Single,Spirits & Other,14.51,8.00205E+12
1621,Don Fulano Repo,750 ml,Single,Spirits & Other,81.06,7.41639E+12
1622,DonQ,1.75 L,,Spirits & Other,26.61,8230117502
1623,Donjulio 1942,1.75 L,Single,Spirits & Other,483.99,7454500108
1624,Donjulio Claro 70Th Annivsry,50 ml,Single,Spirits & Other,10.88,8807619078
1625,Dory Adegamae,750 ml,Single,Spirits & Other,13.3,5.60021E+12
1626,Dos Hombres,750 ml,,Spirits & Other,72.59,3604054495
1627,Dos Primos Repasado,750 ml,Single,Spirits & Other,54.44,8835213884
1628,Double Black - Jw,750 ml,,Spirits & Other,48.39,8807617770
1629,Down East Srawberry,12 Oz,4-Pack,Spirits & Other,15.72,5861200393
1630,Downeast Berry Mixed Pack,,9-Pack,Spirits & Other,26.61,5861200389
1631,Downeast Peach Mango,12 Oz,4-Pack,Spirits & Other,15.72,5861200330
1632,Downeast Unfilter,12 Oz,4-Pack,Spirits & Other,15.72,5861200335
1633,Downeast Variety 9pk,,9-Pack,Spirits & Other,26.61,5861200314
1634,Downeast blue,,4-Pack,Spirits & Other,19.35,5861200350
1635,Dr. McGill Apple Pie,50 ml,,Spirits & Other,1.71,8800400975
1636,Dr. McGillicuddy's Butter,50 ml,,Spirits & Other,1.71,8800402032
1637,Dr. McGillicuddy's Menthol 50m,50 ml,,Spirits & Other,1.71,8800414408
1638,Dr. Mcgillicuddy Menthol,,,Spirits & Other,19.35,8800414404
1639,Dr. Mcgillicuddy's Peach,50 ml,Single,Spirits & Other,1.71,8800400979
1640,Dragon Stout - Single,12 Oz,,Spirits & Other,2.78,9597807081
1641,Dragon Stout - box,,6-Pack,Spirits & Other,14.51,9861402126
1642,Dubra,1.75 L,,Spirits & Other,16.93,8085322018
1643,Dubra,750 ml,,Spirits & Other,9.67,8085322020
1644,Duckhorn Napa Velly,,,Spirits & Other,72.59,6957601934
1645,Due Torri Pinogrio+Tax,1.5 L,,Spirits & Other,19.35,8017551215
1646,Dunkin Mix 12Pk Can,12 Oz,12-Pack,Spirits & Other,22.98,4182780024
1647,Dutcgcraft,375 ml,,Spirits & Other,7.85,1056309910
1648,E J Peach,375 ml,,Spirits & Other,9.67,8500002410
1649,E.M GARNACHA SYRAH,750 ml,,Spirits & Other,10.88,5165000405
1650,EA white,750 ml,,Spirits & Other,10.88,6395562181
1651,Eagle rare,750 ml,,Spirits & Other,60.49,8800402134
1652,Earthquake Cab,750 ml,,Spirits & Other,29.03,5293510006
1653,East Rock Pilsner,12 Oz,6-Pack,Spirits & Other,14.51,5751000731
1654,Ed Hardy Case,,,Spirits & Other,24.2,1.00886E+13
1655,El Miracle Granacha,750 ml,,Spirits & Other,12.09,8.41031E+12
1656,Environment Fee,,,Spirits & Other,0.05,f
1657,Epic Gummy,1.5 L,,Spirits & Other,18.14,8970812202
1658,Epic Whipped,1.75 L,,Spirits & Other,18.14,8970812183
1659,Esponol 1L Repo,1 L,,Spirits & Other,47.18,2105970101
1660,Evan Willam Honey,750 ml,,Spirits & Other,24.19,9674902180
1661,Evan Willams Egg Nog,750 ml,,Spirits & Other,15.72,9674902533
1662,Even Williams Honey,50 ml,,Spirits & Other,1.43,9674902179
1663,Everfresh Apple,16 Oz,,Spirits & Other,3.03,7673712232
1664,Everfresh Cran,16 Oz,,Spirits & Other,3.33,7673712256
1665,Everfresh Cran,32 Oz,,Spirits & Other,5.45,7673710816
1666,Everfresh Cran,64 Oz,,Spirits & Other,7.56,7673710724
1667,Everfresh Fruit Punch,16 Oz,,Spirits & Other,3.33,7673712236
1668,Everfresh Island Puch,16 Oz,Single,Spirits & Other,3.13,7673712392
1669,Everfresh Pineapple,16 Oz,,Spirits & Other,3.33,7673712456
1670,Everfresh Pineapple,32 Oz,,Spirits & Other,5.45,7673720069
1671,Everfresh Ruby,16 Oz,,Spirits & Other,3.03,7673712250
1672,Evodia Garnacha,750 ml,Single,Spirits & Other,16.93,8.4247E+12
1673,Exclusiv,375 ml,,Spirits & Other,8.93,9973300203
1674,Exclusiv Berry,375 ml,,Spirits & Other,8.93,9973300064
1675,Exclusiv CoCo,750 ml,,Spirits & Other,13.3,9973300054
1676,Eximius Tinto,750 ml,,Spirits & Other,10.88,5.60442E+12
1677,FAMILIA DANTI DHIANT,750 ml,,Spirits & Other,13.3,1564325129
1678,FEDERALIST CAB,750 ml,,Spirits & Other,19.35,8689108318
1679,FELLIPE,750 ml,Single,Spirits & Other,29.03,2285105001
1680,FINCA EL ORIGEN,750 ml,,Spirits & Other,14.51,1394201055
1681,FISHER.FIZZ.4CAN,,,Spirits & Other,21.77,5001069713
1682,FISHER.PINK. CAN,,4-Pack,Spirits & Other,21.77,5001069715
1683,FLEUR DE MER,,,Spirits & Other,24.19,8500002470
1684,FOUR LOKO BLUE RAZE,200 ml,,Spirits & Other,2.41,4980600290
1685,FOUR LOKO SOUR PEACH,200 ml,,Spirits & Other,2.41,4980600412
1686,FRANGELICE,750 ml,,Spirits & Other,36.29,2105900137
1687,FRE CAB SAV,750 ml,,Spirits & Other,12.09,8516123
1688,Fabrizia Limencello Gift Box,750 ml,,Spirits & Other,43.55,8397094453
1689,Fabrizia Pistachio,750 ml,,Spirits & Other,26.61,6541528682
1690,Fanta,,,Spirits & Other,3.03,4900001916
1691,Fanta -2L,2 L,Single,Spirits & Other,4.6,4900005025
1692,Far Niente Cab Napa Valley,750 ml,Single,Spirits & Other,181.49,3017409130
1693,Fifth State,750 ml,,Spirits & Other,24.19,1456798376
1694,Filibuster Bottled In Bond 5Yrs,750 ml,Single,Spirits & Other,96.79,5000351619
1695,Fire Ball Blazin'apple,50 ml,Single,Spirits & Other,1.31,8800406915
1696,Firefly Red Latern,16 Oz,4-Pack,Spirits & Other,18.14,5706100823
1697,Fisher Half & Half,12 Oz,4-Pack,Spirits & Other,21.77,5003942447
1698,Fisher Island,12 Oz,,Spirits & Other,21.77,6763600001
1699,Fisher Lemonadw,12 Oz,4-Pack,Spirits & Other,21.77,5003942443
1700,Fisher Lemonadw Blueberry,12 Oz,4-Pack,Spirits & Other,21.77,5003942442
1701,FlipFlop Cab,1.5 L,,Spirits & Other,14.51,8130800222
1702,Florida Man,12 Oz,6-Pack,Spirits & Other,14.51,5000518915
1703,Fnata,,,Spirits & Other,4.24,7800011346
1704,Foco Coco,16 Oz,,Spirits & Other,3.33,1622990147
1705,Folonari MontePul,750 ml,,Spirits & Other,8.46,8974440861
1706,Forester 80pf,750 ml,,Spirits & Other,38.71,8112800508
1707,Forever Ever can,16 Oz,4-Pack,Spirits & Other,22.98,6317700013
1708,Fortisimo,1.5 L,,Spirits & Other,19.35,8601250044
1709,Fortisimo-3L,,,Spirits & Other,26.61,8601250045
1710,Foster Big Cans - 25oz,,,Spirits & Other,3.81,7089701331
1711,Four Loko Fruit Punch,,,Spirits & Other,4.72,9521600104
1712,Four Loko Gold - 24oz,,,Spirits & Other,4.72,4980600116
1713,Four Loko Peach,,,Spirits & Other,4.72,9521600106
1714,Four Rose,750 ml,,Spirits & Other,31.45,4006340040
1715,Fourloko Grape,24Oz,Single,Spirits & Other,4.72,4980600267
1716,Fout Loko Apple - 24oz,,,Spirits & Other,4.34,4980600095
1717,Freixinet Negro Dry,,,Spirits & Other,15.72,3329300380
1718,Frontera Cab,1.5 L,,Spirits & Other,12.09,8273421367
1719,Frontera Pg,1.5 L,Single,Spirits & Other,12.09,8273441669
1720,Frontera cab,750 ml,,Spirits & Other,7.25,8273421352
1721,Fu ki Plum,750 ml,,Spirits & Other,20.56,8602402411
1722,Fulton Harvest Pumpkin,750 ml,,Spirits & Other,15.72,9674900369
1723,GATORAD 20FL,,,Spirits & Other,3.03,5200032866
1724,GEN5 ANCESTRAL RED,,,Spirits & Other,15.72,5948100388
1725,GOOSE ISLAND 15PK CAN,,15-Pack,Spirits & Other,30.24,3692011651
1726,GORU 18M,750 ml,,Spirits & Other,21.77,8.43701E+12
1727,GRANDMARNIER,750 ml,,Spirits & Other,48.39,4918890047
1728,GRAVE,375 ml,,Spirits & Other,10.88,8955291124
1729,GRIND EXPRESSO SHOT,,,Spirits & Other,24.19,8800403795
1730,Gabrielle,750 ml,,Spirits & Other,20.56,351061185
1731,Gabrielle Ashley Cab,750 ml,,Spirits & Other,21.77,609805218
1732,Game Blue - 2pk,,,Spirits & Other,1.71,3170004970
1733,Gasolinacocktail Grape Fruit,,5-Pack,Spirits & Other,16.93,4370920011
1734,Gato,,,Spirits & Other,3.03,5200032867
1735,Gato Arctic,,,Spirits & Other,3.03,5200001039
1736,Gato Glacier,,,Spirits & Other,3.03,5200032486
1737,Gato Glacier White,,,Spirits & Other,3.03,5200010247
1738,Gato Negro Cab 1.5,,,Spirits & Other,12.09,8832013104
1739,Gentleman Jack,750 ml,Single,Spirits & Other,52.02,8218403872
1740,Georges Dubeuf Regnie,,,Spirits & Other,4.83,3125901510
1741,Geto,,,Spirits & Other,3.03,5200032481
1742,Geyser Peak - Uncensored,,,Spirits & Other,6.04,8341700647
1743,Glendalough Dbl Barrel Irish,750 ml,,Spirits & Other,60.49,4020226015
1744,Glenliviet 15yrs,750 ml,,Spirits & Other,108.89,8043210078
1745,Gloria Strawberry,1.5 L,Single,Spirits & Other,19.35,6151800265
1746,Gluweihn,,,Spirits & Other,12.09,8475670026
1747,Gnarly Head Double 1924,750 ml,,Spirits & Other,12.09,8224201384
1748,Gonner,1.75 L,Single,Spirits & Other,20.56,1087902835
1749,Goru Verde Organic,750 ml,,Spirits & Other,13.3,8.43701E+12
1750,Graham Six Reserve,750 ml,,Spirits & Other,35.08,9479901004
1751,Graham's 10y Tawny,750 ml,,Spirits & Other,50.81,9479901008
1752,Graham's 20y Tawny,750 ml,,Spirits & Other,75.01,9479901009
1753,Graham's 30y Tawny,750 ml,,Spirits & Other,157.29,9479901010
1754,Gran Bericanto Riserva,750 ml,,Spirits & Other,36.29,3954300012
1755,Gran Coramino Repo 750Ml,750 ml,Single,Spirits & Other,32.66,1884402816
1756,Gran Passia Roso Toscana,750 ml,,Spirits & Other,24.19,3954300002
1757,Grand,1.75 L,,Spirits & Other,88.32,4918890049
1758,Grand Manier,750 ml,,Spirits & Other,48.39,2105900262
1759,Grants,1.75 L,,Spirits & Other,35.08,8366410050
1760,GrapFruit,750 ml,,Spirits & Other,6.04,8860301190
1761,Green River Rye,750 ml,Single,Spirits & Other,48.39,5755200861
1762,Greygoose Basil,750 ml,,Spirits & Other,36.29,8048098572
1763,Greygoose peach,750 ml,,Spirits & Other,36.29,8048098574
1764,Grind Double Espresso,50 ml,Single,Spirits & Other,1.51,8800403531
1765,H2ROADS12CNP,,,Spirits & Other,22.07,1957801185
1766,H2roads,,,Spirits & Other,3.63,1957801168
1767,H2roads Citrus,355 ml,Single,Spirits & Other,3.62,1957801348
1768,HACIENDA,,,Spirits & Other,21.77,1175102166
1769,HARMONIS DES ARPENTS,,,Spirits & Other,7.25,3.34338E+12
1770,HEINEK.O CAN,,12-Pack,Spirits & Other,22.98,7289000654
1771,HENIEKEN CAN,16 Oz,6-Pack,Spirits & Other,13.29,7289000620
1772,HIGHNOON,,,Spirits & Other,14.51,8500042927
1773,HIGHNOON PASSONCAN,,4-Pack,Spirits & Other,14.51,8500043256
1774,HUNCH PUNCH,750 ml,,Spirits & Other,30.24,5601100407
1775,Hahn Cab,,,Spirits & Other,15.72,8678866688
1776,Hangar 1 Rose,750 ml,,Spirits & Other,36.29,1153801736
1777,Hanger One Citron,750 ml,,Spirits & Other,44.76,2772441750
1778,Happy Dad Grape,12 Oz,12-Pack,Spirits & Other,22.98,5004652215
1779,Happy Dad Half & Half,12 Oz,12-Pack,Spirits & Other,22.98,5004652298
1780,Happy Dad Raspberry,12 Oz,12-Pack,Spirits & Other,22.98,5004652217
1781,Happy Dad Variaty Pack,12 Oz,12-Pack,Spirits & Other,22.98,5005792536
1782,Happy Thursday Refreshers,12 Oz,12-Pack,Spirits & Other,22.98,3410001334
1783,Hard Mtn Dew Baja Blast,12 Oz,12-Pack,Spirits & Other,24.19,4026240019
1784,Hard Mtn Dew Mix Pack,12 Oz,12-Pack,Spirits & Other,22.98,4026240013
1785,Hard Mtn Dew Variety,12 Oz,12-Pack,Spirits & Other,24.19,4026240025
1786,Hare Mtn Dew,12 Oz,12-Pack,Spirits & Other,24.19,4026240020
1787,Harpoon Dunkin Pumpkin,12 Oz,6-Pack,Spirits & Other,14.51,4182700206
1788,Harveys Bristol Cream,750 ml,Single,Spirits & Other,24.19,5695000804
1789,Harveys Cream,375 ml,,Spirits & Other,14.51,5695000803
1790,Harveys Cream,750 ml,,Spirits & Other,21.77,5.01028E+12
1791,Heady Topper,16 Oz,4-Pack,Spirits & Other,27.82,9357311726
1792,Heaven's Door,750 ml,,Spirits & Other,60.49,1613602262
1793,Hedlum Juicy Boom,12 Oz,6-Pack,Spirits & Other,12.09,9764472937
1794,Hein Light can,12 Oz,6-Pack,Spirits & Other,13.3,7289000186
1795,Hein Silver,,6-Pack,Spirits & Other,13.3,7289000674
1796,Hein light Cans,,12-Pack,Spirits & Other,22.98,7289000188
1797,Heinekn 24 Pk,12 Oz,24-Pack,Spirits & Other,42.34,7289000031
1798,Heinken Btl,12 Oz,12-Pack,Spirits & Other,22.98,1567800000
1799,Henn Privilage Vsop,200 ml,,Spirits & Other,25.4,8811015110
1800,Henn Privilage Vsop 1L,,,Spirits & Other,105.26,8811015106
1801,Henn Xo Gift Box,,,Spirits & Other,225.05,8175383154
1802,Hennessey,750 ml,,Spirits & Other,56.86,8175383151
1803,High Rise Blueberry Thc,355 ml,4-Pack,Spirits & Other,18.14,5002920595
1804,High Rise Mango Thc,355 ml,4-Pack,Spirits & Other,18.14,5002920596
1805,Highnoon Beach,,12-Pack,Spirits & Other,38.71,8500004006
1806,Highnoon El Pres Pack,,12-Pack,Spirits & Other,38.71,8500003661
1807,Highnoon Transfusion 6 Pk Can,12 Oz,6-Pack,Spirits & Other,24.19,8500004256
1808,Highnoon Variety,12 Oz,8-Pack,Spirits & Other,26.61,8500004005
1809,Hijos De Villa,,,Spirits & Other,52.02,901601472
1810,Hoegararden,12 Oz,6-Pack,Spirits & Other,14.51,8615000146
1811,Hpnotic,50 ml,,Spirits & Other,6.52,3604001287
1812,Hpnotiq,1.75 L,,Spirits & Other,67.75,3604001286
1813,Hpnotiq,200 ml,,Spirits & Other,12.09,3604001284
1814,Hpnotiq,375 ml,,Spirits & Other,19.35,3604001285
1815,Hpnotiq,50 ml,,Spirits & Other,4.83,9674900243
1816,Hpnotiq,750 ml,,Spirits & Other,33.87,3604001106
1817,Hudson Bright Lights,375 ml,,Spirits & Other,36.29,8366487459
1818,Hussong Teq Rose,200 ml,,Spirits & Other,9.1,8559212109
1819,I AM Cab,750 ml,,Spirits & Other,12.09,5.94208E+12
1820,IL Borro Toscana,750 ml,,Spirits & Other,30.24,2776050606
1821,Ice Bag,,Single,Spirits & Other,3.03,939180008
1822,Ice Cup,16 Oz,Single,Spirits & Other,1.2,1680500000
1823,Iron + Sand Cab,750 ml,Single,Spirits & Other,30.24,8520002081
1824,Isish Manor,750 ml,,Spirits & Other,32.66,8438041134
1825,It's Not your Father,,,Spirits & Other,12.74,9200002000
1826,J Lohr Cab 7 Oaks,750 ml,,Spirits & Other,21.77,8912128812
1827,J&B,750 ml,,Spirits & Other,30.24,8811098504
1828,J.D Berry Punch,12 Oz,6-Pack,Spirits & Other,10.88,8218422604
1829,J.D Cherry Limeade,12 Oz,6-Pack,Spirits & Other,10.88,8218426493
1830,J.D Southern Peach,12 Oz,6-Pack,Spirits & Other,10.88,8218420308
1831,J.D Southrn Citrus,12 Oz,6-Pack,Spirits & Other,10.88,8218420416
1832,JD Cola,,6-Pack,Spirits & Other,10.88,8218422605
1833,JD Downhome Punch,12 Oz,6-Pack,Spirits & Other,10.88,8218422601
1834,JD Lynchberg,12 Oz,6-Pack,Spirits & Other,10.88,8218422602
1835,JD fire,1.75 L,,Spirits & Other,56.86,8218400121
1836,JIMBEAM 1.75ML,,,Spirits & Other,43.55,8068600111
1837,JIMBIM PEACH,,,Spirits & Other,1.43,8068602117
1838,JOSE CUR.PEACH.LEMO. 1.75ML,,,Spirits & Other,26.61,1884402299
1839,JW 18 Yrs,750 ml,,Spirits & Other,108.89,8807618136
1840,JW GAME OF THRONES,,,Spirits & Other,24.19,8807618412
1841,JW GAMEOF THORNES,,,Spirits & Other,24.19,8807618411
1842,Jack Denial Fire 10Pk,50 ml,10-Pack,Spirits & Other,34.12,8218420469
1843,Jack Honey,1.75 L,,Spirits & Other,56.86,8218400061
1844,Jack Honey,375 ml,,Spirits & Other,20.56,8218400034
1845,Jager,200 ml,,Spirits & Other,13.3,8308966040
1846,Jager,375 ml,,Spirits & Other,20.56,8308966035
1847,Jager,750 ml,,Spirits & Other,31.45,8308952400
1848,Jager - Gift Pack,750 ml,,Spirits & Other,31.45,8308900032
1849,Jager 1.75,,,Spirits & Other,55.65,8308966017
1850,Jagermeiter,50 ml,,Spirits & Other,3.13,8308966010
1851,Jam Jar white,750 ml,,Spirits & Other,12.09,5573800066
1852,Jc. Paloma Cockails,12 Oz,4-Pack,Spirits & Other,14.51,1017838011
1853,Jc. Straberry Margarita Cockails,12 Oz,4-Pack,Spirits & Other,14.51,1017838007
1854,Jc.Cockails Variety Pack,12 Oz,8-Pack,Spirits & Other,25.4,1017838012
1855,Jd Aplle,,,Spirits & Other,56.86,8218400558
1856,Jeffersons Rye,750 ml,Single,Spirits & Other,48.39,1479401195
1857,Jhoney Walker Black,750 ml,,Spirits & Other,43.55,8807618593
1858,Jim Bean Red Stag - gift,750 ml,,Spirits & Other,24.19,8068600633
1859,Jime Beam Fire,50 ml,,Spirits & Other,1.71,8068600636
1860,Jime Beam Honey,375 ml,,Spirits & Other,15.72,8068600608
1861,Joel Gott Cab,750 ml,,Spirits & Other,24.19,8898500013
1862,Joh.Wal Discover,50 ml,4-Pack,Spirits & Other,55.65,8807618334
1863,John Barr,1.75 L,Single,Spirits & Other,39.92,8764711233
1864,John Barr,750 ml,,Spirits & Other,21.77,8764711196
1865,John Walker 200th Anniversary,,,Spirits & Other,91.95,8807618516
1866,Johnnie Black,200 ml,,Spirits & Other,16.93,8811001113
1867,Johnnie Blk,375 ml,,Spirits & Other,29.03,8811001119
1868,Johnnie Red,375 ml,,Spirits & Other,16.93,8811002119
1869,Jonnie Walker Black,50 ml,,Spirits & Other,3.36,8911108
1870,Jonnie Walker Gold Res,750 ml,,Spirits & Other,84.69,8807619003
1871,Jonnie Walker RED,50 ml,,Spirits & Other,1.92,8911302
1872,Jonnie Walker Red,200 ml,,Spirits & Other,12.09,8811002113
1873,Jose,187 ml,,Spirits & Other,3.13,1153801961
1874,Jose Curvo Devil,1 L,,Spirits & Other,33.87,1884402802
1875,Jose Curvo Reserve,50 ml,,Spirits & Other,2.27,1884402806
1876,Jose Devil's Reserve,375 ml,Single,Spirits & Other,18.14,1884402804
1877,Jose Gold Gift Pack,750 ml,Single,Spirits & Other,31.45,1153801160
1878,Jose Golden Marg,1.75 L,,Spirits & Other,26.61,1153801096
1879,Jose Grapefruit Margarita,1.75 L,Single,Spirits & Other,26.61,1153801106
1880,Jose Grapefruit Margarita,,,Spirits & Other,13.3,1153801697
1881,Jose Marg Mango,1.75 L,,Spirits & Other,26.61,1153801101
1882,Jose curvo pink,,4-Pack,Spirits & Other,13.3,1153801964
1883,Jp Azeita White,750 ml,Single,Spirits & Other,10.88,2183400434
1884,Jp Azeitao Red,750 ml,Single,Spirits & Other,10.88,2138400649
1885,Juarez Gold,50 ml,Single,Spirits & Other,1.21,8835210042
1886,Juggernaut Cab/Sauv,,,Spirits & Other,24.19,8088755101
1887,Juliette Rose,750 ml,,Spirits & Other,7.25,5252900327
1888,Justin Cab,750 ml,,Spirits & Other,32.66,3395299710
1889,Jw Black L Squid Game,750 ml,Single,Spirits & Other,43.55,8807619010
1890,Jw Blu,50 ml,Single,Spirits & Other,26.61,8261104
1891,Jw Blue Label Year Of Snake,750 ml,,Spirits & Other,314.59,8807618991
1892,KETEL CUCUMBER /MINT,750 ml,,Spirits & Other,27.82,8515687500
1893,KETEL GRAPEFRUIT /ROSE,750 ml,,Spirits & Other,27.82,8515677500
1894,KETOL PEACH /ORANGE,750 ml,,Spirits & Other,27.82,8515667500
1895,Kah Silver,750 ml,,Spirits & Other,56.88,8124075025
1896,Kalembu Mamajuana,375 ml,,Spirits & Other,11.37,7.46159E+12
1897,Kalo,12 Oz,4-Pack,Spirits & Other,18.14,5000662641
1898,Keepers 86 Irish And Amarican,750 ml,Single,Spirits & Other,44.76,5003049400
1899,Keepers Heart 92 Proof,750 ml,Single,Spirits & Other,50.81,5003049410
1900,Ketelone Espresso Martini,100 ml,4-Pack,Spirits & Other,19.35,8200081144
1901,Ketle One,1.75 L,,Spirits & Other,43.55,8515680368
1902,Khvanchkara,750 ml,,Spirits & Other,36.29,4.8676E+12
1903,Kijafa Cherry,750 ml,Single,Spirits & Other,21.77,5.9078E+12
1904,Kindzmarauli,,,Spirits & Other,30.24,4.8676E+12
1905,Kingfisher Prem,12 Oz,6-Pack,Spirits & Other,16.93,7167004049
1906,Kool,,,Spirits & Other,19.35,9057136
1907,Korbel Extra Dry,1.5 L,,Spirits & Other,32.66,8470409139
1908,Korbel Sweet Cuvee,750 ml,,Spirits & Other,19.35,8470409804
1909,Korbel Sweet Rose,750 ml,,Spirits & Other,19.35,8470409797
1910,Korbel X Dry,,,Spirits & Other,19.35,8470409147
1911,Kurvball,50 ml,,Spirits & Other,1.2,5188400538
1912,LAMARCA ROSE,750 ml,,Spirits & Other,22.98,8500003244
1913,LAWSON LITTLESIP CAN,16 Oz,4-Pack,Spirits & Other,20.56,5000114711
1914,LEFFE BLONDE,,6-Pack,Spirits & Other,15.72,8615000030
1915,LINE 39 CAB.SAU,750 ml,,Spirits & Other,12.09,9875600105
1916,LINE 39 ROSE,750 ml,,Spirits & Other,12.09,9875600171
1917,LOBOS,750 ml,,Spirits & Other,10.88,5.60242E+12
1918,LOBOS JOVEN,,,Spirits & Other,56.86,1613602789
1919,LOBOS REPO.,750 ml,,Spirits & Other,66.54,1613602790
1920,LOKO USA 24OZ CAN,,,Spirits & Other,4.72,4980600472
1921,LOVER BOYHIBISCUS POM,,6-Pack,Spirits & Other,16.93,6000186721
1922,LOYAL ORANGE CAN,,4-Pack,Spirits & Other,15.72,6000330167
1923,LUC BELAIRE ROSE,750 ml,,Spirits & Other,36.29,1349700444
1924,LUC BelAir Rose,375 ml,,Spirits & Other,24.19,1349700598
1925,La Joya carmenere,750 ml,,Spirits & Other,14.51,2290200067
1926,La Piazza Sicilia,750 ml,,Spirits & Other,10.88,8.001E+12
1927,La Playa Sauv,1.5 L,,Spirits & Other,14.51,8636700013
1928,La foile du papa,750 ml,,Spirits & Other,45.97,8017511888
1929,Lagar De Robla,750 ml,,Spirits & Other,4.83,1564325830
1930,Lagar De Robla Argan,750 ml,,Spirits & Other,6.04,1564325596
1931,Lagavulin 11 Year,750 ml,,Spirits & Other,96.79,8807619064
1932,Lagavulin 16yrs,,,Spirits & Other,120.99,8811014005
1933,Lagunitas Indian Pale,12 Oz,12-Pack,Spirits & Other,24.19,2383021212
1934,Lalo,750 ml,,Spirits & Other,56.86,1104103001
1935,Lalo 100 Proof,750 ml,,Spirits & Other,91.95,1104103008
1936,Lamarca,187 ml,,Spirits & Other,7.25,8500002243
1937,Lamarca 3pack,,,Spirits & Other,20.56,8500032243
1938,Lancers Rose,750 ml,,Spirits & Other,14.51,8678545000
1939,Land Shark,12 Oz,12-Pack,Spirits & Other,21.77,1580700000
1940,Lawson's Sip of Sunshine,16 Oz,4-Pack,Spirits & Other,20.56,6884800001
1941,Laztanza Reserva,750 ml,,Spirits & Other,20.56,8.41142E+12
1942,Lein Summer Shandy,,6-Pack,Spirits & Other,12.09,3477414
1943,Leine Summer Shandy,,6-Pack,Spirits & Other,13.3,3410051605
1944,Leinenkugel's Summer Shady,,,Spirits & Other,22.98,3410051607
1945,Lemon Rita,25 Oz,Single,Spirits & Other,4.27,1820095999
1946,Leroux,200 ml,,Spirits & Other,8.46,8068605870
1947,Leroux,375 ml,,Spirits & Other,10.88,8711600770
1948,Leroux,50 ml,,Spirits & Other,1.71,8068605892
1949,Leroux 200Ml,200 ml,Single,Spirits & Other,9.08,8711600771
1950,Leroux BLKBRY,200 ml,,Spirits & Other,6.26,8068609770
1951,Leroux BLKBRY,375 ml,,Spirits & Other,10.88,8068609760
1952,Leroux Blackberry,50 ml,,Spirits & Other,1.88,8068609790
1953,Leroux Blackberry,750 ml,,Spirits & Other,18.14,8068609740
1954,Leroux Blkberry +Tax,1.75 L,,Spirits & Other,35.08,8068609712
1955,Les Dauphins Cotes Du Rhone,,,Spirits & Other,13.3,1564326034
1956,Liberty Creek Sweet Red,1.5 L,,Spirits & Other,10.88,8500001802
1957,Librty Creek Rose,,,Spirits & Other,10.88,8500002937
1958,Licor 35 Pastel Nata,700 ml,,Spirits & Other,30.24,5.60021E+12
1959,Licor Beirao,750 ml,,Spirits & Other,25.4,5.60204E+12
1960,Lil Heaven Two Roads,12 Oz,6-Pack,Spirits & Other,11.48,1957801035
1961,Lil Juicycan,16 Oz,4-Pack,Spirits & Other,20.56,1957801154
1962,Lillet Rose,750 ml,Single,Spirits & Other,27.82,8366487258
1963,Lime-A-Rita 25oz,,,Spirits & Other,4.42,1820025014
1964,Liquor 43,750 ml,,Spirits & Other,36.29,2992911541
1965,Little Book,750 ml,Single,Spirits & Other,241.99,1767400000
1966,Lobos white,750 ml,,Spirits & Other,10.88,5.60242E+12
1967,Location Ca,750 ml,,Spirits & Other,21.77,5164500405
1968,Lombardo Marsala Swt,750 ml,Single,Spirits & Other,18.14,8832000125
1969,Long branch,750 ml,,Spirits & Other,54.44,2105900284
1970,Lopez de Haro Crianza,750 ml,,Spirits & Other,14.51,3753474359
1971,Lord Calvert,1.75 L,,Spirits & Other,24.19,8835212934
1972,Lord Hobo Doom Sauce,16 Oz,4-Pack,Spirits & Other,18.14,5654400706
1973,Los Sundays Grapefruit,12 Oz,4-Pack,Spirits & Other,12.09,1820020404
1974,Los Sundays Tropical,12 Oz,8-Pack,Spirits & Other,24.19,1820020400
1975,Lot 40 Rye,750 ml,,Spirits & Other,60.49,4841552004
1976,Louis Cristal,750 ml,,Spirits & Other,483.99,3459914305
1977,Louis Martini Sono Cab,750 ml,,Spirits & Other,24.19,8500001163
1978,Louis Roederer,750 ml,Single,Spirits & Other,483.99,3.11408E+12
1979,Loyal Margarita 4-Pack,12 Oz,4-Pack,Spirits & Other,15.72,8200080198
1980,Loyal Mixedberry,,4-Pack,Spirits & Other,15.72,8200079991
1981,Luc Belaire Rose,187 ml,Single,Spirits & Other,12.09,1349700714
1982,Lucien Albrecht,750 ml,,Spirits & Other,24.19,5711500700
1983,Lucky Day Gold,750 ml,Single,Spirits & Other,13.3,1302200777
1984,Lucky Day Sweet Red,750 ml,,Spirits & Other,13.3,1302200333
1985,Lucky One Lemonaed Blueberry,355 ml,4-Pack,Spirits & Other,13.3,8500004075
1986,Lucky One Lemonaed Raspberry,355 ml,4-Pack,Spirits & Other,13.3,8500004073
1987,Lucky One Lemonaed Variety Pack,355 ml,8-Pack,Spirits & Other,25.4,8500004076
1988,Lucky One Lemonnade Peach,355 ml,4-Pack,Spirits & Other,13.3,8500004071
1989,M&J Rosso,1.5 L,,Spirits & Other,22.98,1103441003
1990,M&R Bianco Ver,750 ml,,Spirits & Other,16.93,1103443005
1991,M&R Dry,1.5 L,,Spirits & Other,19.35,1103442003
1992,M&R Dry Ver,375 ml,,Spirits & Other,10.88,1103442007
1993,M&R Dry Ver,750 ml,,Spirits & Other,12.09,1103442005
1994,M&R Rosso,375 ml,,Spirits & Other,9.67,1103441007
1995,M&R Rosso,750 ml,,Spirits & Other,20.56,1103441005
1996,M-16 Rifle,750 ml,,Spirits & Other,84.69,4.85003E+12
1997,MADALLA LIGHT BTL,12 Oz,6-Pack,Spirits & Other,12.09,8155311020
1998,MAESTRO SILVER,750 ml,,Spirits & Other,75.01,1884402253
1999,MAKERS,750 ml,,Spirits & Other,42.34,8524650080
2000,MANG-o-RITA 25oz,24Oz,Single,Spirits & Other,4.42,1820025533
2001,MARIE BRIZARD ANISETTE,750 ml,,Spirits & Other,24.19,6.85701E+12
2002,MAVERICK SILVER 100,,,Spirits & Other,15.72,9055536
2003,MD Freak Show Cab,750 ml,,Spirits & Other,25.4,5293510033
2004,MEDALLA,,6-Pack,Spirits & Other,12.09,8155301140
2005,MEDALLA CAN,12 Oz,12-Pack,Spirits & Other,20.56,8155301100
2006,MELINI BORG DELSA CHIAN,750 ml,Single,Spirits & Other,14.51,8974433527
2007,MILAGRO,375 ml,,Spirits & Other,22.98,8366487406
2008,MONTANHA AMENDOA,,,Spirits & Other,18.14,5.60117E+12
2009,MONTANHA ANIZ,,,Spirits & Other,20.56,5.60117E+12
2010,MONTANHA BAGACEIRA,,,Spirits & Other,26.61,5.60117E+12
2011,MONTE VELHO 750,,,Spirits & Other,13.3,5866600310
2012,MONTEBELLO 750,,,Spirits & Other,14.51,8.03264E+12
2013,MU Esp.Macchiato,750 ml,,Spirits & Other,16.93,7764490203
2014,Machete Petite Sirah 2020,750 ml,,Spirits & Other,60.49,1633800000
2015,Macieira,750 ml,,Spirits & Other,26.61,5.60442E+12
2016,Maestro Dobel Diamond,,,Spirits & Other,79.85,1153801203
2017,Magic Hat #9 - Box,,6-Pack,Spirits & Other,14.51,9837312602
2018,Magic Moments Apple,50 ml,,Spirits & Other,1.09,1127202013
2019,Magnum Vs Midnight Berry,750 ml,Single,Spirits & Other,13.3,8787263864
2020,Magnum Vs Peach Passion,750 ml,Single,Spirits & Other,13.3,8787263866
2021,Magnum Wild Strawberry,750 ml,Single,Spirits & Other,13.3,8787263865
2022,Maison No. 9 Rose,750 ml,,Spirits & Other,26.61,1825202090
2023,Maker Mark,50 ml,,Spirits & Other,4.83,8524617156
2024,Maker's Mark,200 ml,,Spirits & Other,16.32,8524613946
2025,Maker's Mark,375 ml,,Spirits & Other,26.61,8524618500
2026,Maker's Mark 101,750 ml,,Spirits & Other,45.97,8524650156
2027,Maker's Mark 46,750 ml,,Spirits & Other,54.44,8524650010
2028,Mamita 8 Pk Can,12 Oz,8-Pack,Spirits & Other,21.77,4980600492
2029,Mamitas,12 Oz,8-Pack,Spirits & Other,21.77,4980600454
2030,Mamitas Expresso Martini,355 ml,4-Pack,Spirits & Other,12.09,4980600548
2031,Mamitas Paloma,355 ml,4-Pack,Spirits & Other,12.09,4980600341
2032,Mamitas Pineapple,355 ml,4-Pack,Spirits & Other,12.09,4980600335
2033,Mamitas Sunrise,355 ml,4-Pack,Spirits & Other,12.09,4980600476
2034,Mandarin Naga,375 ml,,Spirits & Other,19.35,8017200111
2035,Manis Blackberry,750 ml,,Spirits & Other,12.09,8597603400
2036,Manis Concord,750 ml,,Spirits & Other,12.09,8597603393
2037,Manis Concord 150L,,,Spirits & Other,15.72,8597603415
2038,Manis Crean White,750 ml,,Spirits & Other,10.88,8597603407
2039,Manischevit Cherry,,,Spirits & Other,12.09,8597603401
2040,Manischewitz Cherry,1.5 L,,Spirits & Other,15.72,8597603423
2041,Manischwitz BBerry,1.5 L,,Spirits & Other,16.93,8597603422
2042,Manischwitz Grape 3L,,,Spirits & Other,22.98,8597603458
2043,Manny's Ultimate Bloody Mary,25 Oz,Single,Spirits & Other,12.09,2500274135
2044,Marietta Old Vine Red,,,Spirits & Other,21.77,4675168713
2045,Marker's Mark 2024 - 750Ml,750 ml,Single,Spirits & Other,98.0,8524650256
2046,Marques Caceres Rserva,750 ml,,Spirits & Other,26.61,8941908750
2047,Marques De Riscal Rueda,,,Spirits & Other,16.93,8832000314
2048,Marques De la Musa,750 ml,,Spirits & Other,15.72,8427998797
2049,Marques de Carceres red,,,Spirits & Other,22.69,8941900060
2050,Martini & Rossi,1 L,Single,Spirits & Other,22.98,1103441004
2051,Masi Costasera,750 ml,Single,Spirits & Other,88.32,1513201007
2052,Mastroberardino,,,Spirits & Other,36.29,8689107027
2053,Matusalem Clasico,750 ml,,Spirits & Other,27.82,1153801723
2054,Matusalem Gran Reserva,750 ml,,Spirits & Other,42.34,1153801703
2055,Matusalem Platino,750 ml,,Spirits & Other,24.19,1153801713
2056,Maverick Gold,,,Spirits & Other,15.72,9053936
2057,Maverick Gold 100,,,Spirits & Other,15.72,9055332
2058,Maverick Menthol,,,Spirits & Other,15.72,9055439
2059,Maverick Menthol 100,,,Spirits & Other,15.72,9055138
2060,Maverick Red,,,Spirits & Other,15.72,9054634
2061,Maverick red 100's,,,Spirits & Other,15.72,9053839
2062,Mc Ultraviolet Edition,750 ml,Single,Spirits & Other,41.13,1349700799
2063,Mccormick Vdk 80pf,375 ml,,Spirits & Other,4.84,8559210456
2064,Mckenzies Black Cherry,12 Oz,6-Pack,Spirits & Other,14.51,1590702009
2065,Megateon 4Pk Can,16 Oz,4-Pack,Spirits & Other,19.35,6005700167
2066,Meletti Anisette,750 ml,,Spirits & Other,33.87,8017502604
2067,Meletti Sambuca,750 ml,,Spirits & Other,31.45,8017502614
2068,Mercer Prince,750 ml,Single,Spirits & Other,38.71,8500003404
2069,Merit GOLD,,,Spirits & Other,19.47,2820030092
2070,Merotto Extra Dry,750 ml,,Spirits & Other,18.14,1872502003
2071,Metaxa 5 star,750 ml,,Spirits & Other,30.24,8723621021
2072,Metaxa 7 star,700 ml,,Spirits & Other,39.92,8723621048
2073,Method Cab,750 ml,,Spirits & Other,24.19,351061216
2074,Mi Amore Red,750 ml,,Spirits & Other,14.51,7276200014
2075,Mi Amore Rose,750 ml,,Spirits & Other,14.51,7276200016
2076,Mia Amore White,750 ml,,Spirits & Other,14.51,7276200015
2077,Mich Ultra Pure Gold,12 Oz,18-Pack,Spirits & Other,27.82,1820028792
2078,Mightowl Espresso M,,,Spirits & Other,18.14,5004941003
2079,Miioneto Proseco,187 ml,Single,Spirits & Other,5.43,2776050120
2080,Mija Red Bubbly,750 ml,,Spirits & Other,12.09,1087902628
2081,Mike Mango Punch,12 Oz,6-Pack,Spirits & Other,13.3,3598506070
2082,Mike Mix,12 Oz,12-Pack,Spirits & Other,22.98,3598512998
2083,Mike S Peach,12 Oz,6-Pack,Spirits & Other,13.3,3598519002
2084,Mike's Harder Cran - 24oz,,,Spirits & Other,4.09,3598524985
2085,Mike's Seasonal,12 Oz,6-Pack,Spirits & Other,13.3,3598506074
2086,Mikes Apple Pear,12 Oz,Single,Spirits & Other,2.72,3598501038
2087,Mikes Black Cherry,12 Oz,6-Pack,Spirits & Other,13.3,1578300000
2088,Mikes Blk Cherry,24Oz,Single,Spirits & Other,4.1,3598513215
2089,Mikes Cran/lemon,,6-Pack,Spirits & Other,13.3,3598560611
2090,Mikes Dirty Mix Pack,12 Oz,12-Pack,Spirits & Other,22.98,3598500089
2091,Mikes Mango Punch 24oz,,,Spirits & Other,4.1,3598525891
2092,Mikes Pine. Mandarin,24Oz,Single,Spirits & Other,4.09,3598580021
2093,Mikes Rasp Lemon,12 Oz,6-Pack,Spirits & Other,13.3,3598506064
2094,Mikes Variety,12 Oz,12-Pack,Spirits & Other,21.77,3598526001
2095,Milagro Repo,1.75 L,Single,Spirits & Other,72.59,8366486893
2096,Milagro Repso,750 ml,Single,Spirits & Other,38.71,8366486894
2097,Milagro Silver,1.75 L,Single,Spirits & Other,67.75,8366486890
2098,Milagro Silver,750 ml,,Spirits & Other,36.29,8366486891
2099,Mioneto Proseco,187 ml,2-Pack,Spirits & Other,10.88,1625301058
2100,Mitcher's US 1,750 ml,,Spirits & Other,60.49,3938300650
2101,Modelito 6Pck,7 Oz,6-Pack,Spirits & Other,10.27,3354452
2102,Modelitos,7 Oz,24-Pack,Spirits & Other,31.45,3354400021
2103,Monkey Bay Sauv,1.5 L,,Spirits & Other,22.98,8312001507
2104,Monkey Shoulder,750 ml,,Spirits & Other,48.39,8366487254
2105,Montaud Rose,750 ml,,Spirits & Other,14.51,1564323524
2106,Monte Alban Mazcal,375 ml,Single,Spirits & Other,18.14,8066057720
2107,Monte Antico Toscana,1.5 L,,Spirits & Other,29.03,2645200191
2108,Monte Antico Toscana,750 ml,,Spirits & Other,14.51,2645200015
2109,Monte Velho,1.5 L,,Spirits & Other,24.19,5866600318
2110,Monte Velho White,750 ml,,Spirits & Other,13.3,5866600304
2111,Monter Energy 4-Pack,,4-Pack,Spirits & Other,13.3,7084781117
2112,Moon Shine Pumpkin Spice,750 ml,,Spirits & Other,32.66,1008837035
2113,Moon Shine Shine Nog,50 ml,,Spirits & Other,3.64,5601100419
2114,Moonshine,750 ml,,Spirits & Other,32.66,5601100486
2115,Moonshine Pineapples,,,Spirits & Other,32.66,1008837026
2116,Moonshine Shine Nog,750 ml,,Spirits & Other,32.66,5601100421
2117,Moonshine Snikerdoodle,750 ml,,Spirits & Other,32.66,1008837086
2118,Moretti,12 Oz,6-Pack,Spirits & Other,15.72,1975120103
2119,Mr & Mrs. T Bloddy Mary - 1L,,,Spirits & Other,7.25,7065590130
2120,Mr & Mrs.T Mai Tai - 1L,,,Spirits & Other,7.25,7065593030
2121,Mr & Mrs.T Strawberry - 1L,,,Spirits & Other,7.25,7065594730
2122,Mr. Boston BLKBRY,200 ml,,Spirits & Other,4.84,8900001316
2123,Mr. Boston BLKBRY - 357ML,,,Spirits & Other,8.29,8900001700
2124,Mr. Boston Blackberry,1.75 L,,Spirits & Other,25.4,8900000193
2125,Mr. Boston Blackberry,50 ml,,Spirits & Other,1.71,8900050025
2126,Mr. Boston Blkberry,750 ml,,Spirits & Other,14.51,8900001314
2127,Mr. Boston CHERRY,375 ml,,Spirits & Other,9.67,8900001708
2128,Mr. Boston Egg Nog,750 ml,,Spirits & Other,13.3,8900001695
2129,Mr. Boston Wildcherry,750 ml,,Spirits & Other,14.51,8900001318
2130,Mr.Dowells,750 ml,Single,Spirits & Other,30.24,8.90297E+12
2131,Mt. Veeder Napa Cab,750 ml,,Spirits & Other,60.49,8308570024
2132,Mukuzani,750 ml,Single,Spirits & Other,24.19,4.8676E+12
2133,Mundo De Yunter Temp / Syrah,,,Spirits & Other,6.04,4124190012
2134,Muze Lemon,12 Oz,4-Pack,Spirits & Other,19.35,4246150564
2135,Muze Peach,12 Oz,4-Pack,Spirits & Other,19.35,4246151322
2136,Muze Rasberry,12 Oz,4-Pack,Spirits & Other,19.35,4246150315
2137,N. Bel Voodoo Imp,12 Oz,12-Pack,Spirits & Other,22.98,5452700991
2138,NB Fat Tire Amber,,6-Pack,Spirits & Other,12.09,5452700022
2139,NB Fat Tire Amber - Box,,12-Pack,Spirits & Other,22.76,5452700024
2140,NEBCO FUZZY DUCK CAN,,6-Pack,Spirits & Other,15.72,919111127
2141,NEW.AMS.PINEAPPLE,,,Spirits & Other,1.2,8562104
2142,NUTRL CAN,,4-Pack,Spirits & Other,14.51,1820020298
2143,NUTRL VARIETY CAN,,12-Pack,Spirits & Other,35.08,1820020441
2144,NUTRL W.MALON,,4-Pack,Spirits & Other,14.51,1820020353
2145,Nalewka Babuni Crerry,750 ml,,Spirits & Other,21.77,7485438055
2146,Narragansett,12 Oz,30-Pack,Spirits & Other,36.29,1375797532
2147,Narragansetts,16 Oz,6-Pack,Spirits & Other,14.51,7213055001
2148,Natural Ice,12 Oz,30-Pack,Spirits & Other,30.24,1820027030
2149,Natural Ice 25oz can,,,Spirits & Other,2.49,1820025008
2150,Natural Ice Can,12 Oz,12-Pack,Spirits & Other,12.69,1578700000
2151,Natural Ice Single,16 Oz,,Spirits & Other,1.43,1854529
2152,Natural Ice-25oz,,,Spirits & Other,2.46,1820025002
2153,Naturday Strawberry,12 Oz,6-Pack,Spirits & Other,6.76,1811825
2154,Naty Daddy,,,Spirits & Other,2.41,1820025013
2155,Navigator,750 ml,Single,Spirits & Other,66.54,609805225
2156,New Belgium Rampant,,6-Pack,Spirits & Other,14.87,5452700421
2157,New Belgium Varity Pack,12 Oz,12-Pack,Spirits & Other,24.19,5452700470
2158,New Roads,12 Oz,4-Pack,Spirits & Other,18.14,1957801356
2159,New Roads Tropical Daze,12 Oz,4-Pack,Spirits & Other,18.14,1957801359
2160,Noca Berry Blast,12 Oz,12-Pack,Spirits & Other,22.94,5002419232
2161,North Vibes Blackberry Mango,355 ml,4-Pack,Spirits & Other,20.56,6000297725
2162,North Vibes Pineapple Orange,355 ml,4-Pack,Spirits & Other,20.56,6000297724
2163,North Vibes Raspberry Lemon,355 ml,4-Pack,Spirits & Other,20.56,6000297726
2164,Notorious Pink,750 ml,,Spirits & Other,22.98,3604000027
2165,Noval Black,750 ml,,Spirits & Other,24.19,9599100221
2166,Numb Skull,50 ml,Single,Spirits & Other,1.08,5003846181
2167,Numb Skull,750 ml,,Spirits & Other,27.82,5003846183
2168,Nutrl Lime,,4-Pack,Spirits & Other,14.51,1820020430
2169,O'Douls bottle,,6-Pack,Spirits & Other,10.27,1820000784
2170,OCEAN.CRANBERRY,,,Spirits & Other,1.71,3120001530
2171,OLD SMOKY HUNCH PUNCH,,,Spirits & Other,3.64,5462800605
2172,OLD SMOKYBUTTER PICON,50 ml,,Spirits & Other,3.64,5391500828
2173,OLD SMOKYJAVA,50 ml,,Spirits & Other,3.41,5391500826
2174,ON THE ROCKESPRE.MARTINI,,,Spirits & Other,15.72,5588000842
2175,ONTHEROCKS,,,Spirits & Other,15.72,5588000814
2176,Oarrot Bay 90 Coconut,50 ml,,Spirits & Other,1.43,8800403532
2177,Oban Little Bay Sing M,750 ml,,Spirits & Other,83.48,8807617980
2178,Octave,750 ml,Single,Spirits & Other,8.46,8860301005
2179,Odessa Vsop,100 ml,Single,Spirits & Other,2.41,4.82E+12
2180,Old Carbine Rifle,1 L,Single,Spirits & Other,145.19,9829800091
2181,Old Firzgerald Bib 7 Yers,750 ml,Single,Spirits & Other,120.99,9674900579
2182,Old Forster 1897 100 Proof,375 ml,Single,Spirits & Other,32.66,8112800301
2183,Old Forster 1910 93 Proof,375 ml,Single,Spirits & Other,27.82,8112800302
2184,Old Forster 1920 115 Proof,375 ml,Single,Spirits & Other,36.29,8112800303
2185,Old Rip Vankle 10Yr107,750 ml,Single,Spirits & Other,967.99,8931912367
2186,Old Smokey Apple Pie,750 ml,,Spirits & Other,30.24,5601100498
2187,Old Smuggler,750 ml,,Spirits & Other,15.43,8832000402
2188,Ole Smokey,50 ml,Single,Spirits & Other,3.62,1008837084
2189,Ole Smokey Cherries,750 ml,,Spirits & Other,30.24,5601100402
2190,Ole Smokey Moon Shine Strw,7 Oz,,Spirits & Other,32.66,5391500879
2191,Ole Smokey Moonshine All Flavors,750 ml,,Spirits & Other,32.66,1766400000
2192,Olifant,1.75 L,,Spirits & Other,26.61,8.71052E+12
2193,Oliver Sweet Red,750 ml,,Spirits & Other,12.09,1258400007
2194,Olpar 18 Year,750 ml,,Spirits & Other,84.69,8807618691
2195,On The Rock,750 ml,Single,Spirits & Other,30.24,8068689717
2196,On The Rock Cosmpo,750 ml,Single,Spirits & Other,30.24,8068600810
2197,On The Rock Espresso,750 ml,,Spirits & Other,29.03,8068600496
2198,On The Rock Jalapeno Pineapple,750 ml,,Spirits & Other,29.03,8068600495
2199,On The Rock Lemon Drop,375 ml,,Spirits & Other,15.72,8068600893
2200,Onthe Rocks White Negroni,375 ml,Single,Spirits & Other,7.25,5588000845
2201,Opici,3 L,,Spirits & Other,20.56,8017550303
2202,Opici,750 ml,,Spirits & Other,8.46,8017550375
2203,Opici 1.5L,1.5 L,,Spirits & Other,15.72,8017550315
2204,Opici Homemade - 3L,,,Spirits & Other,24.19,8017552761
2205,Or G,50 ml,12-Pack,Spirits & Other,14.51,9809300230
2206,Orbit Gum,,,Spirits & Other,2.57,2200000484
2207,Orbit Spearmint,,,Spirits & Other,1.82,2248400
2208,Orquestal,750 ml,,Spirits & Other,8.46,8.41142E+12
2209,Other Half Green City,16 Oz,4-Pack,Spirits & Other,24.19,6317700017
2210,Ouzo Mex,750 ml,,Spirits & Other,29.03,8723621035
2211,Ouzo of Plomari,750 ml,,Spirits & Other,30.24,541600701
2212,Ovr Vine Rose,750 ml,,Spirits & Other,19.35,4675100016
2213,Oyster Bay,750 ml,,Spirits & Other,16.93,7066100816
2214,Oyster Bay Rose,750 ml,,Spirits & Other,16.93,7066100805
2215,PALM WHISPER ANGEL ROSE,750 ml,,Spirits & Other,22.98,8175383390
2216,PALO VEJO,200 ml,,Spirits & Other,5.12,8230187839
2217,PAUTE ZUMIR 750,,,Spirits & Other,22.98,9416600001
2218,PIETRAMAJELLA 1.5ML,,,Spirits & Other,15.72,8365500556
2219,Pama,1 L,,Spirits & Other,32.66,9674994002
2220,Pama,750 ml,,Spirits & Other,30.24,9674994003
2221,Pama pomegranate,375 ml,,Spirits & Other,18.14,9674994004
2222,Pardiac Xo,750 ml,Single,Spirits & Other,24.19,1564347627
2223,Parli,,,Spirits & Other,205.7,2820017840
2224,Partida,375 ml,,Spirits & Other,24.19,153051030
2225,Pasetti,750 ml,,Spirits & Other,15.72,8.05108E+12
2226,Paso Robles Cab 750Ml,750 ml,,Spirits & Other,24.19,5789172091
2227,Paute Zhumir,1.75 L,Single,Spirits & Other,48.39,9416600578
2228,Penelope 10Yrs 98Pf,750 ml,Single,Spirits & Other,108.89,8835214231
2229,Penelope 112Pf,750 ml,,Spirits & Other,84.69,6000034821
2230,Penelope 113Pf,750 ml,,Spirits & Other,90.74,6000034823
2231,Penelope 94Pf,750 ml,,Spirits & Other,72.59,6000034822
2232,Penelope Rio Cask,750 ml,Single,Spirits & Other,135.51,5003959812
2233,Penelope Toasted,750 ml,Single,Spirits & Other,120.99,5003959821
2234,Penn Dutch Egg Nog,1.75 L,,Spirits & Other,32.66,8438036091
2235,Penn Dutch Egg Nog,750 ml,,Spirits & Other,16.93,8438036094
2236,Penn Dutch Pumpkin,,,Spirits & Other,20.56,8438036614
2237,Pep,,,Spirits & Other,1.51,1201303
2238,Pergola Medium Dry,750 ml,Single,Spirits & Other,12.09,7.89686E+12
2239,Pergola Sweer Red,1 L,,Spirits & Other,14.51,7.89686E+12
2240,Pergola Sweer Red 750Ml,750 ml,Single,Spirits & Other,12.09,7.89686E+12
2241,Peroni Bottles,12 Oz,12-Pack,Spirits & Other,22.98,8195400004
2242,Peroni Btl,12 Oz,12-Pack,Spirits & Other,22.98,1569500000
2243,Pilsnerurquell,16 Oz,4-Pack,Spirits & Other,12.03,7231113302
2244,Pineapple,32 Oz,Single,Spirits & Other,4.83,4175500161
2245,Pink Whit Bucket,50 ml,20-Pack,Spirits & Other,22.98,8500020675
2246,Pink Whitney Sleeve,50 ml,10-Pack,Spirits & Other,12.09,8500010675
2247,Pirolito White,750 ml,,Spirits & Other,6.04,5.60204E+12
2248,Pitu 1Liter Cachca,,,Spirits & Other,24.19,7381111500
2249,Planat VS,750 ml,,Spirits & Other,32.05,3302700751
2250,Platimum,1.75 L,,Spirits & Other,22.98,8800401272
2251,Poland Spring,500 ml,,Spirits & Other,1.51,7572000081
2252,Polar Club - 1L,,,Spirits & Other,3.03,7153702004
2253,Polar Lime - 1L,,,Spirits & Other,3.03,7153702035
2254,Poor Bob's White,750 ml,,Spirits & Other,10.88,3094900100
2255,Porrais Signature Red,750 ml,Single,Spirits & Other,15.72,5.6008E+12
2256,Pprophecy Rose,750 ml,,Spirits & Other,14.51,8500002702
2257,Presidente,750 ml,Single,Spirits & Other,24.19,4375010003
2258,Presidente Bottles,12 Oz,12-Pack,Spirits & Other,22.98,1905700156
2259,Presidente Btl,12 Oz,12-Pack,Spirits & Other,21.77,1570100000
2260,Presidente btl,,6-Pack,Spirits & Other,12.09,1905700131
2261,Presidential 20Years,750 ml,,Spirits & Other,76.22,8722400920
2262,Presidential 20y Decant,750 ml,Single,Spirits & Other,72.59,8722400924
2263,Presidential Ruby,750 ml,,Spirits & Other,19.35,8722400910
2264,Presidential Tawny,750 ml,,Spirits & Other,19.35,8722400900
2265,Prestige Box,,6-Pack,Spirits & Other,12.09,5595600013
2266,Prestige Btl,12 Oz,6-Pack,Spirits & Other,12.09,1572700000
2267,Prime,,,Spirits & Other,3.63,1011612182
2268,Prime Ice Pop,500 ml,,Spirits & Other,3.63,5004042708
2269,Prime Lime,,,Spirits & Other,3.63,5000356041
2270,Prime Meta Moon Wwe,500 ml,,Spirits & Other,3.63,1011612560
2271,Prime Punch,,,Spirits & Other,3.63,5000356044
2272,Prime Rasberry,,,Spirits & Other,3.63,5000356045
2273,Private Stock,750 ml,,Spirits & Other,35.08,8700020178
2274,Privilege De Drouet Sauv - 750,,,Spirits & Other,12.09,8632100277
2275,Proper Twelve,1.75 L,,Spirits & Other,60.49,1153801967
2276,Proper Twelve,375 ml,,Spirits & Other,20.56,1153801968
2277,Proper Twelve,50 ml,Single,Spirits & Other,3.98,1884402498
2278,Proper Twelve,750 ml,,Spirits & Other,41.13,1153801956
2279,Proper Twelve Apple 750,750 ml,,Spirits & Other,36.29,1884402435
2280,Punto Y Coma,750 ml,,Spirits & Other,13.3,1564325506
2281,Punzone Lemoncino 1L,,,Spirits & Other,10.88,5716400201
2282,Puranique,1.75 L,,Spirits & Other,53.23,1058567081
2283,Quarter Horse,50 ml,Single,Spirits & Other,1.08,1073501589
2284,Quinta Da Garrida,750 ml,,Spirits & Other,12.09,5.60121E+12
2285,R. Strong Sonom Cab,750 ml,,Spirits & Other,24.19,8751291235
2286,R.Mondavi Priv Cab,1.5 L,,Spirits & Other,21.77,8600300160
2287,REDEMPTION,750 ml,,Spirits & Other,37.5,3125900462
2288,REFRESCA,,12-Pack,Spirits & Other,22.98,3354400013
2289,ROBERT MON BUTTERY CHAR,750 ml,,Spirits & Other,21.77,8600378036
2290,RON CENTENARIO,750 ml,,Spirits & Other,25.4,5055401095
2291,RONMEDELLIN,375 ml,,Spirits & Other,13.3,6485810001
2292,ROSCATO,187 ml,,Spirits & Other,4.83,8678521260
2293,ROSCATO 3PACK,187 ml,,Spirits & Other,12.09,8678521261
2294,Rams Point Peanut 375,375 ml,,Spirits & Other,5.69,8800403872
2295,Rancho Gloria Choc Martini,750 ml,,Spirits & Other,19.35,5002832451
2296,Rancho Gloria Egg Nog,750 ml,,Spirits & Other,15.72,5005607717
2297,Rancho Gloria Marg,,4-Pack,Spirits & Other,13.3,6967100031
2298,Rancho Gloria Marg Sgl,,,Spirits & Other,3.13,6967100034
2299,Rancho Gloria Straw Marg,,4-Pack,Spirits & Other,13.3,6967100037
2300,Rancho Gloria Straw Marg sgl,,,Spirits & Other,3.13,6967100035
2301,Ravage Knight Fall Blend,,,Spirits & Other,15.72,8600324901
2302,Raven cab,,,Spirits & Other,12.09,1582650103
2303,Ravenswood Zinfadel,750 ml,,Spirits & Other,14.51,1582610190
2304,Razzle Dazzle,,4-Pack,Spirits & Other,9.06,6642700533
2305,Rebel Irish 4Pk Can,16 Oz,4-Pack,Spirits & Other,18.14,1002815020
2306,Red Bu,,,Spirits & Other,4.83,1126900186
2307,Red Label Sleeve,50 ml,,Spirits & Other,20.47,8811002100
2308,Red Strip,12 Oz,6-Pack,Spirits & Other,12.09,1564500000
2309,Redd Apple,12 Oz,Single,Spirits & Other,2.41,3477113
2310,Redds,12 Oz,12-Pack,Spirits & Other,20.56,3410008722
2311,Redemption High Rye,750 ml,Single,Spirits & Other,37.5,3125900070
2312,Redemption Rye,750 ml,Single,Spirits & Other,37.5,3125900069
2313,Reed's Non- Alcohole,12 Oz,4-Pack,Spirits & Other,9.67,827444444
2314,Requiem,16 Oz,4-Pack,Spirits & Other,15.72,5124400555
2315,Ripe Cosmopolitan,750 ml,,Spirits & Other,14.51,5654300287
2316,Riunity,750 ml,Single,Spirits & Other,9.67,8974476548
2317,Robert Mondavi Cab,375 ml,,Spirits & Other,9.67,8600378040
2318,Robert Mondavi Cab.Sauv,375 ml,,Spirits & Other,9.67,8600300248
2319,Robert Mondavi Napa Cab,,,Spirits & Other,48.39,8600305184
2320,Rocca G. D' Alba,750 ml,,Spirits & Other,15.72,1564342562
2321,Rocca G. Rosso Rucut,750 ml,,Spirits & Other,15.72,1564342561
2322,Rocca Ner,750 ml,,Spirits & Other,8.46,7258700117
2323,Rock Hill Farms,750 ml,,Spirits & Other,72.59,8024400683
2324,Roe & Co.,750 ml,Single,Spirits & Other,42.34,8807618365
2325,Ron Barcelo,750 ml,,Spirits & Other,21.77,5698100010
2326,Ron Del Barrilito 3 Star,750 ml,Single,Spirits & Other,52.02,8286900022
2327,Ron Medalin,750 ml,,Spirits & Other,21.77,6485810002
2328,Ron Viejo De Caldas 3 Years,750 ml,Single,Spirits & Other,22.98,8775202650
2329,Ron Viejo De Caldas 8 Years,750 ml,Single,Spirits & Other,29.03,8775202655
2330,Ron medellen 8yrs.,750 ml,,Spirits & Other,30.24,6485810010
2331,Ron medellin 12yrs,,,Spirits & Other,41.13,6485810011
2332,Rosa Regale,750 ml,,Spirits & Other,26.61,8051674934
2333,Roscato Blackcherry,750 ml,,Spirits & Other,12.09,8678511079
2334,Roscato Blueberry,750 ml,,Spirits & Other,14.51,8678511082
2335,Roscato Peach,750 ml,,Spirits & Other,12.09,8678511074
2336,Roscato Rose,750 ml,,Spirits & Other,14.51,8678521246
2337,Roscato Sweet Red,1.5 L,,Spirits & Other,29.03,8678539050
2338,Roscato Tropical,750 ml,,Spirits & Other,14.51,8678511083
2339,Rose's Grenadine,12 Oz,,Spirits & Other,5.52,1660530
2340,Rose's Grenedine lg,,,Spirits & Other,8.46,1660000104
2341,Rose's Lime,12 Oz,,Spirits & Other,6.04,1660433
2342,Rossi Mosc - Sangri 4L,,,Spirits & Other,21.77,8500002104
2343,Rossi Sweet Red,1.5 L,,Spirits & Other,10.88,8500000568
2344,Royal Salute 21 Years Miami,750 ml,Single,Spirits & Other,338.79,8043200101
2345,Rubinoff,200 ml,,Spirits & Other,2.57,8955210015
2346,Russel reserve,750 ml,,Spirits & Other,56.86,2105996750
2347,Russells,750 ml,,Spirits & Other,82.27,2105900209
2348,Russells Reseve,750 ml,,Spirits & Other,60.49,2105995750
2349,Russian Standard Gold,750 ml,,Spirits & Other,60.49,3604052250
2350,Ryan's,750 ml,,Spirits & Other,18.14,8602401543
2351,S.Nev.Atomic Torpedo,12 Oz,6-Pack,Spirits & Other,14.51,8378322864
2352,SALINAC-COG,200 ml,,Spirits & Other,12.09,8068674404
2353,SALINAC-COG,375 ml,,Spirits & Other,16.93,1011807000
2354,SANTA CRISTINA,750 ml,,Spirits & Other,14.51,8858600236
2355,SAO DOMINGOS,,,Spirits & Other,27.82,3959500253
2356,SAODOMINGOS 1L,,,Spirits & Other,26.61,5.60166E+12
2357,SIM.SPIKE STRA.LEMO.24OZ,,,Spirits & Other,4.49,1007878062
2358,SMI.PINK LEMO.,50 ml,,Spirits & Other,1.43,8267807
2359,SMITH& HOOK,750 ml,,Spirits & Other,24.19,8678800090
2360,SOL- bottle,,6-Pack,Spirits & Other,11.48,7231113021
2361,SONO.SWEET ROSE,750 ml,,Spirits & Other,13.3,8724188048
2362,SONO.SWEET WHITE,750 ml,,Spirits & Other,13.3,8724188047
2363,SPATEN BTL,,12-Pack,Spirits & Other,27.82,8839400028
2364,STALLA,7 Oz,,Spirits & Other,35.08,8615000221
2365,STAWBERRY VERDI 750,,,Spirits & Other,8.46,3807521030
2366,STELLA,7 Oz,,Spirits & Other,1.82,8615000223
2367,STELLA,,18-Pack,Spirits & Other,33.87,8615000149
2368,STELLA.ORGANIC.ORANGE,,,Spirits & Other,10.88,8787263470
2369,Sa Utopias Aged In Barrels,24Oz,Single,Spirits & Other,362.99,8769276235
2370,Sabe Grapefruit Paloma,250 ml,4-Pack,Spirits & Other,16.93,5003420422
2371,Sagamore 8-Years,750 ml,Single,Spirits & Other,108.89,5823200777
2372,Sagres,12 Oz,6-Pack,Spirits & Other,13.3,5.60115E+12
2373,Salem 100 Box,,,Spirits & Other,20.56,9059134
2374,Salem Box,,,Spirits & Other,20.56,9059037
2375,Salem Gold,,,Spirits & Other,20.56,9059338
2376,Salt Point Capecod,12 Oz,4-Pack,Spirits & Other,24.19,5001724825
2377,Salt Point Grapefruit,12 Oz,Single,Spirits & Other,6.26,5001724801
2378,Salt Point Greyhound,12 Oz,4-Pack,Spirits & Other,24.19,5001724803
2379,Sambuca Di Amore 1L,,,Spirits & Other,24.19,8292839986
2380,Samuel Adams Cold Snap,12 Oz,6-Pack,Spirits & Other,14.51,8769230053
2381,Samuel Adams Summer Mix,12 Oz,12-Pack,Spirits & Other,25.4,8769200358
2382,San Antono Cardinale,750 ml,Single,Spirits & Other,13.3,8787223010
2383,Sandeman Por Aptiv Reserve Wh,750 ml,Single,Spirits & Other,26.61,8043211343
2384,Sandeman Ruby,750 ml,,Spirits & Other,24.19,8043290052
2385,Sandeman Tawny,750 ml,,Spirits & Other,24.19,8043290022
2386,Sangriiia Gasolina,200 ml,Single,Spirits & Other,3.62,4370920017
2387,Sangue De Boi,4 L,,Spirits & Other,8.46,7.89114E+12
2388,Santa Maria Pg - 1.5M +Tax,1.5 L,,Spirits & Other,13.3,3938300632
2389,Santiago Queirolo Pisco Acholado,750 ml,Single,Spirits & Other,33.87,7.75822E+12
2390,Santiago Queirolo Pisco Quebranta,750 ml,Single,Spirits & Other,33.87,7.75822E+12
2391,Saperavi Panda,750 ml,Single,Spirits & Other,24.19,4.8676E+12
2392,Sapporo /22oz Cans,,12-Pack,Spirits & Other,43.41,8797506650
2393,Sapporo 12pc cans,,,Spirits & Other,15.72,8797504350
2394,Sapporo 22oz can,,,Spirits & Other,4.83,8797502650
2395,Sapporo Box,,12-Pack,Spirits & Other,20.36,8797505350
2396,Sapporo Btl,12 Oz,6-Pack,Spirits & Other,13.3,1581500000
2397,Sassoregale,750 ml,Single,Spirits & Other,24.19,3298720130
2398,Sazerac,750 ml,Single,Spirits & Other,43.55,8800413994
2399,Schaefer,12 Oz,30-Pack,Spirits & Other,26.63,7248002416
2400,Schaefer,,6-Pack,Spirits & Other,7.25,7248340
2401,Schafer,12 Oz,12-Pack,Spirits & Other,13.49,1581600000
2402,Schofferhofer Grape,12 Oz,6-Pack,Spirits & Other,15.11,4257204006
2403,Scoresby,50 ml,,Spirits & Other,1.2,8800404037
2404,Scots Gold,1.75 L,Single,Spirits & Other,18.14,1003866007
2405,Scots Gold,750 ml,Single,Spirits & Other,12.09,1003866000
2406,Scrediver 24oz,24Oz,Single,Spirits & Other,4.83,8200072902
2407,Scrediver 24oz,,,Spirits & Other,4.83,8200076212
2408,Screwball pint,,,Spirits & Other,19.35,6026500245
2409,Seagram 7,1.75 L,,Spirits & Other,31.45,8700070070
2410,Seagram Straw Daq,,4-Pack,Spirits & Other,8.46,8043280254
2411,Seagram Vo,1.75 L,,Spirits & Other,31.45,8800403615
2412,Seagram's 7,200 ml,,Spirits & Other,6.78,8773502
2413,Seagram's 7,375 ml,,Spirits & Other,12.51,8776509
2414,Seagrams Bahama Mama,,4-Pack,Spirits & Other,8.46,8043240325
2415,Seagrams Bahama Mama Single,,,Spirits & Other,2.12,8043240324
2416,Seagrams Cherry Friz,,4-Pack,Spirits & Other,8.46,8043280288
2417,Seagrams Colada,,4-Pack,Spirits & Other,8.46,8043210087
2418,Seagrams Escaps Bottles,12 Oz,12-Pack,Spirits & Other,21.77,8043280290
2419,Seagrams Fuzzy Navel,,4-Pack,Spirits & Other,8.46,8043280228
2420,Seagrams Jamacan Single,,,Spirits & Other,2.12,8043210345
2421,Seagrams Jamaican Me Happy,,,Spirits & Other,8.46,8043210346
2422,Seagrams Strawberry,,,Spirits & Other,2.12,8043280253
2423,Seagrams VO,200 ml,,Spirits & Other,7.68,8773900
2424,Seagrams Varity Can,12 Oz,12-Pack,Spirits & Other,21.77,7031001244
2425,Seagrams Vo,750 ml,,Spirits & Other,24.19,8800403617
2426,Seaside,1.5 L,,Spirits & Other,13.3,6395569322
2427,Seguret Vignobles,750 ml,,Spirits & Other,15.72,1564325969
2428,Seneca Blue,,,Spirits & Other,16.93,8146700321
2429,Serial Cab. Sav. Paso Robles,750 ml,Single,Spirits & Other,24.19,5370600242
2430,Sestano sangiovese,750 ml,,Spirits & Other,7.25,8.02773E+12
2431,Shady Fruit Grapefruit,50 ml,,Spirits & Other,1.14,8250001
2432,Shady Fruit Orange,50 ml,,Spirits & Other,1.14,8250108
2433,Shady Fruit Orange,750 ml,,Spirits & Other,19.35,8200077322
2434,Shanky's Whip,750 ml,Single,Spirits & Other,32.66,1003551011
2435,Sheep Dog,50 ml,,Spirits & Other,1.09,8800403869
2436,Shellback Gold,200 ml,,Spirits & Other,5.69,8500002021
2437,Shipyard Pumpkin box,12 Oz,6-Pack,Spirits & Other,15.72,8036980012
2438,Shipyard Pumpkinhead Box,,12-Pack,Spirits & Other,20.93,8036980212
2439,Shock Top Bottles,12 Oz,12-Pack,Spirits & Other,21.77,1820015981
2440,Shtter Home Sweet red,1.5 L,,Spirits & Other,13.3,8507620
2441,Sierra Nevada Seasonal,,12-Pack,Spirits & Other,24.19,8378322812
2442,Sierra nevada,,12-Pack,Spirits & Other,24.19,8378322200
2443,Silver Star Ranch Style Coffe,750 ml,Single,Spirits & Other,15.72,9764426626
2444,Silver Star Texas Honey,750 ml,Single,Spirits & Other,15.72,8056915990
2445,Simply Peach,12 Oz,12-Pack,Spirits & Other,22.98,1007878077
2446,Simply Peach,24Oz,Single,Spirits & Other,4.49,1007878097
2447,Simply Spicked Limeade,12 Oz,12-Pack,Spirits & Other,22.98,1007878115
2448,Simply Spicked Mango 12 Pac,12 Oz,12-Pack,Spirits & Other,22.98,1007878213
2449,Sippin Cream Bday Cake 50Ml,50 ml,Single,Spirits & Other,4.83,1155902091
2450,Sippin Cream Birthday Cake,750 ml,Single,Spirits & Other,32.66,1155902084
2451,Sippin Cream Eggo Brunch,750 ml,Single,Spirits & Other,32.66,1155902155
2452,Sippin Cream Eggo Brunch 50Ml,50 ml,Single,Spirits & Other,4.83,1155902154
2453,Sippin Cream Peanut Butter,750 ml,Single,Spirits & Other,32.66,1155902090
2454,Sippin Cream Peanut Butter 50Ml,50 ml,Single,Spirits & Other,4.83,1155902085
2455,Sippin Cream Pumpkin,750 ml,Single,Spirits & Other,32.66,1155902014
2456,Skinny Girl Margarita,750 ml,,Spirits & Other,18.14,8068611004
2457,Smir. Blue Rasberry,12 Oz,6-Pack,Spirits & Other,13.3,8200080332
2458,Smirnoff,1.75 L,,Spirits & Other,26.61,8200080219
2459,Smirnoff,200 ml,,Spirits & Other,6.64,8200802
2460,Smirnoff,375 ml,,Spirits & Other,9.67,8256102
2461,Smirnoff,50 ml,,Spirits & Other,2.0,8247201
2462,Smirnoffblue Raspberry,50 ml,,Spirits & Other,1.43,8269504
2463,Smoke Lab,50 ml,4-Pack,Spirits & Other,4.84,8.90211E+12
2464,Snowball Peach,750 ml,,Spirits & Other,29.03,3325510934
2465,SoCo Caramel,750 ml,,Spirits & Other,12.09,8854400080
2466,Soho Lyche,750 ml,Single,Spirits & Other,37.5,8043231667
2467,Soju,,,Spirits & Other,7.25,5005271130
2468,Soju Apple,,,Spirits & Other,7.25,5005271128
2469,Sono1420 Rye,375 ml,,Spirits & Other,31.45,5146100803
2470,Soon Hari,375 ml,,Spirits & Other,7.25,4330399606
2471,Soon Hari Apple Citron,375 ml,Single,Spirits & Other,7.25,4348599450
2472,Soon Hari Apple Iychee,375 ml,Single,Spirits & Other,7.25,5005271173
2473,Soon Hari Apple Mango,375 ml,Single,Spirits & Other,7.25,5005271131
2474,Soon Hari Peach,375 ml,Single,Spirits & Other,7.25,5005271127
2475,Soon Hari Strwberry,375 ml,,Spirits & Other,7.25,5005271129
2476,Soon Harii Plum,375 ml,,Spirits & Other,7.25,5005271177
2477,Sour Pasture,375 ml,4-Pack,Spirits & Other,20.56,5000394589
2478,Southern Comfort,1.75 L,,Spirits & Other,41.13,8854401891
2479,Southern Comfort,200 ml,,Spirits & Other,8.53,8854401916
2480,Southern Comfort,375 ml,,Spirits & Other,13.94,8854401913
2481,Southern Comfort,750 ml,,Spirits & Other,26.61,8854401905
2482,Southern Comfort 100p,750 ml,,Spirits & Other,36.29,8854401815
2483,Southern Comfort Cherry,,,Spirits & Other,1.71,8854400064
2484,Southern Tier Frosted Sugar Cookie,12 Oz,4-Pack,Spirits & Other,17.53,5375900042
2485,Souverain Cab,,,Spirits & Other,13.3,8855309349
2486,Spaten Premium,12 Oz,6-Pack,Spirits & Other,15.72,8839400002
2487,Spike Crenberry,200 ml,8-Pack,Spirits & Other,24.19,5910500473
2488,Spritz Del Conte,750 ml,Single,Spirits & Other,21.77,8787262831
2489,Sqrrl Peanut Butter,750 ml,,Spirits & Other,22.98,8068602801
2490,St Michelle Gewurtz,750 ml,,Spirits & Other,14.51,8858662584
2491,Stagg,750 ml,,Spirits & Other,120.99,8800401858
2492,Stateside Ruby Grapefruit,12 Oz,4-Pack,Spirits & Other,14.51,5002560512
2493,Steel Res 40oz,,,Spirits & Other,3.35,7825000334
2494,Steel Reserve,32 Oz,,Spirits & Other,3.98,7825000624
2495,Steel Rsv 24oz,,,Spirits & Other,2.4,7825000328
2496,Stella,12 Oz,6-Pack,Spirits & Other,14.51,8615000005
2497,Stock 84,750 ml,,Spirits & Other,15.72,8835212961
2498,Straw-ber-Rita 25oz,,,Spirits & Other,4.42,1820025505
2499,Sua Red,750 ml,,Spirits & Other,9.67,7796700106
2500,Sua White,750 ml,,Spirits & Other,9.67,7796700107
2501,Suck It Up,,4-Pack,Spirits & Other,9.06,6642700529
2502,Sugar Island CoCo,750 ml,,Spirits & Other,24.19,8520002752
2503,Sugar Rush Mango,750 ml,,Spirits & Other,14.51,8503436009
2504,Sugar Rush Pineapple,750 ml,,Spirits & Other,14.51,8503436008
2505,Summer In Bottle,1.5 L,Single,Spirits & Other,72.59,4499613907
2506,Summer In Bottle Rose,750 ml,,Spirits & Other,32.66,4499613906
2507,Sun Cruiser 4-Pack,12 Oz,4-Pack,Spirits & Other,12.09,8769202028
2508,Sun Cruiser 4-Pack,,4-Pack,Spirits & Other,12.09,8769202029
2509,Sun Cruiser 4-Pack Peach,12 Oz,4-Pack,Spirits & Other,12.09,8769202104
2510,Sun Cruiser Any 4-Pack,12 Oz,4-Pack,Spirits & Other,12.09,1767800000
2511,Sun Cruiser Any 8-Pack,12 Oz,8-Pack,Spirits & Other,24.19,8769202430
2512,Sun Cruiser Blueberry,19Oz,Single,Spirits & Other,7.25,8769202419
2513,Sun Cruiser Lamonade,12 Oz,8-Pack,Spirits & Other,24.19,8769202142
2514,Sun Cruiser Lamoned,24Oz,,Spirits & Other,7.25,8769202210
2515,Sun Cruiser Lemoned,19Oz,Single,Spirits & Other,6.04,8769202402
2516,Sun Cruiser Pink,24Oz,,Spirits & Other,7.25,8769202275
2517,Sun Cruiser Variety Pack,12 Oz,8-Pack,Spirits & Other,24.19,8769202030
2518,Sunny Game Day,,8-Pack,Spirits & Other,22.98,5020000610
2519,Super Bock,12 Oz,6-Pack,Spirits & Other,12.69,146711430
2520,Super Lyte 8 Pac Cans,12 Oz,8-Pack,Spirits & Other,26.61,1017136196
2521,Superior,12 Oz,6-Pack,Spirits & Other,13.3,8982647106
2522,Surf Side Assorted,12 Oz,8-Pack,Spirits & Other,26.61,5002560556
2523,Suter Home Rose,187 ml,4-Pack,Spirits & Other,8.46,8520010448
2524,Sutter Home Cab,1.5 L,Single,Spirits & Other,13.3,8505525
2525,Sutter Home Cab,187 ml,4-Pack,Spirits & Other,9.67,8520051874
2526,Sutter Home Cab,750 ml,,Spirits & Other,8.46,8502528
2527,Sutter Home Cab Single,187 ml,,Spirits & Other,2.86,8500520
2528,Sutter Home Moscat,187 ml,4-Pack,Spirits & Other,9.67,8520091875
2529,Sutter Home PG,187 ml,4-Pack,Spirits & Other,9.67,8520011875
2530,Sutter Home PG - 187 single,,,Spirits & Other,2.86,8501422
2531,Sutter Home Pink Mascato 1.5L,1.5 L,Single,Spirits & Other,13.3,8509822
2532,Sutter Home Sweet Red,187 ml,,Spirits & Other,2.86,8507824
2533,Sutter Home W.Zin,1.5 L,Single,Spirits & Other,13.3,8505923
2534,Sutter Home W.Zin,750 ml,,Spirits & Other,8.46,8502926
2535,Sutter Home Zinfadel,1.5 L,Single,Spirits & Other,13.3,8505127
2536,Sutter Sweet Red,187 ml,4-Pack,Spirits & Other,9.67,8520091876
2537,Sutter W. Zin,187 ml,,Spirits & Other,2.86,8500928
2538,Sutter Wht Zinf,187 ml,4-Pack,Spirits & Other,9.67,8520091874
2539,Sweet Casal Garacia Branco,750 ml,Single,Spirits & Other,12.09,6479320031
2540,TALISKER STORM,750 ml,,Spirits & Other,102.84,8807617902
2541,TAYLOR CREAM SHERRY1.5ML,,,Spirits & Other,14.51,8894000018
2542,TAYLOR MADEIRA,750 ml,,Spirits & Other,8.46,8894000153
2543,TOPO CHICO SLTZR VARIETY,,12-Pack,Spirits & Other,22.07,2113618087
2544,TRAPICHE MALBAC 750,,,Spirits & Other,12.09,8974440258
2545,TRULLY MARGARITA CAN,,12-Pack,Spirits & Other,22.98,8769201299
2546,TRULLY PINE.MANGO 1LTR,,,Spirits & Other,12.09,8068689615
2547,TRULYSTRWB LMND,750 ml,,Spirits & Other,19.35,8068689603
2548,TRUTH BE TOLD,750 ml,,Spirits & Other,24.19,9807900105
2549,TUCK,750 ml,,Spirits & Other,39.92,3604054411
2550,TWISTED LIGHT CAN,,12-Pack,Spirits & Other,24.19,8769201516
2551,TWO ROADS HONEYSPOTBTI,,6-Pack,Spirits & Other,12.09,1957801002
2552,TWO ROADS LIL'HEAVEN- btl,,12-Pack,Spirits & Other,13.3,1957801103
2553,Taaka,200 ml,,Spirits & Other,3.33,8800400006
2554,Taaka,375 ml,,Spirits & Other,4.84,8800400007
2555,Taaka Whipped - 1L,,,Spirits & Other,12.09,8800401097
2556,Tang Negroni,375 ml,Single,Spirits & Other,19.35,8807618862
2557,Tang Negroni,750 ml,Single,Spirits & Other,36.29,8807618863
2558,Tangueray,50 ml,,Spirits & Other,1.71,8950000
2559,Tanquery,750 ml,,Spirits & Other,27.82,8811011030
2560,Tanteo Tropical,750 ml,,Spirits & Other,45.97,9499300201
2561,Tavernello Bianco,750 ml,,Spirits & Other,7.25,8860301069
2562,Taylor Marsala Dry,750 ml,,Spirits & Other,9.06,8894011001
2563,Taylor tawny 3l,3 L,Single,Spirits & Other,27.82,8894000086
2564,Terra D' Oro Barbera,750 ml,,Spirits & Other,20.56,946000014
2565,Terras Del Rei Red,750 ml,,Spirits & Other,12.09,5.60138E+12
2566,Thank You Bag,,,Spirits & Other,2.41,6.57226E+12
2567,Thc Infused Drink Ct Fee,,,Spirits & Other,1.21,954244
2568,The Ardmore,750 ml,,Spirits & Other,76.22,8068674902
2569,The Barker Company Espresso Martini,200 ml,Single,Spirits & Other,8.46,6001075130
2570,The Beast Mean Green,16 Oz,Single,Spirits & Other,3.01,1011713001
2571,The Beast Peach,16 Oz,Single,Spirits & Other,3.01,1011713007
2572,The Beast Variety Can,12 Oz,12-Pack,Spirits & Other,21.77,1011713018
2573,The Beast White Haze,16 Oz,Single,Spirits & Other,3.01,1011713004
2574,The Clover,750 ml,,Spirits & Other,58.07,5176700176
2575,The Federalist Sauv,750 ml,Single,Spirits & Other,18.14,8689109058
2576,The Ferderalist Zinfadel,,,Spirits & Other,19.35,8689108304
2577,The Kyoto Murasaki-Obi Purple,700 ml,Single,Spirits & Other,96.79,7355092012
2578,Thomas Hooker,16 Oz,4-Pack,Spirits & Other,14.51,1375749270
2579,Toad Hollow,750 ml,Single,Spirits & Other,16.93,1140863053
2580,Tobia Seleccion,750 ml,,Spirits & Other,15.72,8.437E+12
2581,Tom of Finland,750 ml,,Spirits & Other,39.92,6.43004E+12
2582,Tona,12 Oz,12-Pack,Spirits & Other,24.19,259600010
2583,Tona,,6-Pack,Spirits & Other,13.3,259600011
2584,Transfusion Classic,12 Oz,4-Pack,Spirits & Other,18.14,9589326231
2585,Trapiche Broquel,750 ml,,Spirits & Other,12.09,8974475567
2586,Travernello Sangiovese,750 ml,,Spirits & Other,6.04,8860301074
2587,Troges perpetual cans,,4-Pack,Spirits & Other,13.3,3770407201
2588,Trully Party Pack,,12-Pack,Spirits & Other,22.98,8769201850
2589,Turtle Nose,,,Spirits & Other,4.84,3765422613
2590,Twang Rita Salt,7 Oz,,Spirits & Other,3.01,2360430400
2591,Twenty Grand Rose,750 ml,,Spirits & Other,33.87,1245901180
2592,Twisted Buttery Nipple,,4-Pack,Spirits & Other,9.06,6642700338
2593,Twisted Cab,1.5 L,,Spirits & Other,12.09,8224233044
2594,Twisted Porn Star,,4-Pack,Spirits & Other,9.06,6642700342
2595,Twisted Sex On the Beach,,4-Pack,Spirits & Other,9.06,6642700344
2596,Twisted Shotz,,15-Pack,Spirits & Other,30.24,6642700535
2597,Two Juicy,16 Oz,Single,Spirits & Other,5.43,1957801255
2598,Two Road 12 Pk Can,12 Oz,12-Pack,Spirits & Other,24.19,1957801214
2599,Two Road Lil Heaven,16 Oz,Single,Spirits & Other,5.43,1957801071
2600,Two Road Ok2berfest,12 Oz,12-Pack,Spirits & Other,26.61,1957801236
2601,Two Road Summer Heaven,12 Oz,6-Pack,Spirits & Other,15.72,1957801121
2602,Two Roads Cruise Control,,12-Pack,Spirits & Other,22.98,1957801155
2603,Two Roads Honeyspot,,12-Pack,Spirits & Other,22.98,1957801037
2604,Two Roads Honeyspot Bottles,12 Oz,12-Pack,Spirits & Other,24.19,1957801075
2605,Two Roads Lil' Heaven Box,,12-Pack,Spirits & Other,22.98,1957801036
2606,Two Roads Mega Juicy,16 Oz,4-Pack,Spirits & Other,20.56,1957801239
2607,Two Roads Summer Heaven,12 Oz,12-Pack,Spirits & Other,22.98,1957801286
2608,Two Roads Two Juicy cans,,4-Pack,Spirits & Other,20.56,1957801095
2609,Two Roads Vareity pk,12 Oz,12-Pack,Spirits & Other,22.98,1957801052
2610,Two roads lil heavean,,4-Pack,Spirits & Other,12.09,1957801063
2611,UNSHACKLED CAB,750 ml,,Spirits & Other,30.24,8600327802
2612,Ultra,24Oz,,Spirits & Other,3.81,1820025010
2613,Uncle Nearest 100pf,750 ml,,Spirits & Other,72.59,4023255544
2614,Uncle Nearest 1884,750 ml,,Spirits & Other,60.49,4023237912
2615,Uv Blue Raspberry,750 ml,,Spirits & Other,16.4,8711601448
2616,V du Vernay Ice Rose,750 ml,,Spirits & Other,14.51,1088501122
2617,VERY PEACH,750 ml,,Spirits & Other,12.09,8860301187
2618,VILLA JOLA. MOSC. BLU.BERRY,,,Spirits & Other,15.72,1564367930
2619,VIPRA,750 ml,,Spirits & Other,13.3,8974476495
2620,VODQUILA,750 ml,,Spirits & Other,33.87,2358600001
2621,Vega Tolosa,750 ml,,Spirits & Other,9.67,8.437E+12
2622,Verdi Bosca,750 ml,,Spirits & Other,8.46,3807520230
2623,Verdi Peach,750 ml,,Spirits & Other,8.46,3807520630
2624,Verdi Raspberry,750 ml,,Spirits & Other,8.46,3807520530
2625,Vibe,500 ml,,Spirits & Other,6.04,8500003580
2626,Vibe Blue Raspberry,500 ml,,Spirits & Other,6.04,8500003579
2627,Vibe Mango,500 ml,,Spirits & Other,6.04,8500003758
2628,Vibe Margarita,500 ml,Single,Spirits & Other,6.04,8500003696
2629,Vibe Peach,500 ml,,Spirits & Other,6.04,8500003759
2630,Vibe Straw.Limeade,500 ml,,Spirits & Other,6.04,8500003581
2631,Vice Rei Anis - 1L,,,Spirits & Other,21.77,8720200040
2632,Vice Ret Agua - 1L,,,Spirits & Other,32.66,8720200049
2633,Vict 6 Pack Can,,6-Pack,Spirits & Other,13.3,3354495005
2634,Victoria Bottles,12 Oz,12-Pack,Spirits & Other,22.98,1568800000
2635,Victoria Box,,12-Pack,Spirits & Other,22.98,8066095883
2636,Victoria Can,,12-Pack,Spirits & Other,22.98,3354495006
2637,Villa Christmas,750 ml,Single,Spirits & Other,15.72,1564362370
2638,Villa Jola Mosc CoCo,750 ml,,Spirits & Other,13.3,1564325790
2639,Villa Jola Mosc Peach,750 ml,,Spirits & Other,13.3,1564325789
2640,Villa Jola Mosc Pinap,750 ml,,Spirits & Other,15.72,1564325792
2641,Villa Jola Mosc Rose,750 ml,,Spirits & Other,15.72,1564325056
2642,Villa Jola Mosc Straw,750 ml,,Spirits & Other,13.3,1564325791
2643,Villa Jolanda,750 ml,,Spirits & Other,15.72,1564372337
2644,Villa Jolanda Mango,750 ml,,Spirits & Other,13.3,1564341521
2645,Villa Jolanda Passion,750 ml,,Spirits & Other,13.3,1564352386
2646,Villa Jolanda blue,750 ml,,Spirits & Other,13.3,1564356270
2647,Viniq Ruby,375 ml,,Spirits & Other,15.72,8500002344
2648,Vino Red,750 ml,,Spirits & Other,12.09,7664190025
2649,Vino de eyzaguirre,750 ml,,Spirits & Other,9.67,9177194440
2650,Visconti Della Rocca Riserva,750 ml,,Spirits & Other,13.3,8.00886E+12
2651,Vit,,,Spirits & Other,3.03,8616200498
2652,Voodoo Imp,12 Oz,Single,Spirits & Other,2.41,5452700599
2653,Voodoo Ranger Black,19Oz,Single,Spirits & Other,3.64,5452701277
2654,Voodoo Ranger Hoppy Pack,12 Oz,12-Pack,Spirits & Other,24.19,5452701070
2655,Voodoo Ranger Juicy Haze,12 Oz,12-Pack,Spirits & Other,24.19,5452701137
2656,Voodoo Ranger Tropic Force,20 Oz,,Spirits & Other,3.64,5452701227
2657,Voodoo Renger Fruit Force,,,Spirits & Other,3.64,5452701207
2658,WOOD BRIDGE -PG,,4-Pack,Spirits & Other,9.67,8600300296
2659,Walker Anisette,750 ml,,Spirits & Other,16.93,8954012531
2660,Weihenstphaner,12 Oz,6-Pack,Spirits & Other,19.35,5224512271
2661,Welchs Mango Passion,16 Oz,Single,Spirits & Other,3.03,4180034610
2662,Wheel Horse Burbuon,750 ml,Single,Spirits & Other,36.29,1087902187
2663,Whip Shot Caramel,375 ml,,Spirits & Other,29.03,5820200396
2664,Whip Shot Pumpkin,200 ml,,Spirits & Other,20.56,5002910206
2665,Whip Shot Vanilla,375 ml,,Spirits & Other,29.03,5820200393
2666,Whip Shots,200 ml,,Spirits & Other,20.56,5820200398
2667,Whip Shots,375 ml,,Spirits & Other,29.03,5002910200
2668,Whip Shots Caramel,200 ml,,Spirits & Other,20.56,5820200395
2669,Whip Shots Vanilla,200 ml,,Spirits & Other,20.56,5820200392
2670,Whips Shotlime,200 ml,,Spirits & Other,20.56,5002910205
2671,Whispering Angel,750 ml,Single,Spirits & Other,30.24,8175383391
2672,Whispering Angel Rose,375 ml,Single,Spirits & Other,18.14,8175383372
2673,White Horse,1.75 L,,Spirits & Other,32.66,8807617124
2674,Whiteclaw BLack Ch,16 Oz,4-Pack,Spirits & Other,10.88,3598510042
2675,Widow Jane 10y,750 ml,,Spirits & Other,84.69,5628200531
2676,Wild Horse Paso Robles,750 ml,Single,Spirits & Other,29.03,8500003427
2677,Wild Turk 101,750 ml,,Spirits & Other,37.5,2105989750
2678,Willett Fam Pot Still Rsv-Ct,750 ml,,Spirits & Other,84.69,8020301935
2679,William Hill Cab Central,750 ml,,Spirits & Other,19.35,8500002160
2680,Wincarnis,750 ml,,Spirits & Other,15.72,8602404657
2681,Wip 3 Energy Pouches,100 ml,Single,Spirits & Other,1.69,5007319707
2682,Wip 3 Energy Pouches Mint,100 ml,Single,Spirits & Other,1.69,1778400000
2683,Wip 3 Energy Pouches Orange,100 ml,Single,Spirits & Other,1.69,5007319710
2684,Wolf Moon,750 ml,,Spirits & Other,33.87,1884402068
2685,Wolffer Summer In A Bottle Rose,750 ml,,Spirits & Other,31.45,4499614009
2686,Woodbridge Cab,1.5 L,,Spirits & Other,15.72,8600381385
2687,Woodbridge Cab,187 ml,4-Pack,Spirits & Other,9.67,8600300256
2688,Woodbridge Cab,750 ml,,Spirits & Other,8.46,8600300009
2689,Woodbridge Rose,1.75 L,,Spirits & Other,15.72,8600382065
2690,Woodbridge Sauv Blnc 1.50,,,Spirits & Other,15.72,8600386386
2691,Woodbridge Sauv Sessions,750 ml,Single,Spirits & Other,9.67,8600382118
2692,Woodbridge W. Zin,187 ml,4-Pack,Spirits & Other,9.67,8600300259
2693,Woodbridge White Zin 1.50l,,,Spirits & Other,15.72,8600384385
2694,Woodfrord Rsv,750 ml,,Spirits & Other,50.81,8112800150
2695,Woodstock Choc,750 ml,,Spirits & Other,20.56,6642700431
2696,Woodstock Hot Licks,750 ml,,Spirits & Other,20.56,6642700376
2697,Wrench indust,16 Oz,4-Pack,Spirits & Other,20.56,6810100036
2698,Wrey Nephew-1.5,,,Spirits & Other,60.49,2105900065
2699,Wynk Juicy Mango + Thc,12 Oz,6-Pack,Spirits & Other,24.19,9685203943
2700,Wynk Lime Twist Thc,12 Oz,6-Pack,Spirits & Other,24.19,9685250050
2701,Wynz Black Cherry,12 Oz,6-Pack,Spirits & Other,24.19,9685287516
2702,Wynz Black Cherry + Thc,12 Oz,4-Pack,Spirits & Other,19.35,9816809313
2703,Wynz Juicy Mango + Thc,12 Oz,4-Pack,Spirits & Other,19.35,9816822965
2704,Wynz Lime Twist + Thc,12 Oz,4-Pack,Spirits & Other,19.35,9816831784
2705,Wynz Tangerine + Thc,12 Oz,4-Pack,Spirits & Other,19.35,9816811920
2706,X Rated,750 ml,,Spirits & Other,47.18,8142501401
2707,Xxl Apple,750 ml,,Spirits & Other,13.3,6395501700
2708,Xxl Blackberry,750 ml,,Spirits & Other,13.3,6395502000
2709,Xxl Cherry,750 ml,,Spirits & Other,13.3,6395501900
2710,Xxl Extreme,750 ml,Single,Spirits & Other,16.93,6422744638
2711,Xxl Guava,750 ml,,Spirits & Other,13.3,6395501800
2712,Xxl Mango,750 ml,,Spirits & Other,13.3,6395501300
2713,Xxl Orange,750 ml,,Spirits & Other,13.3,6395500035
2714,Xxl Peach,750 ml,,Spirits & Other,13.3,6395501500
2715,Xxl Pineapple,750 ml,,Spirits & Other,13.3,6395501400
2716,Xxl Sparkling Rose,750 ml,Single,Spirits & Other,18.14,6395500009
2717,Xxl Strawberry,750 ml,,Spirits & Other,13.3,6395501600
2718,Y.TAIL CAB.SAU,750 ml,,Spirits & Other,12.09,3974300293
2719,Zarpado Silver,750 ml,,Spirits & Other,32.66,1087902205
2720,Zebra Gavi,750 ml,Single,Spirits & Other,22.98,8.05141E+12
2721,Zinsane,750 ml,,Spirits & Other,15.72,1126502293
2722,Zwwiec Box,12 Oz,6-Pack,Spirits & Other,13.3,9927816000
2723,alize pineapple,375 ml,,Spirits & Other,16.93,8469263369
2724,bailey colada,50 ml,,Spirits & Other,2.27,8200000648
2725,belaire blue,750 ml,,Spirits & Other,36.29,1349700780
2726,black girl rose,750 ml,,Spirits & Other,24.19,5801800715
2727,blu chair mango,750 ml,,Spirits & Other,33.87,5688100467
2728,blue point can,,18-Pack,Spirits & Other,24.19,8174500134
2729,bushmill 750,,,Spirits & Other,41.13,1153801616
2730,cOLT 45 24OZ,,,Spirits & Other,2.44,7125040205
2731,cabriz rose,750 ml,,Spirits & Other,10.88,5.60458E+12
2732,carlo pink mas 4L,,,Spirits & Other,24.19,8500002871
2733,caymanjack can,,12-Pack,Spirits & Other,24.19,1582901111
2734,civas extra,50 ml,,Spirits & Other,3.41,8043210995
2735,clamato,,,Spirits & Other,2.84,1480051175
2736,crioc vs,375 ml,,Spirits & Other,24.19,8257402
2737,crown apple 1.75ml,,,Spirits & Other,60.49,8200077159
2738,cruzan,,,Spirits & Other,20.56,8901600554
2739,cuese classic marga,750 ml,,Spirits & Other,14.51,1153801107
2740,deepeddy ruby red,750 ml,,Spirits & Other,24.19,5606500208
2741,dr.mcgilli.mentholmint 1.75ml,,,Spirits & Other,32.66,8800414402
2742,dr.mcgillicddy grape,750 ml,,Spirits & Other,21.77,8800400955
2743,dubra,200 ml,,Spirits & Other,2.86,8085322022
2744,dubra,375 ml,,Spirits & Other,5.12,8085322021
2745,elysian can,,12-Pack,Spirits & Other,26.61,1790400872
2746,four loko variety pack,,,Spirits & Other,21.77,4980600427
2747,game Green-2pk,,,Spirits & Other,1.71,3170004969
2748,games-pineapple 2pk,,,Spirits & Other,1.71,3170004996
2749,gasolinacocktail,,5-Pack,Spirits & Other,16.93,4370920022
2750,grand,,,Spirits & Other,13.9,4918890038
2751,highnoon variety,,8-Pack,Spirits & Other,26.61,8500003255
2752,jose curvo,,4-Pack,Spirits & Other,13.3,1153801691
2753,jose curvo single,,,Spirits & Other,3.13,1153801690
2754,jose curvo wtrmln,,,Spirits & Other,3.13,1153801694
2755,jose mango,,4-Pack,Spirits & Other,13.3,1153801650
2756,jose.pla.blk.cherry can,,4-Pack,Spirits & Other,16.93,1884402151
2757,jose.playa mar mango can,,4-Pack,Spirits & Other,16.93,1884402153
2758,lamarca 1.75ml,,,Spirits & Other,39.92,8500002284
2759,leblon,750 ml,,Spirits & Other,37.5,8048000725
2760,legent,750 ml,,Spirits & Other,53.23,8068602401
2761,los siete misterios,750 ml,,Spirits & Other,50.81,7.50302E+12
2762,loyal lemon can,,4-Pack,Spirits & Other,15.72,6000330160
2763,makers 46,375 ml,,Spirits & Other,29.03,8524650032
2764,mic.ultra btl,,18-Pack,Spirits & Other,26.61,1820096624
2765,mike blck cherry bti,,12-Pack,Spirits & Other,22.98,3598554265
2766,miscen,,,Spirits & Other,1.21,m
2767,modello picante24oz can,,,Spirits & Other,4.77,3354400080
2768,new.ams.,750 ml,,Spirits & Other,18.14,8500003108
2769,new.ams.passionfruit,50 ml,,Spirits & Other,1.21,8568001
2770,paper bag,,,Spirits & Other,0.12,b
2771,pink,,,Spirits & Other,9.67,8500002227
2772,red white&berry 25oz can,,,Spirits & Other,4.39,8200079522
2773,rencho gloria mango,,4-Pack,Spirits & Other,13.3,5001257151
2774,rencho gloria peach,,4-Pack,Spirits & Other,13.3,6000188570
2775,romana,200 ml,,Spirits & Other,13.3,8800403745
2776,roscato gold,750 ml,,Spirits & Other,14.51,8678521312
2777,salt point margarita,,,Spirits & Other,6.26,5001724809
2778,salt point margarita can,,4-Pack,Spirits & Other,24.19,5001724810
2779,sao paulo 1 liter cachach,,,Spirits & Other,15.72,8607208507
2780,sol,,12-Pack,Spirits & Other,20.93,7231123021
2781,southern comfort,,,Spirits & Other,1.43,8854400001
2782,sweet simplicity,750 ml,,Spirits & Other,12.09,6395550200
2783,sweet&sour,750 ml,,Spirits & Other,7.25,7065591230
2784,tHE DIVINE ROD 750M L,750 ml,,Spirits & Other,12.09,8601280301
2785,tavernello pgo,750 ml,,Spirits & Other,8.46,1559902037
2786,tavernello vino rosso,750 ml,,Spirits & Other,7.25,1559902028
2787,terra unica tempranill,750 ml,,Spirits & Other,10.88,1564324457
2788,villon,750 ml,,Spirits & Other,43.55,1349700722
2789,whistle.blk.lemon can,,4-Pack,Spirits & Other,20.56,1008055018
2790,whistle.citrus can,,4-Pack,Spirits & Other,20.56,1008055016
2791,123 Organic Anejo,750 ml,,Tequila & Mezcal,96.79,7.50301E+12
2792,1800 Anejo,750 ml,,Tequila & Mezcal,54.44,1153801003
2793,1800 Coco,200 ml,,Tequila & Mezcal,13.3,1153801030
2794,1800 Coco,375 ml,,Tequila & Mezcal,21.77,1153801036
2795,1800 Coco,750 ml,,Tequila & Mezcal,41.13,1153801037
2796,1800 Cristalino,375 ml,Single,Tequila & Mezcal,46.57,1153801647
2797,1800 Cristalino Anejo,1.75 L,Single,Tequila & Mezcal,145.19,1884402086
2798,1800 Cristalino Anejo,750 ml,,Tequila & Mezcal,84.69,1153801646
2799,1800 Cucumber Jalapeno,750 ml,,Tequila & Mezcal,45.97,1884402482
2800,1800 High Proof Repo.,375 ml,Single,Tequila & Mezcal,22.98,1884402936
2801,1800 MARGARITA ORG.1.75ML,,,Tequila & Mezcal,26.61,1884402314
2802,1800 Margarita,1.75 L,,Tequila & Mezcal,26.61,1153801915
2803,1800 Margarita Blood Orange,1.75 L,Single,Tequila & Mezcal,26.61,1153801895
2804,1800 Margarita Lighat,1.75 L,Single,Tequila & Mezcal,26.61,1884402893
2805,1800 Margarita Mango,1.75 L,Single,Tequila & Mezcal,26.61,1884402317
2806,1800 Margarita Passion Fruit,1.75 L,Single,Tequila & Mezcal,26.61,1884402491
2807,1800 Margarita Watermelon,1.75 L,,Tequila & Mezcal,26.61,1153801644
2808,1800 Margwild Berry,1.75 L,,Tequila & Mezcal,26.61,1884402646
2809,1800 Pine,,,Tequila & Mezcal,26.61,1884402316
2810,1800 Repo,50 ml,Single,Tequila & Mezcal,4.83,1153801021
2811,1800 Reposado,1.75 L,,Tequila & Mezcal,58.07,1153801025
2812,1800 Repso,375 ml,,Tequila & Mezcal,22.98,1153801022
2813,1800 Repso,750 ml,,Tequila & Mezcal,41.13,1153801023
2814,1800 Respoado,200 ml,,Tequila & Mezcal,14.51,1153801010
2815,1800 Silver,1.75 L,,Tequila & Mezcal,55.65,1153801015
2816,1800 Silver,200 ml,,Tequila & Mezcal,13.3,1153801019
2817,1800 Silver,375 ml,,Tequila & Mezcal,21.77,1153801012
2818,1800 Silver,750 ml,,Tequila & Mezcal,41.13,1153801013
2819,1800 coco,1.75 L,,Tequila & Mezcal,55.65,1153801040
2820,1800 mango margarit 1.75ml,,,Tequila & Mezcal,29.03,1153801892
2821,1800 peach merg 1.75ml,1.75 L,Single,Tequila & Mezcal,26.61,1153801286
2822,818 Anejo,750 ml,,Tequila & Mezcal,64.12,9589315429
2823,Astral Anejo,750 ml,Single,Tequila & Mezcal,36.29,8807618694
2824,Avion Repo,375 ml,,Tequila & Mezcal,32.66,3604052189
2825,Avion Repso,,,Tequila & Mezcal,55.65,3604051932
2826,Avion Reserva Anejo,750 ml,Single,Tequila & Mezcal,133.09,8043211741
2827,Avion Silver,375 ml,,Tequila & Mezcal,32.66,3604052188
2828,Avion Silver,50 ml,,Tequila & Mezcal,6.04,3604052191
2829,Avion Silver,750 ml,,Tequila & Mezcal,52.02,3604051934
2830,BACARDI ANEJO,,,Tequila & Mezcal,27.82,8048098338
2831,BRUGAL ANEJO,,,Tequila & Mezcal,48.39,1206602007
2832,Banhez Mezcal,750 ml,Single,Tequila & Mezcal,44.76,3604053711
2833,Barcelo Grand Anejo,1.75 L,,Tequila & Mezcal,39.92,5698100016
2834,Bluebird Hw Tequila Variety,355 ml,Single,Tequila & Mezcal,24.19,6001075110
2835,Brugal Anejo,750 ml,,Tequila & Mezcal,30.24,1206602005
2836,Brugal Anejo 375Ml,375 ml,Single,Tequila & Mezcal,14.51,1206602004
2837,CAMARENA ANEJO,,,Tequila & Mezcal,36.29,8500002691
2838,CASAMIGO MESCAL,,,Tequila & Mezcal,91.95,5672400633
2839,CASAMIGOS,50 ml,,Tequila & Mezcal,6.04,5672400613
2840,CASAMIGOS REP,750 ml,,Tequila & Mezcal,70.17,5672400621
2841,CASAMIGOS REPOSADO LITER,,,Tequila & Mezcal,87.11,5672400620
2842,CLASE AZUL,750 ml,,Tequila & Mezcal,217.79,8124004951
2843,CORRALEJO SLIVER,750 ml,,Tequila & Mezcal,38.71,2081593193
2844,Camarena Repos,375 ml,,Tequila & Mezcal,15.72,8500001733
2845,Camarena Reposado,1.75 L,,Tequila & Mezcal,62.91,8500001730
2846,Camarena Reposado,750 ml,,Tequila & Mezcal,36.29,8500001732
2847,Camarena Silver,1.75 L,,Tequila & Mezcal,54.44,8500001680
2848,Camarena Silver,200 ml,,Tequila & Mezcal,9.67,8500001728
2849,Camarena Silver,375 ml,,Tequila & Mezcal,15.72,8500001727
2850,Camarena Silver,50 ml,,Tequila & Mezcal,2.5,8500000881
2851,Camarena Silver,750 ml,,Tequila & Mezcal,30.24,8500001682
2852,Camarena repo,200 ml,,Tequila & Mezcal,9.67,8500001734
2853,Casa Azul Variety,375 ml,8-Pack,Tequila & Mezcal,26.61,1009579025
2854,Casa Mexico Anejo,750 ml,Single,Tequila & Mezcal,48.39,5002308406
2855,Casamigos Anejo,750 ml,,Tequila & Mezcal,93.16,5672400601
2856,Casamigos Anejo Teq,375 ml,Single,Tequila & Mezcal,41.13,5672400602
2857,Casamigos Cristslino Rep,750 ml,,Tequila & Mezcal,84.69,8807618904
2858,Casamigos Jalapeno,1.75 L,Single,Tequila & Mezcal,60.49,8807619011
2859,Casamigos Jalapeo,375 ml,,Tequila & Mezcal,19.35,8807618988
2860,Casamigos Margaritas,200 ml,8-Pack,Tequila & Mezcal,24.19,8200081137
2861,Casamigos Margaritas Pineapple,200 ml,8-Pack,Tequila & Mezcal,24.19,8200081513
2862,Casamigos Mescal,375 ml,,Tequila & Mezcal,37.5,5672400643
2863,Casamigos Repo 1.75,,,Tequila & Mezcal,140.35,5672400624
2864,Casamigos Reposado,50 ml,,Tequila & Mezcal,7.25,5672400623
2865,Casamoigos Reposado,375 ml,,Tequila & Mezcal,38.71,5672400622
2866,Casino Azul Reposado,,,Tequila & Mezcal,96.79,7.50222E+12
2867,Cazadores Cafe,750 ml,,Tequila & Mezcal,36.29,8048098863
2868,Cazadores Reposado,750 ml,,Tequila & Mezcal,40.39,8048017002
2869,Centenario Repos,,,Tequila & Mezcal,50.81,1153801423
2870,Centenario Reposado,1.75 L,Single,Tequila & Mezcal,108.89,1884402235
2871,Clase Azul,375 ml,,Tequila & Mezcal,133.09,8124004952
2872,Clase Azul Repo,750 ml,,Tequila & Mezcal,229.89,5001427509
2873,Classe Azul Plata,750 ml,,Tequila & Mezcal,169.39,8124004954
2874,Coramino Cris Reposado,375 ml,Single,Tequila & Mezcal,36.29,1884402528
2875,Coramino Cris Reposadp,750 ml,,Tequila & Mezcal,72.59,1884402284
2876,Corralejo Anejo,,,Tequila & Mezcal,54.44,2081593033
2877,Corralejo Reposado,1.75 L,,Tequila & Mezcal,79.85,2081593051
2878,Corralejo Repso,,,Tequila & Mezcal,42.34,2081593013
2879,Cuervo Caleta Lime,1.5 L,,Tequila & Mezcal,20.56,1884402494
2880,Cuervo Lime Margarita Mix,1.75 L,Single,Tequila & Mezcal,7.25,1153801121
2881,Cuervo Marg,200 ml,4-Pack,Tequila & Mezcal,13.3,1153801155
2882,Cuervo Marg - Single,200 ml,,Tequila & Mezcal,3.13,1153801113
2883,Cuervo Marg Mix - 1.75,1.75 L,Single,Tequila & Mezcal,12.11,1153801115
2884,Cuervo Silver,50 ml,,Tequila & Mezcal,2.27,1153801095
2885,Cuervo Silver,750 ml,,Tequila & Mezcal,27.82,1153801085
2886,Cuervo Straw Marg,1.75 L,,Tequila & Mezcal,26.61,1153801103
2887,Cutwater Tequila Paloma,,,Tequila & Mezcal,6.04,1675102118
2888,DELEON REPOSADO,750 ml,,Tequila & Mezcal,56.86,8200079198
2889,DON JULIO,50 ml,,Tequila & Mezcal,6.04,7454500002
2890,DON JULIO 1.75ML REPOSADO,,,Tequila & Mezcal,128.25,7454500063
2891,DON JULIO REPOSADO,50 ml,,Tequila & Mezcal,7.25,7454500042
2892,Deleon Anejo,750 ml,,Tequila & Mezcal,60.49,8200079196
2893,Dewar's Ilegal Smooth,750 ml,,Tequila & Mezcal,31.45,8048098535
2894,Don Fulano Anejo,750 ml,Single,Tequila & Mezcal,111.31,7.41639E+12
2895,Don Juilo Repos,750 ml,,Tequila & Mezcal,72.59,7454500041
2896,Don Julio,,,Tequila & Mezcal,117.36,8807618935
2897,Don Julio 1942,50 ml,Single,Tequila & Mezcal,20.56,8273109
2898,Don Julio 1942,750 ml,,Tequila & Mezcal,241.99,7454500032
2899,Don Julio 70 Cristalino,375 ml,Single,Tequila & Mezcal,50.81,8807619104
2900,Don Julio Anejo,375 ml,,Tequila & Mezcal,38.71,7454500061
2901,Don Julio Anejo,750 ml,,Tequila & Mezcal,78.64,7454500006
2902,Don Julio Anejo 1.75 L,1.75 L,Single,Tequila & Mezcal,139.14,7454500064
2903,Don Julio Eoy 2025,750 ml,Single,Tequila & Mezcal,302.49,8807619092
2904,Don Julio Reposado,375 ml,Single,Tequila & Mezcal,35.08,7454500060
2905,Don Julio Reposado,750 ml,,Tequila & Mezcal,169.39,8807618795
2906,Don Q Coc0,750 ml,,Tequila & Mezcal,21.77,8230175090
2907,Don Q Cristal,750 ml,,Tequila & Mezcal,20.56,8230175002
2908,Don Q Gold 1.75Ml,,,Tequila & Mezcal,26.61,8230117501
2909,Don Q Limon,1.75 L,,Tequila & Mezcal,30.24,8230117556
2910,Don Q Limon,750 ml,,Tequila & Mezcal,22.98,8230175056
2911,Donjulio Anejo,50 ml,Single,Tequila & Mezcal,7.73,7454500007
2912,EL JIMADOR REPOSADO,,,Tequila & Mezcal,35.08,4460706930
2913,EXTRA ANEJO PATRON,750 ml,,Tequila & Mezcal,100.42,2173300307
2914,El JImador Repso,750 ml,,Tequila & Mezcal,30.24,4460706920
2915,El Jimador Cristalino,750 ml,Single,Tequila & Mezcal,36.29,4460700944
2916,El Jimador Repo,1.75 L,,Tequila & Mezcal,53.23,4460704980
2917,El Jimador Silver - 1.75ml,,,Tequila & Mezcal,48.39,4460706840
2918,Espolon,1.75 L,,Tequila & Mezcal,68.96,6480400135
2919,Espolon 375Ml,375 ml,Single,Tequila & Mezcal,24.19,6480400038
2920,Espolon Anejo,750 ml,,Tequila & Mezcal,55.65,2105900129
2921,Espolon Cristalino,,,Tequila & Mezcal,96.79,6480400059
2922,Espolon Flor De Oro,750 ml,,Tequila & Mezcal,58.07,6480400069
2923,Espolon Reposado,1.75 L,,Tequila & Mezcal,72.59,6480400136
2924,Espolon Reposado,200 ml,Single,Tequila & Mezcal,13.3,6480400084
2925,Espolon rep,750 ml,,Tequila & Mezcal,42.34,2105970751
2926,Flecha Azul Reposado,750 ml,Single,Tequila & Mezcal,75.01,5001352402
2927,Flor De Cana,750 ml,,Tequila & Mezcal,29.03,2696417719
2928,Flor De Cana 12Yrs,750 ml,Single,Tequila & Mezcal,45.97,2696482396
2929,Flor De Cana 18Yrs,750 ml,,Tequila & Mezcal,56.86,2696450023
2930,Flor De Cana Coco,750 ml,Single,Tequila & Mezcal,16.93,2696488013
2931,Flor De Cana Extra Dry,1.75 L,,Tequila & Mezcal,45.97,2696419442
2932,Flor De Cana Extra Dry,750 ml,,Tequila & Mezcal,24.19,2696490429
2933,Flor de Cana 7Years,,,Tequila & Mezcal,29.03,2696485274
2934,Fresca Tequila,12 Oz,4-Pack,Tequila & Mezcal,13.3,1007878065
2935,Gran Centenario Anejo,,,Tequila & Mezcal,53.23,1153801403
2936,Gran Centenario Reposado,375 ml,Single,Tequila & Mezcal,25.4,1884402234
2937,Gran Coramino Reposado,1.75 L,Single,Tequila & Mezcal,108.89,1884402817
2938,Gran Coramino Reposado,750 ml,Single,Tequila & Mezcal,72.59,1884402815
2939,Gran Coramino Reposado Cristalino,1.75 L,Single,Tequila & Mezcal,133.09,1884402529
2940,Green Card Reposado,750 ml,Single,Tequila & Mezcal,84.7,9871591986
2941,Herodes Mezcal Artesanal,200 ml,Single,Tequila & Mezcal,6.05,7.50046E+12
2942,Herodes Mezcal Artesanal Reposado,700 ml,Single,Tequila & Mezcal,18.14,7.50303E+12
2943,Herradura Anejo Cristal,750 ml,,Tequila & Mezcal,76.22,4460700372
2944,Herradura Legand Anejo,750 ml,,Tequila & Mezcal,205.69,4460700710
2945,Herradura Reposado,375 ml,,Tequila & Mezcal,39.92,4460701260
2946,Herradura Repso,750 ml,,Tequila & Mezcal,62.91,4460711132
2947,Herradura Silver 1Ltr,,,Tequila & Mezcal,54.44,4460705040
2948,Hooters Tequila Gold,1 L,Single,Tequila & Mezcal,15.72,5103100475
2949,Hornitos Anejo Reserve,750 ml,Single,Tequila & Mezcal,54.44,8068601285
2950,Hornitos Plata,375 ml,,Tequila & Mezcal,19.35,8068683531
2951,Hornitos Plata+Tax,200 ml,,Tequila & Mezcal,12.1,8068683530
2952,Hussong Tequila Rose gift,,,Tequila & Mezcal,30.24,8559212835
2953,Ilegal Mezcal Anejo,750 ml,,Tequila & Mezcal,84.69,8974475734
2954,Ilegal Reposado Mescal,750 ml,Single,Tequila & Mezcal,61.7,1015570021
2955,JOSE CUERVO GOLD 1L,1 L,Single,Tequila & Mezcal,33.87,1153801080
2956,JOSE CUERVO SILVER 1L,1 L,Single,Tequila & Mezcal,33.87,1153801082
2957,JOSE CUERVO STRAW-RITA,,,Tequila & Mezcal,13.3,1153801276
2958,Jaguar Reposado,750 ml,Single,Tequila & Mezcal,67.75,6045764086
2959,Jimador Anejo,750 ml,Single,Tequila & Mezcal,35.08,4460706320
2960,Jose Cuervo,200 ml,,Tequila & Mezcal,10.88,1153801092
2961,Jose Cuervo Coco Pine marg,,,Tequila & Mezcal,26.61,1153801283
2962,Jose Cuervo Devils,100 ml,Single,Tequila & Mezcal,5.43,1884402805
2963,Jose Cuervo Dragon Lemonde,1.75 L,,Tequila & Mezcal,26.61,1884402659
2964,Jose Cuervo Gold,1.75 L,,Tequila & Mezcal,49.6,1153801076
2965,Jose Cuervo Gold,375 ml,,Tequila & Mezcal,16.93,1153801088
2966,Jose Cuervo Gold,50 ml,,Tequila & Mezcal,2.27,1153801094
2967,Jose Cuervo Gold,750 ml,,Tequila & Mezcal,27.82,1153801083
2968,Jose Cuervo Light Margarita,,4-Pack,Tequila & Mezcal,13.3,1884402079
2969,Jose Cuervo Marg,375 ml,Single,Tequila & Mezcal,6.64,1153801111
2970,Jose Cuervo Margarita,1.5 L,,Tequila & Mezcal,26.61,1153801099
2971,Jose Cuervo Margarita,200 ml,6-Pack,Tequila & Mezcal,20.56,1884402663
2972,Jose Cuervo Playa Mar,,4-Pack,Tequila & Mezcal,16.93,1884402092
2973,Jose Cuervo Reserve,750 ml,,Tequila & Mezcal,27.82,1884402801
2974,Jose Cuervo Silver,1.75 L,,Tequila & Mezcal,49.6,1153801077
2975,Jose Cuervo Silver,200 ml,,Tequila & Mezcal,10.88,1153801093
2976,Jose Cuervo Silver,375 ml,,Tequila & Mezcal,16.93,1153801087
2977,Jose Cuervo Strawberry,375 ml,Single,Tequila & Mezcal,6.64,1153801112
2978,Jose Cuervo Teagarita,1.75 L,,Tequila & Mezcal,24.19,1153801224
2979,Jose Cuervo Tropical Paradise,1.75 L,,Tequila & Mezcal,26.61,1884402438
2980,Kah Repos,750 ml,,Tequila & Mezcal,68.27,8124075026
2981,LUNAZUL REPOSADO,50 ml,,Tequila & Mezcal,3.13,9674990850
2982,LUNAZUL REPOSADO 1L,,,Tequila & Mezcal,36.29,9674990801
2983,La Gritona Reposado,750 ml,Single,Tequila & Mezcal,65.33,8.59026E+11
2984,La Gritona Tequila Repo,375 ml,Single,Tequila & Mezcal,43.55,8.59026E+11
2985,Lalo Tequila,375 ml,Single,Tequila & Mezcal,33.87,1104103004
2986,Libelula Anejo,750 ml,Single,Tequila & Mezcal,60.49,6001047458
2987,Libelula Reposado,750 ml,,Tequila & Mezcal,49.6,3604000742
2988,Libelula Tequila,1.75 L,,Tequila & Mezcal,60.49,6001078111
2989,Libelula Tequila,750 ml,Single,Tequila & Mezcal,36.29,3604053974
2990,Lobos Reposado,375 ml,Single,Tequila & Mezcal,31.45,1009840137
2991,Lunazul Silver 1L,,,Tequila & Mezcal,32.66,9674990802
2992,MILAGRO REPOSADO,375 ml,Single,Tequila & Mezcal,21.77,8366487407
2993,Mezcal Ilegal Joven Repo,750 ml,Single,Tequila & Mezcal,61.7,8974475733
2994,Mezcal Union El Viejo 750Ml,750 ml,Single,Tequila & Mezcal,60.49,7.50302E+12
2995,Mezcal Union Uno Joven 750Ml,750 ml,Single,Tequila & Mezcal,41.13,7.50302E+12
2996,Mezcallum Tequila,750 ml,Single,Tequila & Mezcal,56.86,5149741515
2997,Mi Campo Reposado,1.75 L,Single,Tequila & Mezcal,62.91,8600327212
2998,Mi Campo Reposado,375 ml,Single,Tequila & Mezcal,16.93,8600327207
2999,Mi Campo Teq Reposado,750 ml,,Tequila & Mezcal,35.08,8600327201
3000,Milagro Anejo,750 ml,,Tequila & Mezcal,66.54,8366486897
3001,Milagro Anejo,,,Tequila & Mezcal,25.4,8366487438
3002,Milagro Cristalino Anejo,750 ml,Single,Tequila & Mezcal,84.69,8366484981
3003,Monte Azul Plata,750 ml,Single,Tequila & Mezcal,26.61,8678582014
3004,Monte Mezcal,750 ml,,Tequila & Mezcal,31.45,8066057725
3005,Ocho Tequila Reposado,750 ml,Single,Tequila & Mezcal,72.59,9862700131
3006,Olmeca Altos Marg,750 ml,,Tequila & Mezcal,27.82,8043200021
3007,Ozama Ron Dominicano Gran Anejo,700 ml,Single,Tequila & Mezcal,54.44,6001298683
3008,Ozama Ron Dominocano Anejo,700 ml,Single,Tequila & Mezcal,36.29,6001298682
3009,Patron Anejo,200 ml,Single,Tequila & Mezcal,27.82,2173300108
3010,Patron Anejo,375 ml,,Tequila & Mezcal,42.34,2173300096
3011,Patron Anejo,750 ml,,Tequila & Mezcal,76.22,2173300001
3012,Patron Citrong Orng Jalapeno,750 ml,Single,Tequila & Mezcal,32.66,2173300650
3013,Patron Citronge,750 ml,,Tequila & Mezcal,41.13,2173300573
3014,Patron Cristalino,750 ml,Single,Tequila & Mezcal,76.22,2173300613
3015,Patron Reposado,200 ml,,Tequila & Mezcal,22.98,2173300109
3016,Patron Reposado,375 ml,,Tequila & Mezcal,38.71,2173300095
3017,Patron Repsoado,750 ml,,Tequila & Mezcal,71.38,2173350622
3018,Patron Silver,1.75 L,,Tequila & Mezcal,107.68,2173300088
3019,Patron Silver,375 ml,,Tequila & Mezcal,30.24,2173300094
3020,Patron Silver,50 ml,,Tequila & Mezcal,7.25,2173300023
3021,Patron Silver,750 ml,,Tequila & Mezcal,52.02,2173300002
3022,Patron Siver,200 ml,,Tequila & Mezcal,21.77,2173300110
3023,Patron Siver Gift,750 ml,Single,Tequila & Mezcal,55.65,2173350620
3024,Patron Teq Sly\Vr,100 ml,,Tequila & Mezcal,13.3,2173300541
3025,Patron Xo Cafe,375 ml,,Tequila & Mezcal,19.35,2173300037
3026,Patron Xo Cafe,750 ml,,Tequila & Mezcal,48.39,2173300003
3027,Patrone Reposado,50 ml,,Tequila & Mezcal,8.46,2173300022
3028,Petron El Cieol Tequila,750 ml,,Tequila & Mezcal,157.29,2173300594
3029,Roca Patrone Anejo,750 ml,,Tequila & Mezcal,99.21,2173300201
3030,Roca Patrone Repo,750 ml,,Tequila & Mezcal,88.32,2173300200
3031,Ron Barcelo Anejo,1.75 L,,Tequila & Mezcal,36.29,5698100009
3032,SAuza can,,6-Pack,Tequila & Mezcal,13.3,8769201441
3033,Sauza Black Anejo,750 ml,,Tequila & Mezcal,39.92,8068683558
3034,Sauza Hornitos,200 ml,,Tequila & Mezcal,12.1,8068683506
3035,Sauza Hornitos Anejo,750 ml,,Tequila & Mezcal,39.92,8068683542
3036,Sauza Hornitos Plata 1.75,,,Tequila & Mezcal,52.02,8068683534
3037,Sauza Hornitos Plata 750M,750 ml,,Tequila & Mezcal,38.71,8068683532
3038,Sauza Hornitos Rep,375 ml,,Tequila & Mezcal,19.95,8068683503
3039,Sauza Hornitos Repso,750 ml,,Tequila & Mezcal,41.13,8068683502
3040,Sauza Rep,50 ml,,Tequila & Mezcal,1.43,8068683190
3041,Sauza Tres Gen Anejo 750M,750 ml,,Tequila & Mezcal,60.49,8068683602
3042,Sauza Tres Generaciones Repesado,750 ml,Single,Tequila & Mezcal,55.65,8068683603
3043,Scorpion Mezcal Joven,,,Tequila & Mezcal,84.69,1805333333
3044,TEQUILA ROSE STAW,,,Tequila & Mezcal,30.24,8559215535
3045,TEREMANA ANEJO,750 ml,,Tequila & Mezcal,54.44,5001564012
3046,Tequila Corazon,1.75 L,Single,Tequila & Mezcal,42.92,8800406977
3047,Tequila Reposado 100 Anos,750 ml,,Tequila & Mezcal,31.45,8068683316
3048,Tequila Rose,1.75 L,,Tequila & Mezcal,48.39,8559212102
3049,Tequila Rose,375 ml,,Tequila & Mezcal,16.93,8559212106
3050,Tequila Rose,50 ml,,Tequila & Mezcal,1.71,8559212108
3051,Tequila Rose,750 ml,,Tequila & Mezcal,30.24,8559212104
3052,Teremana Repesado,1 L,,Tequila & Mezcal,49.6,5001564005
3053,Teremana Reposado,1.75 L,Single,Tequila & Mezcal,83.48,5001564010
3054,Teremana Reposado,375 ml,,Tequila & Mezcal,26.61,5001564001
3055,Teremana Reposado,50 ml,,Tequila & Mezcal,6.04,5001564011
3056,Teremana Reposado,750 ml,Single,Tequila & Mezcal,43.55,5001564020
3057,Teremana Teq,1 L,,Tequila & Mezcal,44.76,5001564004
3058,Viva Tequila Grapefruit,355 ml,4-Pack,Tequila & Mezcal,18.14,6000717991
3059,Viva Tequila Huckleberry,355 ml,4-Pack,Tequila & Mezcal,18.14,6000717990
3060,Viva Tequila Jalapeno,355 ml,4-Pack,Tequila & Mezcal,18.14,6000717995
3061,Viva Tequila Variaty,355 ml,8-Pack,Tequila & Mezcal,35.08,6000717994
3062,Zarpado Anejo,750 ml,Single,Tequila & Mezcal,48.39,1087902714
3063,Zarpado Reposado,750 ml,,Tequila & Mezcal,36.29,1087902363
3064,barcelo anejo 750,,,Tequila & Mezcal,25.4,5698100017
3065,coppa tequila,750 ml,,Tequila & Mezcal,19.35,8.71244E+12
3066,donjulio 70 anejo,750 ml,,Tequila & Mezcal,90.74,7454500082
3067,jimador 1 L,,,Tequila & Mezcal,33.87,4460706830
3068,lunazul reposado,375 ml,,Tequila & Mezcal,19.35,9674900137
3069,patron silver 1 litr,,,Tequila & Mezcal,84.69,2173300520
3070,sauza silver,50 ml,,Tequila & Mezcal,1.43,8068683290
3071,Camel BLUE,,,Tobacco,18.14,1230739
3072,Camel CRUSH,,,Tobacco,18.14,1230019741
3073,Camel Crusgh Menthol,,,Tobacco,18.14,1230050989
3074,Camel Crush $1 Off,,,Tobacco,17.24,1230091260
3075,Camel Crush Menthol,,,Tobacco,18.45,1239332
3076,Camel Filter,,,Tobacco,18.45,1230331
3077,Camel NON-FILTER,,,Tobacco,25.4,1230137
3078,Cigar Zin,750 ml,,Tobacco,19.35,3914600590
3079,Kool 100,,,Tobacco,19.35,9057330
3080,Kool Shorts,,,Tobacco,19.35,9057233
3081,Marlboro 27,,,Tobacco,18.45,2826428
3082,Marlboro GOLD 100,,,Tobacco,18.45,2846529
3083,Marlboro GREEN 72's,,,Tobacco,18.45,2896223
3084,Marlboro Gold,,,Tobacco,18.45,2838423
3085,Marlboro Light 72's,,,Tobacco,18.45,2896524
3086,Marlboro Menthol,,,Tobacco,18.45,2836124
3087,Marlboro Menthol 100,,,Tobacco,18.45,2836425
3088,Marlboro Menthol GOLD,,,Tobacco,18.45,2840127
3089,Marlboro Menthol GOLD 100,,,Tobacco,18.45,2847120
3090,Marlboro Menthol SILVER,,,Tobacco,18.45,2848129
3091,Marlboro Menthol SILVER 100,,,Tobacco,18.45,2848527
3092,Marlboro RED 100,,,Tobacco,18.45,2836328
3093,Marlboro RED 72's,,,Tobacco,18.45,2896320
3094,Marlboro RED LABEL,,,Tobacco,18.45,2836823
3095,Marlboro Red,,,Tobacco,18.45,2835727
3096,Marlboro Red Label 100,,,Tobacco,18.45,2836920
3097,Marlboro SILVER,,,Tobacco,18.49,2847722
3098,Marlboro SILVER 100,,,Tobacco,18.45,2847829
3099,Marlboro Special Select,,,Tobacco,18.45,2856827
3100,Marlboro Specialselect 100,,,Tobacco,18.14,2842329
3101,NEWPORT PLATINUM,,,Tobacco,18.45,2610001628
3102,Newport,,,Tobacco,18.49,2657512
3103,Newport 100,,,Tobacco,18.49,2657318
3104,Newport 100S,,,Tobacco,16.93,2610001685
3105,Newport Blue,,,Tobacco,18.45,2658317
3106,Newport Blue 100,,,Tobacco,18.45,2658016
3107,Newport Gold Menthol,,,Tobacco,18.45,2657619
3108,Newport Gold Menthol 100,,,Tobacco,18.45,2657211
3109,Newport Platinum 100,,,Tobacco,24.5,2610001637
3110,Newport Red,,,Tobacco,18.33,2665618
3111,Newport Red 100,,,Tobacco,18.33,2665715
3112,Newport Shots,,,Tobacco,18.14,2610001688
3113,Pall Mall Menthol 100,,,Tobacco,23.29,2786520
3114,Pall Mall NF,,,Tobacco,24.19,4331635
3115,Pall Mall Red 100,,,Tobacco,19.35,2786724
3116,Pall Malll Blue 100,,,Tobacco,19.35,2786229
3117,Parliament,,,Tobacco,20.56,2878421
3118,Parliament 100,,,Tobacco,20.56,2879129
3119,Parliament Menthol,,,Tobacco,20.56,2878722
3120,Seneca Cigar,,,Tobacco,1.82,4450400150
3121,Tareyton 100,,,Tobacco,23.29,4332838
3122,Winston 100,,,Tobacco,14.45,9055837
3123,Winston GOLD,,,Tobacco,17.9,9055934
3124,marlboro-special blends,,,Tobacco,18.14,2842222
3125,ABSOLUT GRAPE FRUIT,,,Vodka,26.61,3522901043
3126,ABSOLUT RASBERRY,,,Vodka,4.83,8954053553
3127,ABSOLUTVODKA SODA GREPE,,,Vodka,4.83,8954053551
3128,ANDRE X DRY,750 ml,,Vodka,10.88,8500000748
3129,Absolut,200 ml,,Vodka,10.88,3522900010
3130,Absolut,375 ml,,Vodka,18.14,3522900020
3131,Absolut,750 ml,,Vodka,25.4,3522900030
3132,Absolut Citron,1.75 L,,Vodka,39.92,3522900160
3133,Absolut Citron,375 ml,,Vodka,18.14,3522900120
3134,Absolut Citron,50 ml,,Vodka,2.72,3522900100
3135,Absolut Citronge,750 ml,,Vodka,29.03,3522900130
3136,Absolut Cocktails Classic Cosmopolitan,750 ml,,Vodka,24.19,8954053647
3137,Absolut Cocktails Espresso Martini,750 ml,,Vodka,24.19,8954053648
3138,Absolut Juice Strawberry,,,Vodka,31.45,3522901061
3139,Absolut Mandrin,750 ml,,Vodka,26.61,3522900230
3140,Absolut Ocean Spreay 12Pk Can,355 ml,12-Pack,Vodka,32.66,8043200203
3141,Absolut Pear,750 ml,,Vodka,26.61,3522900133
3142,Absolut Peppar,750 ml,,Vodka,26.61,3522900430
3143,Absolut Tabasco,50 ml,,Vodka,2.72,3522901112
3144,Absolut Tabasco Vodka,750 ml,Single,Vodka,24.19,3522901114
3145,Absolut Vdk,1.75 L,,Vodka,39.92,3522900060
3146,Absolut Vdk Vanilla,750 ml,,Vodka,27.82,3522900630
3147,Absolut Vodka,50 ml,,Vodka,2.65,3522900000
3148,Absolut Wild Berri,750 ml,,Vodka,26.61,3522901106
3149,Absolut juice apple,50 ml,,Vodka,1.08,3522901076
3150,Absolute Cilantro,750 ml,,Vodka,26.61,3522900286
3151,Absolute Citron,200 ml,,Vodka,12.09,3522900110
3152,Absolute Juice Apple,375 ml,,Vodka,6.04,3522901074
3153,Absolute Juice Strawberry,50 ml,,Vodka,1.08,3522901077
3154,Absolute Juice Strawberry 375m,375 ml,,Vodka,6.04,3522901075
3155,Absolute Ocean Spray Cran,12 Oz,8-Pack,Vodka,24.19,8043200125
3156,Absolute Vodka Ocean Spray,355 ml,4-Pack,Vodka,12.09,8043200117
3157,Absolute Watemelon,750 ml,Single,Vodka,26.61,3522901099
3158,Amsterdam Citron,750 ml,,Vodka,18.14,8500002132
3159,Amsterdam Coco,375 ml,,Vodka,9.1,8500002135
3160,Amsterdam Coco,750 ml,,Vodka,18.14,8500002136
3161,Amsterdam Peach,50 ml,,Vodka,1.21,8557801
3162,Amsterdam Pineapple,,,Vodka,6.84,8500002229
3163,Amsterdam Red Berry,750 ml,,Vodka,18.14,8500002032
3164,Amsterdam Tengerine,50 ml,,Vodka,1.2,8568108
3165,Amsterdam Vodka,50 ml,,Vodka,1.2,8588005
3166,Andre Mango Mimosa,750 ml,,Vodka,10.88,8500003697
3167,Andre Mimosa Pinapple,375 ml,,Vodka,4.83,8500003905
3168,Andre Mimosa Swaberry,375 ml,,Vodka,4.83,8500003906
3169,Andre Peach,750 ml,,Vodka,10.88,8500001268
3170,Andre Peach Bellini,750 ml,,Vodka,10.88,8500003432
3171,Andre Pineapl Mimosa,750 ml,,Vodka,10.88,8500003433
3172,Andre Straw. Mimosa,750 ml,,Vodka,10.88,8500003699
3173,Andre Strawberry,,,Vodka,10.88,8500001235
3174,Arizona Hard Vodka 8 Pk Can,12 Oz,8-Pack,Vodka,21.77,1300877208
3175,Aspen Vodka,750 ml,Single,Vodka,36.29,5004943100
3176,BELVEDERE VDK,375 ml,,Vodka,18.14,8175383803
3177,Belvedere,1.75 L,,Vodka,67.75,8711606973
3178,Belvedere,750 ml,,Vodka,38.71,8711606968
3179,Bluebird Hw Vodka Variety,355 ml,Single,Vodka,24.19,6000792878
3180,Burnett Orange,750 ml,,Vodka,12.09,9674920036
3181,CIROC PASSION,750 ml,,Vodka,38.71,8807618739
3182,CIROC POMEGRANATE,,,Vodka,38.71,8807618604
3183,CIROC VS 750,,,Vodka,44.76,8257509
3184,Ciroc,1.75 L,,Vodka,62.91,8807616264
3185,Ciroc,50 ml,,Vodka,2.84,8215309
3186,Ciroc,750 ml,,Vodka,36.29,8807616186
3187,Ciroc Apple,1.75 L,,Vodka,60.49,8807618047
3188,Ciroc Apple,375 ml,,Vodka,21.77,8807618044
3189,Ciroc Apple,750 ml,,Vodka,39.92,8807618045
3190,Ciroc Apple - 1L,,,Vodka,52.02,8807618046
3191,Ciroc Apple - 50Ml,50 ml,Single,Vodka,2.84,8252407
3192,Ciroc Berry,50 ml,,Vodka,2.84,8225801
3193,Ciroc Berry - 1L,,,Vodka,48.39,8807617506
3194,Ciroc Citrus,,,Vodka,60.49,8807618703
3195,Ciroc CoCo,375 ml,,Vodka,21.77,8807617494
3196,Ciroc CoCo,750 ml,,Vodka,39.92,8807617495
3197,Ciroc Coco,1.75 L,,Vodka,62.91,8807617497
3198,Ciroc Coco - 1L,,,Vodka,48.39,8807617496
3199,Ciroc Coconut,50 ml,,Vodka,2.84,8225607
3200,Ciroc French Vanilla,375 ml,,Vodka,21.77,8807618165
3201,Ciroc French Vanilla,50 ml,,Vodka,2.84,8255404
3202,Ciroc French Vanilla,750 ml,,Vodka,39.92,8807618154
3203,Ciroc Honey Melon,750 ml,Single,Vodka,38.71,8807618819
3204,Ciroc Limonata,375 ml,Single,Vodka,21.77,8807618942
3205,Ciroc Limonata,750 ml,,Vodka,31.45,8807618919
3206,Ciroc Mango,1.5 L,,Vodka,67.12,8807618089
3207,Ciroc Mango,375 ml,,Vodka,21.77,8807618068
3208,Ciroc Mango,50 ml,,Vodka,2.84,8253600
3209,Ciroc Mango,750 ml,,Vodka,38.71,8807618069
3210,Ciroc Passion,1.75 L,Single,Vodka,62.91,8807618818
3211,Ciroc Passion,50 ml,Single,Vodka,2.84,8269407
3212,Ciroc Passion,,,Vodka,21.77,8807618816
3213,Ciroc Peach,1.75 L,,Vodka,62.91,8807617742
3214,Ciroc Peach,375 ml,,Vodka,21.77,8807617739
3215,Ciroc Peach,50 ml,,Vodka,2.84,8230803
3216,Ciroc Peach,750 ml,,Vodka,39.92,8807617740
3217,Ciroc Peach - 1L,,,Vodka,48.39,8807617741
3218,Ciroc Pineapple,1.5 L,,Vodka,62.91,8807617910
3219,Ciroc Pineapple,375 ml,,Vodka,21.77,8807617907
3220,Ciroc Pineapple,50 ml,,Vodka,2.84,8237107
3221,Ciroc Pineapple,750 ml,,Vodka,39.92,8807617908
3222,Ciroc Pineapple - 1L,,,Vodka,48.39,8807617909
3223,Ciroc Red Berry,375 ml,,Vodka,21.77,8807617504
3224,Ciroc Red Berry,750 ml,,Vodka,39.92,8807617505
3225,Ciroc Spritz Colada,,,Vodka,18.14,8807618723
3226,Ciroc Summer,50 ml,,Vodka,2.84,8268204
3227,Ciroc Summer Citrus,375 ml,,Vodka,21.77,8807618702
3228,Ciroc Summer Watermelon,1.75 L,Single,Vodka,62.91,8807618548
3229,Ciroc Summer Watermelon,375 ml,,Vodka,21.77,8807618546
3230,Ciroc Vodka,375 ml,,Vodka,21.77,8807616265
3231,Ciroc Vodka 1L,,,Vodka,48.39,8807616187
3232,Ciroc Vodka Gift Pack 750Ml,750 ml,,Vodka,43.55,8807618741
3233,Ciroc White grape,750 ml,,Vodka,39.92,8807618389
3234,Crystal Head,750 ml,Single,Vodka,76.22,2704041281
3235,Crystal Head Vodka,750 ml,,Vodka,56.86,2704041141
3236,Cut Water Vodka,12 Oz,4-Pack,Vodka,18.14,1675102060
3237,Deep Eddy Lemon,1.5 L,,Vodka,38.71,5606500243
3238,Deep Eddy Lemon,50 ml,,Vodka,1.71,5606500240
3239,Deep Eddy Lemon,750 ml,,Vodka,24.19,5606500241
3240,Deep Eddy Lime,50 ml,,Vodka,1.71,1769300000
3241,Deep Eddy Limon,750 ml,,Vodka,22.98,5606500227
3242,Deep Eddy Pineapple,50 ml,,Vodka,1.71,9674900531
3243,Deep Eddy Pineapple,750 ml,,Vodka,24.19,9674900520
3244,Deep Eddy Ruby,50 ml,,Vodka,1.71,5606500211
3245,Deep Eddy Tailgate Pack,50 ml,10-Pack,Vodka,16.93,9674900609
3246,Effen Black Cherry,750 ml,,Vodka,31.45,8068693812
3247,Effen Cucunber,,,Vodka,31.45,8068693824
3248,Effen Green Apple,750 ml,,Vodka,31.45,8068693842
3249,Effen Vodka,750 ml,,Vodka,35.08,8068693805
3250,Everfresh Orange,16 Oz,,Vodka,3.33,7673712230
3251,Everfresh Orange,32 Oz,,Vodka,5.45,7673710902
3252,Everfresh Orange,64 Oz,,Vodka,8.17,7673710723
3253,Everfresh Orange,,,Vodka,3.03,7673712466
3254,FINLANDIA 175L VDK,,,Vodka,38.71,8112807405
3255,FINLANDIA VDK,750 ml,,Vodka,29.03,8112807411
3256,FRIS VODAKA,50 ml,,Vodka,1.09,8800402895
3257,Finlandia Vodka,750 ml,Single,Vodka,26.61,6.44E+12
3258,Flyer Vodka,1.75 L,Single,Vodka,18.14,1087902716
3259,Flyer Vodka,750 ml,Single,Vodka,9.67,1087902717
3260,Fresca Mixed Vodka Spritz,12 Oz,8-Pack,Vodka,24.19,1007878086
3261,Fresca Vodka,12 Oz,4-Pack,Vodka,13.3,1007878068
3262,Grandmarnier Louis Alexandre,750 ml,Single,Vodka,84.69,4918890055
3263,Graves Grain,1.75 L,,Vodka,45.97,8955291121
3264,Graves Grain,750 ml,,Vodka,21.77,8955291123
3265,Graves Grain - 1L,,,Vodka,26.61,8955291122
3266,Grey Goose,1.75 L,,Vodka,60.49,8048028000
3267,Grey Goose,200 ml,,Vodka,13.94,8048028004
3268,Grey Goose,375 ml,,Vodka,21.77,8048028003
3269,Grey Goose Berry Rouge,750 ml,,Vodka,36.29,8048099010
3270,Grey Goose Citron,750 ml,,Vodka,36.29,8048028204
3271,Grey Goose Classic Martini Cocktail,750 ml,,Vodka,26.61,8048098847
3272,Grey Goose Light Gift,1.75 L,,Vodka,60.49,8048098868
3273,Grey Goose Orange,750 ml,,Vodka,36.29,8048028103
3274,Grey Goose Vodka,50 ml,,Vodka,6.04,8048098934
3275,Grey goose,750 ml,,Vodka,36.29,8048098482
3276,Grey goose lemonade,750 ml,,Vodka,36.29,8048098570
3277,Gunner Vodka,1 L,,Vodka,13.3,1087902836
3278,Highnoon Vodka Icetea Peach,,4-Pack,Vodka,14.51,8500043893
3279,IceKube Vodka,750 ml,,Vodka,24.19,3.76018E+12
3280,Ketel One,375 ml,,Vodka,15.72,8807618866
3281,Ketel One,750 ml,,Vodka,26.61,8515651541
3282,Ketel One Cosmo,375 ml,Single,Vodka,15.72,8807618864
3283,Ketel One Cosmo,750 ml,,Vodka,33.87,8807618865
3284,Ketel One Cucu Spritz,,4-Pack,Vodka,18.14,8807618507
3285,Ketel One Lemon Drop Martini,750 ml,,Vodka,31.45,8200080984
3286,Ketel One Peach Spritz,,4-Pack,Vodka,18.14,8807618509
3287,Ketel One Vodka,375 ml,,Vodka,12.09,8515612215
3288,Lucky One Sweet Tea Vodka Variety,355 ml,8-Pack,Vodka,25.4,8500004205
3289,Lusty Claw,750 ml,,Vodka,76.22,4074674908
3290,MEZZALUNA VODKA,,,Vodka,21.77,8017201750
3291,MONKEY VODKA,,,Vodka,36.29,3.76018E+12
3292,Majorska,1.75 L,,Vodka,21.77,8866413458
3293,Majorska,200 ml,,Vodka,3.62,8866445195
3294,Majorska,375 ml,,Vodka,6.04,8866437978
3295,Majorska,750 ml,,Vodka,10.24,8866443877
3296,Majorska 100,750 ml,,Vodka,11.37,8866443885
3297,Majorska 100p,1.75 L,,Vodka,24.19,8866413391
3298,Majorska BLUE,200 ml,,Vodka,4.22,8866445203
3299,Majorska BLUE,375 ml,,Vodka,7.85,8866345203
3300,NEW AMS 100PROOF,,,Vodka,10.88,8500002430
3301,NEW AMS GIN,50 ml,,Vodka,1.21,8567206
3302,NEW AMS. PUNCH,,4-Pack,Vodka,16.93,8500043445
3303,NEW AMS.WILD CARD LEMON,,4-Pack,Vodka,16.93,8500043443
3304,NUE VODKA,50 ml,,Vodka,1.09,7975300212
3305,New Am 100P,50 ml,Single,Vodka,1.43,8564607
3306,New Am Mango,375 ml,,Vodka,9.1,8500002317
3307,New Am Mango,50 ml,,Vodka,1.21,8563404
3308,New Am Mango,750 ml,,Vodka,18.14,8500002318
3309,New Am Mango - 1.75ML,,,Vodka,26.61,8500002320
3310,New Am Pinaple,750 ml,,Vodka,18.14,8500002231
3311,New Am Pineapple,1.75 L,,Vodka,26.61,8500002233
3312,New Am Pineapple,375 ml,,Vodka,9.1,8500002230
3313,New Ams Pink Whitney,1.75 L,,Vodka,27.82,8500003136
3314,New Amst. Passionfruit,1.75 L,,Vodka,26.61,8500003420
3315,New Amsterda lemon,1.75 L,,Vodka,26.61,8500002654
3316,New Amsterdam,1.75 L,,Vodka,26.61,8500001951
3317,New Amsterdam,50 ml,,Vodka,1.71,8540209
3318,New Amsterdam 100 Pf,,,Vodka,6.84,8500002429
3319,New Amsterdam 100 Proof,1.75 L,,Vodka,32.66,8500002456
3320,New Amsterdam 100Proof,750 ml,,Vodka,20.56,8500002431
3321,New Amsterdam Apple,200 ml,,Vodka,6.84,8500002485
3322,New Amsterdam Apple,375 ml,,Vodka,9.1,8500002486
3323,New Amsterdam Apple,50 ml,,Vodka,1.2,8565606
3324,New Amsterdam Apple,750 ml,,Vodka,18.14,8500002487
3325,New Amsterdam Apple - 1.75ML,,,Vodka,26.61,8500002488
3326,New Amsterdam Berry,1.5 L,,Vodka,26.61,8500002167
3327,New Amsterdam Berry,375 ml,,Vodka,9.1,8500002036
3328,New Amsterdam CoCo,1.75 L,,Vodka,26.61,8500002169
3329,New Amsterdam CoCo,50 ml,,Vodka,1.21,8559605
3330,New Amsterdam Coconut,200 ml,,Vodka,6.84,8500002134
3331,New Amsterdam Gin,750 ml,,Vodka,19.35,8500001431
3332,New Amsterdam Grapefruit,1.75 L,,Vodka,26.61,8500002376
3333,New Amsterdam Grapefruit,200 ml,,Vodka,6.84,8500002427
3334,New Amsterdam Grapefruit,50 ml,,Vodka,1.2,8563802
3335,New Amsterdam Grapefruit,750 ml,,Vodka,18.14,8500002356
3336,New Amsterdam Mango,,,Vodka,6.84,8500002316
3337,New Amsterdam Passion Fruit,200 ml,,Vodka,6.84,8500003417
3338,New Amsterdam Peach,1.5 L,,Vodka,26.61,8500002165
3339,New Amsterdam Peach,200 ml,,Vodka,6.84,8500002040
3340,New Amsterdam Peach,375 ml,,Vodka,9.1,8500002039
3341,New Amsterdam Peach,750 ml,,Vodka,18.14,8500002033
3342,New Amsterdam Pink 1Ltr,,,Vodka,21.77,8500003135
3343,New Amsterdam Pink Whitney,,,Vodka,6.84,8500003253
3344,New Amsterdam Pink Whitney 375,,,Vodka,9.1,8500003254
3345,New Amsterdam Red Berry,,,Vodka,6.84,8500002037
3346,New Amsterdam Tangerine,1.75 L,,Vodka,26.61,8500003483
3347,New Amsterdam Tangerine,200 ml,,Vodka,6.84,8500003480
3348,New Amsterdam Tangerine,375 ml,,Vodka,9.1,8500003481
3349,New Amsterdam Tangerine,750 ml,,Vodka,18.14,8500003482
3350,New Amsterdam Vdk,200 ml,,Vodka,6.84,8500001947
3351,New Amsterdam Vodka 375,,,Vodka,9.1,8500001948
3352,New Amsterdam Watermelon,200 ml,,Vodka,6.84,8500003000
3353,New Amsterdam Watermelon,375 ml,,Vodka,9.1,8500003091
3354,New Amsterdam Watermelon,50 ml,,Vodka,1.2,8567400
3355,New Amsterdam berry,50 ml,,Vodka,1.2,8557500
3356,New Amsterdan,750 ml,,Vodka,18.14,8500001949
3357,Nue vodka,1.75 L,,Vodka,26.61,9357361855
3358,Nutrl Vodka Selzer,24Oz,Single,Vodka,4.83,1820026458
3359,Or~G Vodka +Tax,50 ml,,Vodka,1.2,9809300220
3360,Pinnacle,200 ml,,Vodka,4.22,8068692946
3361,Pinnacle,375 ml,,Vodka,7.25,8068601057
3362,Rubinoff Vodka,1.75 L,Single,Vodka,12.09,8955210011
3363,SMIRNOFF 100P,200 ml,,Vodka,7.25,8201209
3364,SMIRNOFF 100P,375 ml,,Vodka,13.3,8256209
3365,SMIRNOFF CUCU&LIME,,,Vodka,19.35,8200079082
3366,SMIRNOFF CUCUMBER /LIME,50 ml,,Vodka,1.43,8261405
3367,SMIRNOFF PEACH,375 ml,,Vodka,9.67,8200078664
3368,SMIRNOFF STR.BERRY,375 ml,,Vodka,9.67,8200079357
3369,SMIRNOFF STRA&ROSE,750 ml,,Vodka,19.35,8200079081
3370,SMIRNOFF VANILA,,,Vodka,9.67,8200078821
3371,SMIRNOFF WATERMALON,750 ml,,Vodka,19.35,8200079080
3372,STOLI LIME,750 ml,,Vodka,14.51,1175102290
3373,Seagram Vodka 175liter,,,Vodka,26.61,2081598604
3374,Silver Star Vodka,750 ml,Single,Vodka,8.46,4826070477
3375,Skyline Vodka,1.75 L,Single,Vodka,16.93,5413200717
3376,Skyline Vodka,750 ml,Single,Vodka,10.88,5413200727
3377,Skyy,1.75 L,,Vodka,26.61,2105901750
3378,Skyy,750 ml,,Vodka,20.56,2105900750
3379,Skyy Blood Orange,750 ml,,Vodka,20.56,2105983750
3380,Smirnoff 80proof,750 ml,,Vodka,18.14,8200000006
3381,Smirnoff Apple,1.75 L,,Vodka,26.61,8200000103
3382,Smirnoff Apple,12 Oz,6-Pack,Vodka,13.3,8200072751
3383,Smirnoff Apple,750 ml,,Vodka,19.35,8200000104
3384,Smirnoff Apple - 1L,,,Vodka,22.98,8200000102
3385,Smirnoff Blue Rasberry,750 ml,,Vodka,18.14,8200080218
3386,Smirnoff Blue Raspberry,12 Oz,Single,Vodka,2.26,8200079870
3387,Smirnoff Cherry,1.75 L,,Vodka,26.61,8200073151
3388,Smirnoff Cherry,50 ml,,Vodka,1.43,8214009
3389,Smirnoff Cherry,750 ml,,Vodka,19.35,8200073153
3390,Smirnoff Cran Apple,50 ml,Single,Vodka,1.14,8251806
3391,Smirnoff Expresso 100p,50 ml,,Vodka,1.43,8226208
3392,Smirnoff Grape,1.75 L,,Vodka,26.61,8200074045
3393,Smirnoff Grape,12 Oz,6-Pack,Vodka,13.3,8200073214
3394,Smirnoff Grape,750 ml,,Vodka,19.35,8200074043
3395,Smirnoff Grape Single,,,Vodka,2.42,8200073213
3396,Smirnoff Green Apple,12 Oz,Single,Vodka,2.41,8200072747
3397,Smirnoff Green Apple,50 ml,,Vodka,1.43,8210003
3398,Smirnoff Grn Apple,375 ml,,Vodka,9.67,8200000111
3399,Smirnoff Lemon,50 ml,,Vodka,1.43,8261900
3400,Smirnoff Mango,12 Oz,6-Pack,Vodka,13.3,8200074344
3401,Smirnoff Orange,12 Oz,6-Pack,Vodka,13.3,8200080911
3402,Smirnoff Orange,375 ml,,Vodka,9.67,8200078820
3403,Smirnoff Party Bottles,12 Oz,12-Pack,Vodka,22.98,8200072908
3404,Smirnoff Peach,,6-Pack,Vodka,13.3,8200076600
3405,Smirnoff Pepermnt,750 ml,,Vodka,19.35,8200077583
3406,Smirnoff Pineapple,1.75 L,,Vodka,26.61,8200074733
3407,Smirnoff Pineapple,12 Oz,6-Pack,Vodka,13.3,8200074784
3408,Smirnoff Pineapple,50 ml,,Vodka,1.43,8224404
3409,Smirnoff Pineapple,750 ml,,Vodka,19.35,8200074731
3410,Smirnoff Pink,12 Oz,Single,Vodka,2.41,8200079722
3411,Smirnoff Pink Lemonade,1.75 L,,Vodka,26.61,8200079721
3412,Smirnoff Ras,1.75 L,,Vodka,26.61,8200072399
3413,Smirnoff Rasberry,1.75 L,,Vodka,26.61,8200080429
3414,Smirnoff Rasberry,50 ml,,Vodka,1.43,8240004
3415,Smirnoff Rasberry,,6-Pack,Vodka,13.3,8200072754
3416,Smirnoff Raspberry,750 ml,,Vodka,19.35,8200000396
3417,Smirnoff Razz Single,,,Vodka,2.72,8200072750
3418,Smirnoff Red Whiite&Berry,750 ml,,Vodka,19.35,8200077863
3419,Smirnoff Red White,,6-Pack,Vodka,13.3,8200078250
3420,Smirnoff Red White & Berry,50 ml,Single,Vodka,1.43,8253202
3421,Smirnoff Red White Berry,12 Oz,Single,Vodka,2.41,8200078249
3422,Smirnoff Red.White&Berry,1.5 L,,Vodka,26.61,8200078810
3423,Smirnoff Red.White&Merry,750 ml,,Vodka,19.35,8200080481
3424,Smirnoff Screwdriver,12 Oz,6-Pack,Vodka,13.3,8200075748
3425,Smirnoff Screwdriver,,,Vodka,2.12,8200075747
3426,Smirnoff Smash Vodka Soda,12 Oz,8-Pack,Vodka,22.98,8200080655
3427,Smirnoff Spicy Tamarind,750 ml,,Vodka,21.77,8200078353
3428,Smirnoff Straw,1.75 L,,Vodka,26.61,8200072936
3429,Smirnoff Strawberry,1.75 L,,Vodka,26.61,8200080430
3430,Smirnoff Strawberry,50 ml,Single,Vodka,2.0,8200072932
3431,Smirnoff Strawberry,750 ml,,Vodka,19.35,8200072934
3432,Smirnoff Tamarind,50 ml,,Vodka,1.2,8255200
3433,Smirnoff Vanilla Vdk,1.75 L,,Vodka,29.03,8200072404
3434,Smirnoff Vanilla vdk,750 ml,,Vodka,19.35,8200000401
3435,Smirnoff Vodka,1.75 L,Single,Vodka,24.19,8200072760
3436,Smirnoff Watermelon,750 ml,,Vodka,19.35,8200000117
3437,Smirnoff Watermln,1.75 L,,Vodka,26.61,8200000127
3438,Smirnoff ras,375 ml,,Vodka,9.67,8200000114
3439,Smoke Lab Vodka,50 ml,Single,Vodka,1.2,8.90211E+12
3440,Sobieski,1.75 L,,Vodka,26.61,8901600819
3441,Sobieski - 1.75,,,Vodka,27.82,8901600849
3442,Sobieski CoCo - 1L,,,Vodka,18.14,8901601383
3443,Sobieski Cytron,1.75 L,,Vodka,26.61,8901601105
3444,Sobieski Expresso,1 L,Single,Vodka,18.14,8901601220
3445,Sprinter Vodka Soda,12 Oz,8-Pack,Vodka,26.61,5005654504
3446,Stateside Vodka Party Pack 8Pk,12 Oz,8-Pack,Vodka,24.19,5002560518
3447,Stoli,1.75 L,,Vodka,43.55,1175102004
3448,Stoli,750 ml,,Vodka,31.45,1175102000
3449,Sun Cruiser Blueberry Lemonade+Vodka,12 Oz,8-Pack,Vodka,24.19,8769202413
3450,Sunny D Purple Vodka,12 Oz,4-Pack,Vodka,12.09,5020000353
3451,Sunny D Vodka,12 Oz,4-Pack,Vodka,12.09,5020000329
3452,Sunny D Vodka Orange Pineapple,12 Oz,4-Pack,Vodka,12.09,5020000357
3453,Sunny D Vodka Strawberry,12 Oz,4-Pack,Vodka,12.09,5020000356
3454,Sunnyd Vodka Single,355 ml,Single,Vodka,3.62,5020000341
3455,Surf Side Green Tea Lemoned+ Vodka,12 Oz,4-Pack,Vodka,14.51,5005007184
3456,Surf Side Iced Tea + Vodka,12 Oz,4-Pack,Vodka,14.51,5002560521
3457,Surf Side Mango Green Tea +Vodka,12 Oz,4-Pack,Vodka,14.51,1017136011
3458,Surf Side Peach Green Tea + Vodka,12 Oz,4-Pack,Vodka,14.51,1017136003
3459,Svedka,375 ml,,Vodka,9.67,1776811375
3460,Svedka,750 ml,,Vodka,18.14,1776811175
3461,Svedka Blue Rasp,375 ml,,Vodka,9.67,1776820137
3462,Svedka Blue Rasp,750 ml,,Vodka,18.14,1776820175
3463,Svedka Blue Rasp - 1.75ML,1.75 L,Single,Vodka,24.19,1776820117
3464,Svedka Blue Raspberry,1.75 L,Single,Vodka,24.19,8800407120
3465,Svedka Citron,1.75 L,,Vodka,26.61,1776812517
3466,Svedka Citron,750 ml,Single,Vodka,16.93,1776812575
3467,Svedka Cucumber,1.75 L,Single,Vodka,24.19,1776816117
3468,Svedka Cucumber Lime,750 ml,Single,Vodka,16.93,1776816175
3469,Svedka Dragonfruit Melon,750 ml,,Vodka,18.14,1776824175
3470,Svedka Ginger Lime,750 ml,Single,Vodka,16.93,1776825175
3471,Svedka Mango Pineapple,750 ml,Single,Vodka,16.93,1776815175
3472,Svedka Mango Pinn,1.75 L,Single,Vodka,24.19,1776815117
3473,Svedka Mango Pnaple,375 ml,,Vodka,9.67,1776815137
3474,Svedka Peach,1.5 L,,Vodka,24.19,1776817117
3475,Svedka Peach,750 ml,,Vodka,16.93,1776817175
3476,Svedka Rasp,750 ml,,Vodka,18.14,1776812475
3477,Svedka Raspberry,1.75 L,,Vodka,26.61,1776812417
3478,Svedka Raspberry,750 ml,Single,Vodka,16.93,8800407211
3479,Svedka Rose,1.75 L,Single,Vodka,24.19,1776822117
3480,Svedka Straw / Lemon,750 ml,Single,Vodka,16.93,1776814175
3481,Svedka Straw Lemon,375 ml,,Vodka,9.67,1776814137
3482,Svedka Strawberry Guava,750 ml,,Vodka,18.14,1776823175
3483,Svedka Strawberry Lemonade,1.75 L,Single,Vodka,24.19,1776814117
3484,Svedka Vanilla,375 ml,Single,Vodka,9.67,8800407194
3485,Svedka Vodka,1.75 L,,Vodka,22.98,1776811117
3486,Tanqueray Sterling Vodka,1.75 L,Single,Vodka,30.24,8811011108
3487,The Muff Liquor Company Vodka,700 ml,Single,Vodka,38.71,4020227602
3488,Three Olives Grape,750 ml,,Vodka,25.4,1153801534
3489,Three Olives Vodka,750 ml,,Vodka,25.4,1153801519
3490,Tito,,4-Pack,Vodka,10.88,1994700045
3491,Tito's,200 ml,,Vodka,9.67,1994700004
3492,Tito's,375 ml,,Vodka,16.93,1994700005
3493,Tito's,50 ml,,Vodka,3.09,1994700006
3494,Tito's - 1L,,,Vodka,32.66,1994700001
3495,Titos,750 ml,,Vodka,26.61,1994700002
3496,Titos Vodka,1.75 L,,Vodka,39.92,1994700003
3497,Tommy Gun Vodka,,,Vodka,84.69,7475600011
3498,Upstate Vodka,750 ml,Single,Vodka,20.56,9854558401
3499,V One Vodka,750 ml,,Vodka,31.45,5038600102
3500,aBSOLUTE lime,750 ml,,Vodka,27.82,3522901027
3501,absolut water melon,50 ml,,Vodka,1.43,3522901097
3502,amsterdam pink whitney,750 ml,,Vodka,19.35,8500002962
3503,ciroc Spritz Pineapple,,,Vodka,18.14,8807618720
3504,ciroc citrus,750 ml,,Vodka,39.92,8807618539
3505,ciroc spritz sunset citrus,,,Vodka,18.14,8807618721
3506,ciroc spritzer watermelon,,,Vodka,18.14,8807618719
3507,ciroc watermelon,750 ml,,Vodka,38.71,8807618372
3508,ciroc watra melon,50 ml,,Vodka,2.84,8264004
3509,deep eddyvodaka,750 ml,,Vodka,22.98,5606500203
3510,finlandia w.berry,750 ml,,Vodka,24.19,8112800291
3511,smirnoff grape,50 ml,,Vodka,1.43,8217802
3512,smirnoff green apple,375 ml,,Vodka,9.67,8246008
3513,three olives 1.75ml,,,Vodka,33.87,1153801521
3514,1920 Brandy,1 L,,Whiskey & Cognac,26.61,5.01028E+12
3515,99 Butterscotch,50 ml,Single,Whiskey & Cognac,1.43,8066001011
3516,ABERFELDY WHISKEY,750 ml,,Whiskey & Cognac,67.75,8048022000
3517,Alberta Pre Rye Whiskey,750 ml,Single,Whiskey & Cognac,19.35,8068682046
3518,American Brandy,200 ml,Single,Whiskey & Cognac,48.39,4.85003E+12
3519,American Brandy Bucking Horse,375 ml,,Whiskey & Cognac,43.74,5611800106
3520,American Brandy Glass Revolver,200 ml,,Whiskey & Cognac,38.03,4.85002E+12
3521,American Brandy Motorcycle Rider,375 ml,Single,Whiskey & Cognac,48.39,4.85003E+12
3522,American Metal Whiskey,750 ml,Single,Whiskey & Cognac,49.6,4735158990
3523,American Metal Whiskey Knuckle,750 ml,Single,Whiskey & Cognac,60.49,9928494360
3524,Angel's Envy,750 ml,,Whiskey & Cognac,67.75,5004700300
3525,Angels Envy,375 ml,,Whiskey & Cognac,33.87,8048098778
3526,Angels Envy,750 ml,,Whiskey & Cognac,120.99,5004700306
3527,Angels Envy Gift,,,Whiskey & Cognac,72.59,8048098773
3528,Angels Envy Triple Oak,750 ml,,Whiskey & Cognac,120.99,8048098957
3529,Ao Suntory Whiskey,750 ml,Single,Whiskey & Cognac,78.64,8068695738
3530,Armenian Adam Brandy,375 ml,Single,Whiskey & Cognac,48.39,4.85E+12
3531,Armenian Brandy Ceramic Saxophone,750 ml,,Whiskey & Cognac,42.34,4.85003E+12
3532,Armenian Brandy Elephant,375 ml,,Whiskey & Cognac,48.39,4.85002E+12
3533,Armenian Brandy Fish,375 ml,,Whiskey & Cognac,48.39,5611800103
3534,Armenian Brandy Kalashnikov,375 ml,,Whiskey & Cognac,48.39,7735800042
3535,Armenian Brandy Queen Anna,750 ml,,Whiskey & Cognac,60.49,4.85E+12
3536,Armenian Brandy Sword,750 ml,,Whiskey & Cognac,60.49,5611800112
3537,BASIL HAYDEN,375 ml,,Whiskey & Cognac,44.76,8068601212
3538,BASIL HAYDEN TOAST,750 ml,,Whiskey & Cognac,72.59,8068601234
3539,BLACK VELVET 1.75ML,,,Whiskey & Cognac,22.98,9674900304
3540,BT Bourbon Cream,750 ml,,Whiskey & Cognac,41.13,8024400371
3541,BUCHANAN'S,200 ml,,Whiskey & Cognac,13.3,8807618117
3542,BUCHANANS 12YR 1L,,,Whiskey & Cognac,56.86,8811095530
3543,BUCHANANS15YR SELECT,,,Whiskey & Cognac,90.74,8807618269
3544,BULLEIT RYE,200 ml,,Whiskey & Cognac,14.51,8262802
3545,Badel Sljivovica Brandy,1 L,,Whiskey & Cognac,38.71,3.85011E+12
3546,Bakers Bourbon 7Yrs,750 ml,,Whiskey & Cognac,84.69,8068601540
3547,Bardstown Rye Bourbon,750 ml,Single,Whiskey & Cognac,70.17,5755200840
3548,Basil Hayden,750 ml,,Whiskey & Cognac,108.89,8068600295
3549,Basil Haydens 8yrs,750 ml,,Whiskey & Cognac,67.75,8068601240
3550,Bird Dog 10 Years,,,Whiskey & Cognac,39.92,1245901391
3551,Blade And Bon,750 ml,Single,Whiskey & Cognac,77.43,8249801
3552,Bladnoch Scotch Whisky,750 ml,Single,Whiskey & Cognac,27.82,5137000617
3553,Blanton Bourbon,750 ml,,Whiskey & Cognac,128.25,8024400203
3554,Buchanan 21yrs,,,Whiskey & Cognac,193.59,8807617008
3555,Buchanan Pineaple,375 ml,Single,Whiskey & Cognac,24.19,8807618934
3556,Buchanan Pineapple,750 ml,,Whiskey & Cognac,45.97,8807618836
3557,Buchanan Pineapple 750,750 ml,,Whiskey & Cognac,45.97,8807618724
3558,Buchanan's 12y,1.75 L,,Whiskey & Cognac,81.06,8811095531
3559,Buchanan's 12y,375 ml,,Whiskey & Cognac,21.77,8811095533
3560,Buchanan's Green Seal,750 ml,Single,Whiskey & Cognac,120.99,8807619056
3561,Buchanans,50 ml,,Whiskey & Cognac,3.24,8200000549
3562,Buchanans 12yrs,750 ml,,Whiskey & Cognac,44.76,8811095532
3563,Buchanans 18yr Special Rsv,,,Whiskey & Cognac,90.74,8811095534
3564,Buchanans Gift,750 ml,,Whiskey & Cognac,44.76,8807618930
3565,Buchanans Pineapple,1.75 L,Single,Whiskey & Cognac,81.06,8807619025
3566,Buffalo Trace,750 ml,,Whiskey & Cognac,60.49,8024400923
3567,Bulleit Bourbon,200 ml,,Whiskey & Cognac,14.51,8741309
3568,Bulleit Bourbon,375 ml,,Whiskey & Cognac,26.61,8700000412
3569,Bulleit Bourbon,750 ml,,Whiskey & Cognac,42.34,8200075296
3570,Bulleit Bourbon Gift Box,750 ml,,Whiskey & Cognac,42.34,8200080108
3571,Bulleit Old Fashioned,100 ml,4-Pack,Whiskey & Cognac,19.35,8200081148
3572,Bulleit Rey,50 ml,Single,Whiskey & Cognac,4.83,8268602
3573,Bulleit Rye SB,375 ml,,Whiskey & Cognac,24.19,8200076608
3574,Bulliet Bourbon,1.75 L,,Whiskey & Cognac,62.91,8700000404
3575,Bulliet Bourbon,750 ml,,Whiskey & Cognac,42.34,8700000552
3576,Bushmills,50 ml,,Whiskey & Cognac,2.21,1153801619
3577,CHRISTMAS WHISKEY,750 ml,,Whiskey & Cognac,43.55,5397100420
3578,COURVOISIER,100 ml,,Whiskey & Cognac,8.46,8068696111
3579,CROWN ROYAL COLA,,4-Pack,Whiskey & Cognac,18.14,8200079625
3580,CROWN ROYAL PEACH TEA,,,Whiskey & Cognac,18.14,8200079621
3581,Canadian Club,1.75 L,,Whiskey & Cognac,25.4,8068682112
3582,Canadian Club,750 ml,,Whiskey & Cognac,19.35,8068682105
3583,Canadian Club Apple,,,Whiskey & Cognac,1.14,8068681820
3584,Chivas,375 ml,,Whiskey & Cognac,25.4,8043240038
3585,Chivas Regal,1.75 L,,Whiskey & Cognac,72.59,8043240046
3586,Chivas Regal,200 ml,,Whiskey & Cognac,14.51,8043240036
3587,Chivas Regal,750 ml,,Whiskey & Cognac,42.34,8043240039
3588,Chivas Regal 15Yr,750 ml,,Whiskey & Cognac,61.7,8043200066
3589,Chivas Regal 18 Yr,1 L,Single,Whiskey & Cognac,114.94,8043210380
3590,Chivas Regal 18yrs,750 ml,,Whiskey & Cognac,105.26,8043240048
3591,Chivas Regal 25 Years,750 ml,Single,Whiskey & Cognac,483.99,8043210404
3592,Chivas Royal Salute 21y,750 ml,,Whiskey & Cognac,302.49,8043240052
3593,Cleveland Bourbon Whiskey,750 ml,Single,Whiskey & Cognac,30.24,5397100403
3594,Courvoisier,200 ml,,Whiskey & Cognac,12.09,1011807004
3595,Courvoisier,375 ml,,Whiskey & Cognac,24.19,1011807005
3596,Courvoisier,50 ml,,Whiskey & Cognac,3.98,8068696107
3597,Courvoisier,750 ml,,Whiskey & Cognac,43.55,8068696104
3598,Courvoisier Vs,1.75 L,,Whiskey & Cognac,90.74,8068696102
3599,Cr&f brandy,750 ml,,Whiskey & Cognac,42.34,4480730126
3600,Crown Royal,1.75 L,,Whiskey & Cognac,60.49,8700070060
3601,Crown Royal,200 ml,,Whiskey & Cognac,12.09,8700000727
3602,Crown Royal,375 ml,,Whiskey & Cognac,20.56,8700000760
3603,Crown Royal,750 ml,,Whiskey & Cognac,36.29,8200080840
3604,Crown Royal Apple,50 ml,,Whiskey & Cognac,2.41,8245805
3605,Crown Royal Apple,750 ml,,Whiskey & Cognac,36.29,8200077156
3606,Crown Royal Blackberry,375 ml,Single,Whiskey & Cognac,20.56,8200080953
3607,Crown Royal Blackberry,50 ml,Single,Whiskey & Cognac,2.57,8271509
3608,Crown Royal Chocolate,750 ml,Single,Whiskey & Cognac,42.34,8200081105
3609,Crown Royal Lemonade,12 Oz,4-Pack,Whiskey & Cognac,18.14,8200079865
3610,Crown Royal Marques,750 ml,Single,Whiskey & Cognac,45.97,8200080961
3611,Crown Royal Northern,750 ml,,Whiskey & Cognac,35.08,8200077337
3612,Crown Royal Peach,375 ml,,Whiskey & Cognac,20.56,8200079539
3613,Crown Royal Rye,375 ml,,Whiskey & Cognac,12.09,8200077336
3614,Crown Royal Rye,50 ml,,Whiskey & Cognac,2.44,8249704
3615,Crown Royal Rye,,,Whiskey & Cognac,31.45,8200077338
3616,Crown Royal Vanilla,375 ml,,Whiskey & Cognac,20.56,8200077658
3617,Crown Royal Vanilla,750 ml,,Whiskey & Cognac,42.34,8200077659
3618,Crown Royal Varity,12 Oz,8-Pack,Whiskey & Cognac,24.19,8200080556
3619,Crown Royal XO,750 ml,,Whiskey & Cognac,48.39,8200000382
3620,DEWAR'S 15YRS,50 ml,,Whiskey & Cognac,5.69,8048098578
3621,DEWAR'S 18YRS,50 ml,,Whiskey & Cognac,6.82,8048098582
3622,DOS MADERAS,750 ml,,Whiskey & Cognac,36.29,8678564325
3623,DREGON FIRE SINGLE,,,Whiskey & Cognac,3.35,9861498548
3624,De Ville Brandy,750 ml,Single,Whiskey & Cognac,15.72,9674935136
3625,Dewar's 15 Years,750 ml,,Whiskey & Cognac,72.59,8048000522
3626,Deware's Caribbean Smooth,750 ml,,Whiskey & Cognac,29.03,8048098451
3627,Dewars,1.75 L,,Whiskey & Cognac,52.02,8048023000
3628,Dewars,200 ml,,Whiskey & Cognac,12.09,8048023005
3629,Dewars,375 ml,,Whiskey & Cognac,18.14,8048023003
3630,Dewars,50 ml,,Whiskey & Cognac,1.6,8048023007
3631,Dewars,750 ml,,Whiskey & Cognac,31.45,8048023002
3632,Dewars 8Years,750 ml,,Whiskey & Cognac,30.24,8048098816
3633,Dewars Japanese Smooth,750 ml,,Whiskey & Cognac,35.08,8048098718
3634,Dewars Portuguese Smooth,750 ml,,Whiskey & Cognac,31.45,8048098606
3635,Dewars Rsv 12yr,750 ml,,Whiskey & Cognac,48.39,8048023102
3636,Diamond Armenian Vsop Brandy,750 ml,,Whiskey & Cognac,29.03,4.85E+12
3637,Diamond Brandy,750 ml,,Whiskey & Cognac,43.55,5611800107
3638,Dickel Bourbon 8Yrs,750 ml,Single,Whiskey & Cognac,48.39,8200079718
3639,Distillers Reserve Bourbon Whiskey,750 ml,Single,Whiskey & Cognac,36.29,3616019027
3640,Distillers Reserve Rye Whiskey,750 ml,,Whiskey & Cognac,36.29,3616019035
3641,Dos Maderas 5+5,750 ml,Single,Whiskey & Cognac,48.39,8678564326
3642,E & J,1 L,Single,Whiskey & Cognac,20.56,8500000418
3643,E & J,1.75 L,Single,Whiskey & Cognac,30.24,8500000415
3644,E & J Apple,750 ml,,Whiskey & Cognac,16.93,8500002404
3645,E & J Peach,750 ml,Single,Whiskey & Cognac,16.93,8500002411
3646,E & J Vanilla,750 ml,,Whiskey & Cognac,16.93,8500002575
3647,E & J XO,50 ml,,Whiskey & Cognac,2.27,8500000911
3648,E & J Xo,1.75 L,Single,Whiskey & Cognac,35.08,8500001882
3649,E&J,200 ml,,Whiskey & Cognac,5.69,8500000421
3650,E&J,375 ml,,Whiskey & Cognac,9.1,8500000426
3651,E&J,750 ml,,Whiskey & Cognac,15.72,8500000413
3652,E&J Apple,1.75 L,,Whiskey & Cognac,31.45,8500002406
3653,E&J Apple,200 ml,,Whiskey & Cognac,6.04,8500002402
3654,E&J Apple,375 ml,,Whiskey & Cognac,9.67,8500002403
3655,E&J Apple,50 ml,,Whiskey & Cognac,1.43,8500002400
3656,E&J PEACH,200 ml,,Whiskey & Cognac,6.04,8500002409
3657,E&J Peach,50 ml,,Whiskey & Cognac,1.43,8500002277
3658,E&J V.S.O.P,50 ml,,Whiskey & Cognac,1.43,8538602
3659,E&J VANILLA,200 ml,,Whiskey & Cognac,6.04,8500002573
3660,E&J VANILLA,50 ml,,Whiskey & Cognac,1.43,8500002572
3661,E&J VS,50 ml,,Whiskey & Cognac,1.43,8534004
3662,E&J VSOP,1.75 L,,Whiskey & Cognac,30.24,8500000393
3663,E&J VSOP,200 ml,,Whiskey & Cognac,6.64,8500000379
3664,E&J VSOP,375 ml,,Whiskey & Cognac,9.67,8500000383
3665,E&J VSOP,750 ml,,Whiskey & Cognac,16.93,8500000381
3666,E&J Vanilla,375 ml,,Whiskey & Cognac,9.67,8500002574
3667,E&J XO,200 ml,,Whiskey & Cognac,7.25,8500000925
3668,E&J XO,375 ml,,Whiskey & Cognac,10.88,8500000920
3669,E&J XO,750 ml,,Whiskey & Cognac,19.35,8500000915
3670,E&J XO,,,Whiskey & Cognac,1.43,8591106
3671,E&J vsop 1L,,,Whiskey & Cognac,22.98,8500000382
3672,Elijah Craig 12yrs,750 ml,,Whiskey & Cognac,47.18,9674900006
3673,Elijah Craig Rye,375 ml,,Whiskey & Cognac,25.4,9674900398
3674,Elijah Craig Toasted Barrel,750 ml,Single,Whiskey & Cognac,96.79,9674900287
3675,Evan Williams,50 ml,,Whiskey & Cognac,1.43,9674902184
3676,Evan Williams 1783,750 ml,,Whiskey & Cognac,31.45,9674900298
3677,Evan Williams Bib,750 ml,Single,Whiskey & Cognac,30.24,9674902137
3678,Evan Williams Black,1.75 L,,Whiskey & Cognac,36.29,9674902114
3679,Evan williams Black,750 ml,,Whiskey & Cognac,22.98,9674902134
3680,FOUR ROSES SINGLE BARREL,,,Whiskey & Cognac,68.96,4006340002
3681,Four Roses Small Batch,750 ml,,Whiskey & Cognac,48.39,4006340031
3682,Fundaaor Brandy,750 ml,,Whiskey & Cognac,22.98,5695000801
3683,Fundador Brandy,1 L,Single,Whiskey & Cognac,30.24,5695000802
3684,George Dickel Tennessee,1 L,Single,Whiskey & Cognac,36.29,8807600622
3685,Glenfiddich 12y,750 ml,,Whiskey & Cognac,73.8,8366410736
3686,Glenfiddich 14 Years,375 ml,Single,Whiskey & Cognac,42.34,8366487546
3687,Glenfiddich 14yrs,750 ml,,Whiskey & Cognac,89.53,8366487346
3688,Glenfiddich 15YR,750 ml,,Whiskey & Cognac,108.89,8366499040
3689,Glenfiddich 16 Years Ast Martin,750 ml,,Whiskey & Cognac,120.99,8366487541
3690,Glenfiddich 18yrs,,,Whiskey & Cognac,169.39,8366499041
3691,Glenfiddich Grand Cru,750 ml,,Whiskey & Cognac,423.49,8366487426
3692,Glenlivet,375 ml,Single,Whiskey & Cognac,25.4,8043200003
3693,Glenlivet 12y,750 ml,,Whiskey & Cognac,84.69,8043240063
3694,Glenlivet 18yrs,750 ml,,Whiskey & Cognac,241.99,8043240066
3695,Glenlivet Caribbean Reserve,750 ml,Single,Whiskey & Cognac,84.69,8043211576
3696,Glenlivet Fndr Resv,750 ml,,Whiskey & Cognac,78.64,8043210975
3697,Glenlivet Nadurra,750 ml,,Whiskey & Cognac,134.3,8043210976
3698,Glenmorangie 100mp /,100 ml,4-Pack,Whiskey & Cognac,43.55,8175382223
3699,Glenmorangie 10yrs,,,Whiskey & Cognac,79.85,8175381081
3700,Glenmorangie 12 Yrs,750 ml,Single,Whiskey & Cognac,72.59,8175383994
3701,Glenmorangie Signet,750 ml,Single,Whiskey & Cognac,362.99,8175381405
3702,Green River Bourbon,750 ml,Single,Whiskey & Cognac,48.39,1073501746
3703,Green River Wheated Bourbon,750 ml,Single,Whiskey & Cognac,48.39,1073501787
3704,HENNESSY,1.75 L,,Whiskey & Cognac,108.89,8811015058
3705,HENNESSY,200 ml,,Whiskey & Cognac,16.93,8811015052
3706,HENNESSY,375 ml,,Whiskey & Cognac,30.24,8811015062
3707,HENNESSY,750 ml,,Whiskey & Cognac,48.39,8811015055
3708,HENNESSY VSOP,1.75 L,,Whiskey & Cognac,176.65,8807616128
3709,HENNESSY VSOP,750 ml,,Whiskey & Cognac,81.06,8175383366
3710,Hennessy,100 ml,,Whiskey & Cognac,12.09,8811015061
3711,Hennessy,50 ml,,Whiskey & Cognac,6.26,8811015050
3712,Hennessy - 1L,,,Whiskey & Cognac,70.17,8811015056
3713,Hennessy Black,375 ml,,Whiskey & Cognac,41.13,8175381697
3714,Hennessy Black,750 ml,,Whiskey & Cognac,75.08,8175381555
3715,Hennessy Cognac,750 ml,Single,Whiskey & Cognac,60.49,8175384215
3716,Hennessy Master Blender's Selection,750 ml,Single,Whiskey & Cognac,145.19,8175383973
3717,Hennessy Privilage,375 ml,,Whiskey & Cognac,42.34,8811015103
3718,Hennessy Privilage,750 ml,,Whiskey & Cognac,81.06,8811015105
3719,Hennessy Rd,375 ml,,Whiskey & Cognac,30.24,8811015063
3720,Hennessy Vs Carnival,700 ml,Single,Whiskey & Cognac,53.23,8175384111
3721,Hennessy Vs Lebron James,750 ml,Single,Whiskey & Cognac,53.23,8175384058
3722,Hennessy Vsop 375Ml,375 ml,Single,Whiskey & Cognac,42.34,8175382549
3723,Hennessy XO,750 ml,,Whiskey & Cognac,302.49,8811015305
3724,Hibiki Suntory Whisky,750 ml,Single,Whiskey & Cognac,181.49,8068693405
3725,High West Bourbon,750 ml,,Whiskey & Cognac,45.97,5439600522
3726,High West Cask Collection,750 ml,Single,Whiskey & Cognac,120.99,8600326732
3727,High West Double Rye,750 ml,,Whiskey & Cognac,45.97,5439600500
3728,High West2pk Combo,750 ml,,Whiskey & Cognac,90.74,8600326725
3729,Highland park 12 Years,,,Whiskey & Cognac,70.17,1206602030
3730,JAMESON ORANGE,750 ml,,Whiskey & Cognac,36.29,8043211733
3731,JAMESONGINGER&LIME,,4-Pack,Whiskey & Cognac,16.93,8043211753
3732,JD Apple,375 ml,,Whiskey & Cognac,20.56,8218400438
3733,JD Apple,50 ml,,Whiskey & Cognac,3.62,8218400439
3734,JD apple,750 ml,,Whiskey & Cognac,31.45,8218400437
3735,JD.BONDED WHISKEY,750 ml,,Whiskey & Cognac,58.07,8218400593
3736,JOHNNIE WALKER HIGH RYE,,,Whiskey & Cognac,26.61,8807618628
3737,Jack Daniel Coca Cola,375 ml,6-Pack,Whiskey & Cognac,25.4,8218420826
3738,Jack Daniel Vanilla,375 ml,4-Pack,Whiskey & Cognac,16.93,8218420878
3739,Jack Daniel Variety,12 Oz,12-Pack,Whiskey & Cognac,36.29,4024560005
3740,Jack Daniel's Blackberry,750 ml,Single,Whiskey & Cognac,31.45,8218400873
3741,Jack Daniel's Coca Cherry,355 ml,4-Pack,Whiskey & Cognac,16.93,8218420813
3742,Jack Daniels,1.75 L,,Whiskey & Cognac,56.86,8218409042
3743,Jack Daniels,100 ml,,Whiskey & Cognac,6.04,8218408183
3744,Jack Daniels,200 ml,,Whiskey & Cognac,12.09,8218409052
3745,Jack Daniels,375 ml,,Whiskey & Cognac,20.56,8218409051
3746,Jack Daniels,50 ml,,Whiskey & Cognac,4.22,8218400005
3747,Jack Daniels,750 ml,,Whiskey & Cognac,31.45,8218409046
3748,Jack Daniels Apple,200 ml,,Whiskey & Cognac,12.09,8218400474
3749,Jack Daniels Blackberry,50 ml,,Whiskey & Cognac,3.41,8218400876
3750,Jack Daniels Bonded Rye,750 ml,,Whiskey & Cognac,56.86,8218400684
3751,Jack Daniels Cocktail Can,,,Whiskey & Cognac,16.93,8218420477
3752,Jack Daniels Cocktail Cans,,,Whiskey & Cognac,16.93,8218420476
3753,Jack Daniels Fire,200 ml,,Whiskey & Cognac,12.1,8218400155
3754,Jack Daniels Fire,375 ml,,Whiskey & Cognac,20.56,8218400156
3755,Jack Daniels Fire,50 ml,,Whiskey & Cognac,3.41,8218400118
3756,Jack Daniels Fire,750 ml,,Whiskey & Cognac,32.66,8218400117
3757,Jack Daniels Ginger Ale,355 ml,4-Pack,Whiskey & Cognac,15.72,8218420721
3758,Jack Daniels Honey,100 ml,,Whiskey & Cognac,6.04,8218400063
3759,Jack Daniels Honey,200 ml,,Whiskey & Cognac,12.09,8218400062
3760,Jack Daniels Honey,50 ml,,Whiskey & Cognac,4.83,8218400035
3761,Jack Daniels Honey,750 ml,,Whiskey & Cognac,31.45,8218423403
3762,Jack Daniels Single Barrel,,,Whiskey & Cognac,60.49,8218408700
3763,Jack Daniels Triple Mash,750 ml,,Whiskey & Cognac,56.86,8218400594
3764,Jack Daniels Winter,750 ml,,Whiskey & Cognac,25.4,8218400719
3765,Jack Daniels Zero Sugae,375 ml,4-Pack,Whiskey & Cognac,16.93,8218420688
3766,Jack Daniels's Coca Cola,475,Single,Whiskey & Cognac,4.83,8218400909
3767,Jameson,1 L,Single,Whiskey & Cognac,43.55,1758000000
3768,Jameson,1.75 L,,Whiskey & Cognac,70.17,8043250018
3769,Jameson,200 ml,,Whiskey & Cognac,16.93,8043250012
3770,Jameson,375 ml,,Whiskey & Cognac,25.4,8043250014
3771,Jameson,750 ml,,Whiskey & Cognac,41.13,8043250017
3772,Jameson 1L,,,Whiskey & Cognac,43.55,8043250011
3773,Jameson Blk Barrel,750 ml,,Whiskey & Cognac,61.7,8043210726
3774,Jameson Caskmates,750 ml,,Whiskey & Cognac,58.07,8043210992
3775,Jameson Cola,12 Oz,4-Pack,Whiskey & Cognac,9.67,8043200006
3776,Jameson Irish,50 ml,,Whiskey & Cognac,3.7,8043250010
3777,Jameson Triple Triple,750 ml,,Whiskey & Cognac,42.34,8043200211
3778,Jefferson Ocean Whisky,750 ml,Single,Whiskey & Cognac,102.84,1479401064
3779,Jeffersons Bourbon,,,Whiskey & Cognac,47.18,5570900030
3780,Jim Beam,200 ml,,Whiskey & Cognac,8.53,8068600170
3781,Jim Beam,375 ml,,Whiskey & Cognac,15.72,8068600160
3782,Jim Beam,750 ml,,Whiskey & Cognac,30.24,8068600685
3783,Jim Beam -,1.75 L,,Whiskey & Cognac,43.55,8068600110
3784,Jim Beam Apple,1.75 L,,Whiskey & Cognac,42.34,8068600659
3785,Jim Beam Apple,50 ml,,Whiskey & Cognac,1.71,8068600658
3786,Jim Beam Apple,750 ml,,Whiskey & Cognac,26.61,8068600655
3787,Jim Beam Fire,750 ml,,Whiskey & Cognac,26.61,8068600638
3788,Jim Beam Honey,50 ml,,Whiskey & Cognac,1.71,8068600609
3789,Jim Beam Honey,750 ml,,Whiskey & Cognac,30.24,8068600606
3790,Jim Beam Lemo And Punch,12 Oz,12-Pack,Whiskey & Cognac,21.77,8769201607
3791,Jim Beam Orange,50 ml,,Whiskey & Cognac,1.71,8068602181
3792,Jim Beam Orange,750 ml,,Whiskey & Cognac,27.82,8068602178
3793,Jim Beam Peach,750 ml,,Whiskey & Cognac,26.61,8068602114
3794,Jim Beam Pinapple,50 ml,,Whiskey & Cognac,1.71,8068600993
3795,Jim Beam Pineapple 750Ml,750 ml,Single,Whiskey & Cognac,26.61,8068600995
3796,Jim Beam Rye,750 ml,,Whiskey & Cognac,37.5,8068601040
3797,Johnnie Walker Blk,1.75 L,,Whiskey & Cognac,79.85,8807616317
3798,Johnnie Walker Blk,750 ml,,Whiskey & Cognac,43.55,8811001130
3799,Johnnie Walker Blue,750 ml,,Whiskey & Cognac,302.49,8811007005
3800,Johnnie Walker Blue Chinese,750 ml,Single,Whiskey & Cognac,302.49,8807618839
3801,Johnnie Walker Blue Label,750 ml,,Whiskey & Cognac,362.99,8807618941
3802,Johnnie Walker Collection,50 ml,,Whiskey & Cognac,55.65,8807618323
3803,Johnnie Walker Collection,,,Whiskey & Cognac,120.99,8807618312
3804,Johnnie Walker Green 750m,750 ml,,Whiskey & Cognac,88.32,8807616262
3805,Johnnie Walker Platinum 18yr,,,Whiskey & Cognac,113.73,8807617821
3806,Johnnie Walker Red,1.75 L,,Whiskey & Cognac,48.39,8807616316
3807,Johnnie Walker Red,750 ml,,Whiskey & Cognac,31.45,8811002130
3808,Johnnie Walker Red,,,Whiskey & Cognac,38.71,8811002140
3809,KNOB CREEK,,,Whiskey & Cognac,48.39,8068601676
3810,KNOB CREEK RYE,750 ml,,Whiskey & Cognac,56.86,8068601674
3811,Keepers Heart Bourbon,750 ml,Single,Whiskey & Cognac,64.12,5003049445
3812,Knob Creek,375 ml,Single,Whiskey & Cognac,32.66,8068601692
3813,Knob Creek,750 ml,,Whiskey & Cognac,30.24,8068689715
3814,Knob Creek 7 Years,750 ml,,Whiskey & Cognac,56.86,8068600442
3815,Knob Creek Rye,375 ml,,Whiskey & Cognac,33.87,8068601693
3816,Kyoto Whisky Aka Red,700 ml,Single,Whiskey & Cognac,54.44,7355092014
3817,Lagavulin Single Malt 11 Year,750 ml,Single,Whiskey & Cognac,108.89,8807618918
3818,Laphroaig 10 Years Sherry Oak,750 ml,,Whiskey & Cognac,108.89,8068681334
3819,Laphroaig 10yrs,750 ml,,Whiskey & Cognac,81.06,8068681301
3820,Laphroaig Select,750 ml,,Whiskey & Cognac,72.59,8068681306
3821,Larceny Bourbon,750 ml,,Whiskey & Cognac,36.29,9674903155
3822,Larceny Bourbon Barrel Proof,750 ml,Single,Whiskey & Cognac,79.85,9674900265
3823,Lexington Bourbon,,,Whiskey & Cognac,36.29,1245901043
3824,Litchfield Straight Bourbon,750 ml,Single,Whiskey & Cognac,70.17,6136900018
3825,Macallan 12Y,50 ml,Single,Whiskey & Cognac,12.09,1206602185
3826,Macallan 12y Double Cask,,,Whiskey & Cognac,120.99,1206602159
3827,Macallan 12yr,750 ml,,Whiskey & Cognac,113.73,1206602055
3828,Macallan Double Cask 15yrs,,,Whiskey & Cognac,278.29,1206602306
3829,Macallan Hormany,750 ml,Single,Whiskey & Cognac,362.99,1206602428
3830,Macallan'18yrs,750 ml,,Whiskey & Cognac,483.99,1206602338
3831,Maison Rouge Cognac Vs,750 ml,Single,Whiskey & Cognac,37.5,8976412003
3832,Makers Mark,1.75 L,,Whiskey & Cognac,70.17,8524613941
3833,Makers Mark,750 ml,,Whiskey & Cognac,42.34,8524613943
3834,Martell Blue Shift,750 ml,,Whiskey & Cognac,84.69,8043211082
3835,Martell Blue Swift,375 ml,,Whiskey & Cognac,35.08,8043211084
3836,Martell VSOP - 1L,,,Whiskey & Cognac,60.49,8700055028
3837,Martell Vs,375 ml,,Whiskey & Cognac,26.61,8043240078
3838,Martell Vs,750 ml,,Whiskey & Cognac,53.23,8043240081
3839,Michter's Bourbon 10 Years,750 ml,,Whiskey & Cognac,108.89,3938300229
3840,Michtner's Bourbon,750 ml,,Whiskey & Cognac,60.49,3938300718
3841,Mr & Mrs.T Whiskey Sour - 1L,,,Whiskey & Cognac,7.25,7065595030
3842,Mr.Boston Coffee,200 ml,,Whiskey & Cognac,5.14,8900001332
3843,OBAN 14Y Single Malt,,,Whiskey & Cognac,96.79,8811016005
3844,OLE SMOKY RASBERRY,750 ml,,Whiskey & Cognac,32.66,5391500842
3845,Old Forester,375 ml,Single,Whiskey & Cognac,72.59,8112820288
3846,Old Forester 1870,750 ml,,Whiskey & Cognac,59.28,8112800070
3847,Old Forester 1897,750 ml,,Whiskey & Cognac,67.75,8112800098
3848,Old Forester 1910,750 ml,,Whiskey & Cognac,67.75,8112800109
3849,Old Forester 1920,750 ml,,Whiskey & Cognac,73.8,8112800115
3850,Old Glasgow Scotch Whisky,750 ml,,Whiskey & Cognac,36.29,1042202005
3851,Old Weller 12Yr,750 ml,Single,Whiskey & Cognac,362.99,8800402774
3852,Ole Smoky,750 ml,Single,Whiskey & Cognac,32.66,1008837043
3853,Ole Smoky Apple pie,50 ml,,Whiskey & Cognac,3.41,5601100415
3854,Ole Smoky Banana Pudding,750 ml,,Whiskey & Cognac,32.66,5391500899
3855,Ole Smoky Black Berry,750 ml,,Whiskey & Cognac,32.66,5391500843
3856,Ole Smoky Cookies & Cream,750 ml,,Whiskey & Cognac,32.66,5462800615
3857,Ole Smoky Orange,750 ml,,Whiskey & Cognac,36.29,5462800695
3858,Ole Smoky Salty Carmel Whisky,750 ml,,Whiskey & Cognac,30.24,5462800613
3859,Ole Smoky Sour Razzin Berry,50 ml,Single,Whiskey & Cognac,3.64,1008837014
3860,Ole Smoky Strawberry,50 ml,,Whiskey & Cognac,3.64,1008837016
3861,Ole Smoky White Lighting,50 ml,,Whiskey & Cognac,3.41,5601100418
3862,PAUL MASSON,200 ml,,Whiskey & Cognac,6.04,8800404580
3863,Paul Masson,1.75 L,,Whiskey & Cognac,30.24,8800404575
3864,Paul Masson,50 ml,,Whiskey & Cognac,1.43,8800404535
3865,Paul Masson,750 ml,,Whiskey & Cognac,16.93,8800404577
3866,Paul Masson Amber,375 ml,,Whiskey & Cognac,9.1,8800404579
3867,Paul Masson Mango Brandy,750 ml,Single,Whiskey & Cognac,16.93,8800404558
3868,Paul Masson Peach,750 ml,Single,Whiskey & Cognac,16.93,8800404562
3869,Paul Masson VS,1.75 L,,Whiskey & Cognac,31.45,2129660030
3870,Paul Masson VS,200 ml,,Whiskey & Cognac,6.04,2129600603
3871,Paul Masson VS,375 ml,,Whiskey & Cognac,9.67,2129600606
3872,Paul Masson VS,750 ml,,Whiskey & Cognac,16.93,2129600601
3873,Pendleton Bourbon 10 Yr 750Ml,750 ml,Single,Whiskey & Cognac,55.65,1884402877
3874,Puncher's Chance,750 ml,,Whiskey & Cognac,36.29,5659200604
3875,Pure Scot Scotch Whisky,750 ml,Single,Whiskey & Cognac,12.09,5792100600
3876,REMY 1738 LITER,,,Whiskey & Cognac,99.21,8723600292
3877,REMY V,750 ml,,Whiskey & Cognac,54.44,8723610801
3878,Remy 1.75ml,,,Whiskey & Cognac,181.49,8723600120
3879,Remy 1738,200 ml,,Whiskey & Cognac,25.4,8723600241
3880,Remy 1738,375 ml,,Whiskey & Cognac,42.34,8723600283
3881,Remy 1738,50 ml,Single,Whiskey & Cognac,22.98,000000RM1738
3882,Remy 1738,750 ml,,Whiskey & Cognac,79.85,8723600211
3883,Remy Martin 1738,,,Whiskey & Cognac,7.25,8723600215
3884,Remy Martin VSOP - 1L,,,Whiskey & Cognac,88.32,8723600118
3885,Remy Martin Vsop,375 ml,,Whiskey & Cognac,33.87,8723600121
3886,Remy Martin Vsop,50 ml,Single,Whiskey & Cognac,7.68,8723600168
3887,Remy Martin Vsop,750 ml,,Whiskey & Cognac,67.75,8723600116
3888,Remy Martin Vsop Heritage,750 ml,Single,Whiskey & Cognac,54.44,8723600438
3889,Remy V,375 ml,,Whiskey & Cognac,30.24,8723610904
3890,Remy VSOP,100 ml,,Whiskey & Cognac,13.3,8723600214
3891,Remy Vsop,200 ml,,Whiskey & Cognac,19.35,8723600113
3892,Remy Xo,750 ml,Single,Whiskey & Cognac,266.19,8723600314
3893,Remy's V White,750 ml,Single,Whiskey & Cognac,42.34,8723610807
3894,Revel Stoke Pecan Whiskey,50 ml,Single,Whiskey & Cognac,1.31,8711603614
3895,Revel Stoke Pecan Whisky,750 ml,Single,Whiskey & Cognac,25.4,8711603612
3896,SHEEP DOG WHISKY,750 ml,,Whiskey & Cognac,24.19,8800403867
3897,SKREWBALL BUTTER,750 ml,,Whiskey & Cognac,31.45,6026500240
3898,ST REMY,750 ml,,Whiskey & Cognac,21.77,8723699200
3899,STOCK84 BRANDY LITER,,,Whiskey & Cognac,20.56,8835212962
3900,Seagrams 7,750 ml,,Whiskey & Cognac,21.77,8700000733
3901,Shibui Pure Malt Whisky,750 ml,Single,Whiskey & Cognac,31.45,5212100808
3902,Silver Star 1849 Bourbon,750 ml,Single,Whiskey & Cognac,29.03,4826070488
3903,Silver Star Texas Whisky,750 ml,Single,Whiskey & Cognac,24.19,4427197444
3904,Skrewball,50 ml,,Whiskey & Cognac,3.64,6026500242
3905,Skrewball Peanut Butter,1.75 L,Single,Whiskey & Cognac,48.39,6000814121
3906,St Remy XO,750 ml,,Whiskey & Cognac,25.4,3.16142E+12
3907,St-Remy Vsop,1.5 L,Single,Whiskey & Cognac,39.92,8723699205
3908,Teeling Single Malt Irish,750 ml,,Whiskey & Cognac,84.69,1321902007
3909,Teeling Whiskey,750 ml,,Whiskey & Cognac,53.23,1321902004
3910,The Deacon,750 ml,Single,Whiskey & Cognac,45.97,1349700304
3911,The Glenlivet Old Fashioned,375 ml,,Whiskey & Cognac,25.4,8043211779
3912,The Glenlivet Single Malt,750 ml,Single,Whiskey & Cognac,112.52,8043200087
3913,The Macallan Harmony Collection,750 ml,Single,Whiskey & Cognac,362.99,1206602479
3914,The Muff Liquor Company Whiskey,700 ml,Single,Whiskey & Cognac,38.71,4020227604
3915,Tin Cup 10Yr 750Ml,750 ml,Single,Whiskey & Cognac,33.87,1153801485
3916,Tin Cup Bourbon 1.75L,1.75 L,Single,Whiskey & Cognac,55.65,1884402895
3917,Toki Suntory,750 ml,,Whiskey & Cognac,60.49,8068695701
3918,Toky Suntory,750 ml,,Whiskey & Cognac,55.65,5.01028E+12
3919,Torres 10Yr Brandy,750 ml,Single,Whiskey & Cognac,27.82,8858600651
3920,Traveller Whiskey Blend N40,1 L,Single,Whiskey & Cognac,54.44,8800406007
3921,Traveller Whiskey Blend N40,750 ml,Single,Whiskey & Cognac,45.97,8800406006
3922,Tribute Mister Sam Whiskey,750 ml,Single,Whiskey & Cognac,967.99,1.0088E+13
3923,Tullamore,50 ml,,Whiskey & Cognac,2.84,8366487245
3924,Tullamore Dew,375 ml,,Whiskey & Cognac,19.35,8366487372
3925,Tullamore Dew,750 ml,,Whiskey & Cognac,33.87,8366487246
3926,Tullamore Dew Honey,750 ml,,Whiskey & Cognac,43.55,8366410107
3927,Tullamore dew,1.75 L,,Whiskey & Cognac,65.33,8366487249
3928,WELLER RSV,750 ml,,Whiskey & Cognac,120.99,8800402574
3929,WELLER RSV 175L,,,Whiskey & Cognac,181.49,8800402572
3930,WILD TURKEY,,,Whiskey & Cognac,18.14,2105984375
3931,WILD TURKEY101,50 ml,,Whiskey & Cognac,4.27,2105989500
3932,WOODFORD,375 ml,,Whiskey & Cognac,29.03,8112801168
3933,WOODFORD RES.,375 ml,,Whiskey & Cognac,38.71,8112800187
3934,Weller 107,750 ml,,Whiskey & Cognac,241.99,8800402564
3935,Wild Turkey 101,1.75 L,,Whiskey & Cognac,44.76,2105989175
3936,Wild Turkey 101Pf 8 Yrs,750 ml,Single,Whiskey & Cognac,60.49,2105900387
3937,Wild Turkey 81,750 ml,,Whiskey & Cognac,31.45,2105984750
3938,Wild Turkey 81 1liters,,,Whiskey & Cognac,32.66,2105984100
3939,Wild Turkey Honey,750 ml,,Whiskey & Cognac,29.03,2105981750
3940,Wild Turkey Rare Breed,750 ml,,Whiskey & Cognac,72.59,2105900022
3941,Woodford Reserve,1 L,Single,Whiskey & Cognac,84.69,8112802228
3942,Woodford Reserve,200 ml,Single,Whiskey & Cognac,15.72,8112803147
3943,Woodford Reserve 121.2 Proof,700 ml,Single,Whiskey & Cognac,217.79,8112800334
3944,Woodford Reserve No.21,700 ml,Single,Whiskey & Cognac,241.99,8112800437
3945,Woodford Rsv,1.75 L,,Whiskey & Cognac,91.95,8112801316
3946,Woven Honor Single Malt 18 Years,750 ml,Single,Whiskey & Cognac,120.99,8807618946
3947,Yamato Japanese Whisky,750 ml,Single,Whiskey & Cognac,205.69,9602978863
3948,Yukon Jack,200 ml,,Whiskey & Cognac,8.46,8800403692
3949,Yukon Jack,375 ml,,Whiskey & Cognac,14.51,8200012538
3950,Yukon Jack,50 ml,,Whiskey & Cognac,1.71,8800403578
3951,Yukon Jack,750 ml,,Whiskey & Cognac,26.61,8200012525
3952,Yukon Jack 100Proof,750 ml,,Whiskey & Cognac,31.45,8800403690
3953,Yukon Jack 125 Proof,750 ml,Single,Whiskey & Cognac,31.45,8800404862
3954,Yukon Jack Apple,750 ml,Single,Whiskey & Cognac,12.09,8800403957
3955,bellis bourbon,750 ml,,Whiskey & Cognac,55.65,1150202058
3956,buffalo trace 1.75ml,,,Whiskey & Cognac,120.99,8024400921
3957,bulleit rye 1.75ml,,,Whiskey & Cognac,62.91,8200076607
3958,bushmills,750 ml,,Whiskey & Cognac,41.13,1884402073
3959,cROWN ROYAL,50 ml,,Whiskey & Cognac,2.57,8719902
3960,crown royal apple can,,4-Pack,Whiskey & Cognac,18.14,8200079623
3961,crown royal peach,750 ml,,Whiskey & Cognac,42.34,8200078291
3962,crown royal salted caramel,,,Whiskey & Cognac,38.71,8200078397
3963,dewars 12year,750 ml,,Whiskey & Cognac,55.65,8048098587
3964,dragon fire btl,12 Oz,6-Pack,Whiskey & Cognac,15.11,9861498549
3965,four roses small bat.,750 ml,,Whiskey & Cognac,78.64,4023228833
3966,jack deniel winter,750 ml,,Whiskey & Cognac,24.19,8218405611
3967,old forester statesman,750 ml,,Whiskey & Cognac,68.96,8112800173
3968,ole smoky white,750 ml,,Whiskey & Cognac,30.24,5601100401
3969,skrewball,200 ml,,Whiskey & Cognac,13.3,6026500247
3970,0-61 Cabernet Sauvignon,750 ml,Single,Wine,19.35,1009840024
3971,13 Celsius Sauv Blanc,750 ml,,Wine,14.51,8130800340
3972,1800 Blanc,50 ml,Single,Wine,4.83,1153801011
3973,1800 High Proof Blanco,375 ml,Single,Wine,22.98,1884402967
3974,1865 Cab Sau,750 ml,Single,Wine,22.98,8832013420
3975,19 CRIMES MARTHA'S CHARD,,,Wine,15.72,1235400743
3976,19 CRIMES PINOT NOIR,,,Wine,13.3,8981972144
3977,19 Crimes Cab,750 ml,,Wine,13.3,1235400135
3978,19 Crimes Cabernet Sauvignon,750 ml,,Wine,13.3,1235401412
3979,19 Crimes Cali Smooth,750 ml,Single,Wine,15.72,1235401655
3980,19 Crimes Chard,750 ml,,Wine,13.3,1235400194
3981,19 Crimes Hard Chard,750 ml,,Wine,13.3,1235401976
3982,19 Crimes Red,750 ml,,Wine,13.3,1235400099
3983,19 Crimes Sauv Block,,,Wine,13.3,8981972356
3984,19 Crimes The Warden,,,Wine,20.56,1235400160
3985,19 Crimes Uprising,750 ml,,Wine,13.3,1235400193
3986,1924 Port Barrel Pinot Noir,,,Wine,15.72,8224201673
3987,446 Chard,750 ml,,Wine,13.3,8224256213
3988,7 Siete Leguas Blanco,750 ml,Single,Wine,78.64,8800405757
3989,90 PLUS CHIANTI,750 ml,,Wine,12.09,1087902088
3990,90+ Big Red Blend,750 ml,Single,Wine,12.09,1087902010
3991,90+ Cabernet Sauvignon,750 ml,Single,Wine,12.09,9465500171
3992,90+ Cellars Old V. Malbec,,,Wine,12.09,9465500142
3993,90+ Cellars Prosecco,187 ml,,Wine,14.51,1087902064
3994,90+ Cellars Riesling,750 ml,,Wine,12.09,9465500186
3995,90+ MERLOT,750 ml,,Wine,12.09,9465500122
3996,90+ Moscato,750 ml,,Wine,14.51,9465500197
3997,90+ Pinot Grigio,750 ml,Single,Wine,12.09,9465500160
3998,90+ Pinot Noir,,,Wine,12.09,9465500109
3999,90+ cellars Sauv Blanc,750 ml,,Wine,12.09,9465500103
4000,90PLUS BEAUJOLAIS,750 ml,,Wine,12.09,1087902114
4001,90plus pinot grigio 1.5ml,,,Wine,21.77,1087902023
4002,90plus sauvignon blanc1.5ml,,,Wine,21.77,1087902020
4003,ANDRE BRUT,750 ml,,Wine,10.88,8500000743
4004,ANDRE COLD DUCK,750 ml,,Wine,12.09,8500000747
4005,ANGELINI PINOT NOIR,,,Wine,15.72,8365500109
4006,APOTHIC CAB 750,,,Wine,13.3,8500003096
4007,AUBRADE BORDEAUX,750 ml,,Wine,14.51,3.76015E+12
4008,Abstract Red Blend 2021,750 ml,,Wine,45.97,8500002536
4009,Agua De Piedra Chard,750 ml,,Wine,16.93,1564324972
4010,Ague De Piedra Malbec,750 ml,,Wine,16.93,1564324392
4011,Aibyria Vinho,750 ml,,Wine,10.88,5.60442E+12
4012,Al Verdi Pinot Grigio +Tax,1.5 L,,Wine,16.93,8017519474
4013,Alamos Malbec,750 ml,,Wine,14.51,8500001819
4014,Alamos Red Blend,750 ml,,Wine,14.51,8500001945
4015,Alma Los Andes Malbec,750 ml,,Wine,16.93,7.79814E+12
4016,Ammunition Cabernet Sauv,750 ml,Single,Wine,24.19,5211600503
4017,Andre Brut Rose,750 ml,,Wine,10.88,8500002524
4018,Andre Moscato,,,Wine,10.88,8500002226
4019,Andre Sangria,750 ml,Single,Wine,12.09,8500003434
4020,Andre Spumante,750 ml,,Wine,10.88,8500000828
4021,Angelini Moscato D'Asti,750 ml,,Wine,13.3,8365500007
4022,Angelini Pinot Grigio,750 ml,,Wine,13.3,8365500100
4023,Angry Ochard Crisp Apple,12 Oz,12-Pack,Wine,22.98,8769200083
4024,Angry Orchard Apple,,,Wine,13.08,8769282102
4025,Angry Orchard Dark Cherry Apple,12 Oz,6-Pack,Wine,13.3,8769201362
4026,Angry Orchard Rose,,6-Pack,Wine,13.3,8769200660
4027,Angry Orchards Apple Bottles,12 Oz,12-Pack,Wine,22.98,8769200033
4028,Angry Orchid Rose Single,,,Wine,2.48,8769200659
4029,Apothic Crush,750 ml,,Wine,13.3,8500002348
4030,Apothic Dark,750 ml,,Wine,13.3,8500002286
4031,Apothic Inferno,750 ml,,Wine,16.93,8500002490
4032,Apothic Merlot,750 ml,,Wine,13.3,8500003214
4033,Apothic Pinot Noir,750 ml,,Wine,13.3,8500003233
4034,Apothic Red,750 ml,,Wine,13.3,8500001774
4035,Apothic Rose,750 ml,,Wine,13.3,8500002154
4036,Apothic Sparkl red,750 ml,,Wine,19.35,8500002951
4037,Apothic White,750 ml,,Wine,13.3,8500001973
4038,Arbor Mist Blackberry - 1.50L,1.5 L,,Wine,14.51,8210017924
4039,Arbor Mist Exotic,1.5 L,,Wine,14.51,8210017906
4040,Arbor Mist Exotic,750 ml,,Wine,6.04,8210017902
4041,Arbor Mist Mango Stra,1.5 L,,Wine,14.51,8210073857
4042,Arbor Mist Mango Straw 750,,,Wine,5.75,8210073856
4043,Arbor Mist Pineapple,1.5 L,Single,Wine,14.51,8210073933
4044,Arbor Mist Rasp Pink Moscato,1.5 L,Single,Wine,14.51,8210073876
4045,Armand De Brignac Champagne,750 ml,,Wine,399.29,8175383603
4046,Astral Blanco,750 ml,,Wine,30.24,8807618695
4047,Avaline Pinot Noir,750 ml,Single,Wine,26.61,5003218913
4048,Avaline Red Wine,750 ml,Single,Wine,22.98,1613602537
4049,Avaline White Wine,750 ml,Single,Wine,22.98,1613602536
4050,Aveleda Vinho Verde,1.5 L,Single,Wine,15.72,6479321553
4051,Ayala Brut,750 ml,,Wine,48.39,1636000102
4052,B.F BRIGHT CHARD.,750 ml,,Wine,8.46,8500003285
4053,BARE FOOT STRAW MOSCATO,,,Wine,8.46,8500002901
4054,BAREFOOT PINEAPPLE,750 ml,Single,Wine,8.46,8500003331
4055,BARROS PORTO,,,Wine,20.56,5.60119E+12
4056,BESO DEL SOL,,,Wine,15.72,5613700615
4057,BLACK BOX CAB,500 ml,,Wine,6.04,8143400029
4058,BLACK BOX MERLOT,500 ml,,Wine,6.04,8143400031
4059,Babe Grigio,200 ml,4-Pack,Wine,15.72,6903700034
4060,Baluarte Blanco,750 ml,,Wine,59.17,7.50301E+12
4061,Banshee Pinot Noir,750 ml,Single,Wine,24.19,5386800602
4062,Barefoot Apple,1.5 L,Single,Wine,14.51,8500002988
4063,Barefoot Blueberry,750 ml,Single,Wine,8.46,8500003178
4064,Barefoot Bubbly Brut,750 ml,Single,Wine,13.3,1834175126
4065,Barefoot Bubbly Brut,,4-Pack,Wine,14.51,8500024879
4066,Barefoot Bubbly Moscato,750 ml,Single,Wine,13.3,8500001759
4067,Barefoot Bubbly Pink,187 ml,4-Pack,Wine,14.51,8500042210
4068,Barefoot Bubbly Pink Mos,187 ml,,Wine,3.98,8500002210
4069,Barefoot Bubbly Pink Mos,750 ml,Single,Wine,13.3,8500001965
4070,Barefoot Bubbly Pinot Grig,750 ml,Single,Wine,13.3,8500001604
4071,Barefoot Cab Sauv,1.5 L,Single,Wine,14.51,1834115101
4072,Barefoot Cab Sauv,750 ml,Single,Wine,8.46,1834175101
4073,Barefoot Cabernet,200 ml,4-Pack,Wine,9.67,8500044124
4074,Barefoot Chard,187 ml,4-Pack,Wine,9.67,8500004536
4075,Barefoot Chard,750 ml,Single,Wine,8.46,1834175105
4076,Barefoot Chard 1.50L,1.5 L,Single,Wine,14.51,1834115105
4077,Barefoot Chard Single,187 ml,Single,Wine,2.84,8500000536
4078,Barefoot Chardonnay,200 ml,4-Pack,Wine,9.67,8500044125
4079,Barefoot Lemonade,1.5 L,Single,Wine,14.51,8500003618
4080,Barefoot Lemonade,750 ml,Single,Wine,8.46,8500003492
4081,Barefoot Malbec,1.5 L,Single,Wine,14.51,8500002157
4082,Barefoot Mango,1.5 L,Single,Wine,14.51,8500003218
4083,Barefoot Mango,750 ml,Single,Wine,8.46,8500003217
4084,Barefoot Merlot,1.5 L,Single,Wine,14.51,1834115110
4085,Barefoot Merlot,187 ml,4-Pack,Wine,9.67,8500004546
4086,Barefoot Merlot,750 ml,Single,Wine,8.46,1834175110
4087,Barefoot Moscato,1.5 L,Single,Wine,14.51,8500001667
4088,Barefoot Moscato,187 ml,4-Pack,Wine,9.67,8500004559
4089,Barefoot Moscato,200 ml,4-Pack,Wine,9.67,8500044126
4090,Barefoot Moscato,750 ml,Single,Wine,8.46,8500001668
4091,Barefoot PG,187 ml,4-Pack,Wine,9.67,8500004528
4092,Barefoot Peach,1.5 L,Single,Wine,14.51,8500002989
4093,Barefoot Peach Fusion,750 ml,Single,Wine,13.3,8500002273
4094,Barefoot Pear,1.5 L,Single,Wine,14.51,8500003761
4095,Barefoot Pear,750 ml,Single,Wine,8.46,8500003760
4096,Barefoot Pink Moscato,1.5 L,Single,Wine,14.51,8500002060
4097,Barefoot Pink Moscato,187 ml,Single,Wine,2.84,8500000594
4098,Barefoot Pink Moscato,750 ml,Single,Wine,8.46,8500002045
4099,Barefoot Pink Moscoto,187 ml,,Wine,2.57,8559401
4100,Barefoot Pinot Grigio,1.5 L,Single,Wine,14.51,8500001443
4101,Barefoot Pinot Grigio,187 ml,Single,Wine,2.84,8500000528
4102,Barefoot Pinot Grigio,200 ml,4-Pack,Wine,9.67,8500044122
4103,Barefoot Pinot Grigio,750 ml,Single,Wine,8.46,8500001444
4104,Barefoot Pinot Noir,1.5 L,Single,Wine,14.51,8500001736
4105,Barefoot Pinot Noir,187 ml,4-Pack,Wine,9.67,8500004560
4106,Barefoot Pinot Noir,750 ml,Single,Wine,8.46,8500001707
4107,Barefoot Pinot Noir Single,187 ml,Single,Wine,2.84,8500000560
4108,Barefoot Pnk Moscoto,187 ml,4-Pack,Wine,9.67,8500004594
4109,Barefoot Red Mosc,187 ml,4-Pack,Wine,9.67,8500004185
4110,Barefoot Red Moscato,1.5 L,Single,Wine,14.51,8500002028
4111,Barefoot Red Moscato,750 ml,Single,Wine,8.46,8500001989
4112,Barefoot Red Moscoto,187 ml,,Wine,2.57,8518501
4113,Barefoot Reisling,1.5 L,Single,Wine,14.51,8500001813
4114,Barefoot Riesling,750 ml,Single,Wine,8.46,8500001581
4115,Barefoot Rose,187 ml,Single,Wine,2.84,8500000664
4116,Barefoot Sangria,750 ml,Single,Wine,8.46,8500002505
4117,Barefoot Sangria Red,1.5 L,Single,Wine,14.51,8500002506
4118,Barefoot Sauv Blanc,1.5 L,Single,Wine,14.51,1834115102
4119,Barefoot Sauv. Blanc,187 ml,4-Pack,Wine,9.67,8500003947
4120,Barefoot Spritzer PM,187 ml,4-Pack,Wine,9.67,8500042891
4121,Barefoot Strawberry,1.5 L,Single,Wine,14.51,8500002990
4122,Barefoot Suav Blanc,750 ml,Single,Wine,8.46,1834175102
4123,Barefoot Sweet Cranberry,1.5 L,Single,Wine,14.51,8500003413
4124,Barefoot Sweet Cranberry,750 ml,Single,Wine,8.46,8500003412
4125,Barefoot Sweet Red,1.5 L,Single,Wine,14.51,8500001868
4126,Barefoot Sweet Red,187 ml,,Wine,2.84,8557306
4127,Barefoot Sweet Red,750 ml,Single,Wine,8.46,8500001849
4128,Barefoot Sweet Red,,4-Pack,Wine,8.46,8500004573
4129,Barefoot Sweet Red Single,187 ml,Single,Wine,2.84,8500000573
4130,Barefoot Sweet Rode,,,Wine,13.3,8500003127
4131,Barefoot White Zin,187 ml,4-Pack,Wine,9.67,8500004531
4132,Barefoot White Zin,750 ml,Single,Wine,8.46,1834175106
4133,Barefoot White Zin 1.50L,1.5 L,Single,Wine,14.51,1834115106
4134,Barefoot White Zin Single,187 ml,Single,Wine,2.84,8500000531
4135,Barefoot rose,750 ml,Single,Wine,8.46,8500002587
4136,Barefoot x Dry,750 ml,Single,Wine,13.3,1834175125
4137,Barolo Serralunga D'alba,750 ml,Single,Wine,76.22,8678541027
4138,Barone Fini Pino Grigio,750 ml,,Wine,15.72,3125902191
4139,Barrel Bomb Red Blend,750 ml,,Wine,20.56,609805156
4140,Bartenura Moscato,750 ml,,Wine,16.93,8775200564
4141,Bartenura Moscato Cans,12 Oz,4-Pack,Wine,18.14,8775202693
4142,Batasiolo Barolo,750 ml,Single,Wine,133.09,8678598005
4143,Batenura Sparkling Wine,,,Wine,20.56,8775200114
4144,Bean Blossom Peach,750 ml,,Wine,6.04,1258401012
4145,Beau Joie Brut,750 ml,Single,Wine,120.99,5673600200
4146,Beaujolais Nouveau,750 ml,Single,Wine,19.35,1562902800
4147,Beaujolais Nouveau,,,Wine,4.83,3125901547
4148,Bella Sera Pinot Grigio,1.5 L,,Wine,15.72,8500000424
4149,Bellissima Pinot Grigio,750 ml,,Wine,18.14,5103100493
4150,Beringer Calif Cab,,,Wine,13.3,8981954301
4151,Beringer Calif Chardonay,1.5 L,,Wine,13.3,8981954313
4152,Beringer Calif Merlot,1.5 L,,Wine,13.3,8981954317
4153,Beringer Calif Red Crush,1.5 L,,Wine,13.3,8981954819
4154,Beringer Found Cab,1.5 L,,Wine,21.77,8981910221
4155,Beringer Found Merlot,1.5 L,,Wine,21.77,8981910225
4156,Beringer Kv Reserve Cab. Sauv.,750 ml,Single,Wine,60.49,8981973262
4157,Beringer Moscato,1.5 L,,Wine,13.3,8981906724
4158,Beringer Pink Moscato,1.5 L,,Wine,13.3,8981954255
4159,Beringer Pinot Grigio,1.5 L,,Wine,13.3,8981972059
4160,Beringer Red Moscato,1.5 L,,Wine,13.3,8981954188
4161,Beringer W.Zin Moscato,1.5 L,,Wine,13.3,8981954353
4162,Beringer White Merlot 1.50,,,Wine,13.3,8981909030
4163,Beringer White Zin 1.50l,,,Wine,13.3,8981903842
4164,Black Box Cab Sau,3 L,Single,Wine,24.19,8143400003
4165,Black Box Chard,3 L,Single,Wine,24.19,8143400004
4166,Black Box Chard,500 ml,,Wine,6.04,8143400030
4167,Black Box Merlot,3 L,Single,Wine,24.19,8143400002
4168,Black Box PG,500 ml,,Wine,6.04,8143470020
4169,Black Box Pg,3 L,Single,Wine,24.19,8143400022
4170,Black Box Pinot Noir,3 L,Single,Wine,24.19,8143471001
4171,Black Box Red Blend,3 L,,Wine,24.19,8143470019
4172,Black Girl Magic Riesling,750 ml,Single,Wine,24.19,5801800704
4173,Black Girl Red Blend,750 ml,,Wine,30.24,5801800710
4174,Black Stallion Pinot Noir,750 ml,Single,Wine,24.19,8224201827
4175,Blackstone Merlot,1.5 L,,Wine,19.35,8143450017
4176,Blackstone Merlot,750 ml,,Wine,12.09,8143450015
4177,Blanc blue,750 ml,,Wine,18.14,8105499614
4178,Bogal Cabernet Sav,750 ml,,Wine,13.3,8088749396
4179,Bogal Sauv Blanc,750 ml,,Wine,13.3,8088749394
4180,Bogel Essential Red,750 ml,Single,Wine,13.3,8088749643
4181,Bogle Chardonnay,750 ml,,Wine,13.3,8088749392
4182,Bogle Chenin Blanc,750 ml,Single,Wine,13.3,8088749492
4183,Bogle Merlot,750 ml,,Wine,13.3,8088749378
4184,Bonanza Cabernet Savgnon,750 ml,,Wine,24.19,1722471020
4185,Bonterra Sau Blanc,750 ml,Single,Wine,16.93,8289606262
4186,Bordeaux 90+,750 ml,Single,Wine,13.3,1087902117
4187,Bordeaux 90+ Point Wines,750 ml,3-Pack,Wine,56.86,1564379315
4188,Bordeaux Chateaux Gold Medal Sel,750 ml,2-Pack,Wine,36.29,1564379313
4189,Bota Box Breeze Cab Sau,3 L,Single,Wine,25.4,8224201807
4190,Bota Box Breeze Cabernet - 3L,3 L,,Wine,25.4,1767200000
4191,Bota Box Breeze Pinot Grigio,3 L,Single,Wine,25.4,8224201678
4192,Bota Box Breeze Sau Blc 3L,,,Wine,25.4,8224201682
4193,Bota Box Cab - 3L,3 L,Single,Wine,25.4,8224201045
4194,Bota Box Cabermnet Sauvignon,1 L,,Wine,10.88,8224201812
4195,Bota Box Chardonay,3 L,,Wine,25.4,8224201763
4196,Bota Box Chardonnay,1 L,,Wine,10.88,8224201813
4197,Bota Box Merlot,500 ml,,Wine,6.04,8224201751
4198,Bota Box Mini Cab,500 ml,,Wine,6.04,8224201041
4199,Bota Box Pinot Grigio,1 L,,Wine,10.88,8224201814
4200,Bota Box Pinot Noir - 3L,,,Wine,25.4,8224201236
4201,Bota Box Pinto Grigio - 3L,,,Wine,25.4,8224201325
4202,Bota Box Sauignon Blanc,500 ml,Single,Wine,6.04,8224201431
4203,Bota Box Sauv Blanc 3L,,,Wine,25.4,8224201293
4204,Bota Box Zin 3 liter,,,Wine,24.19,8224201495
4205,Bota Mini Chardonnay,500 ml,,Wine,6.04,8224201101
4206,BotaBox Pinot Grigio,500 ml,,Wine,4.83,8224201331
4207,Botabox Pinot Grigio Brezz,500 ml,,Wine,6.04,8224201797
4208,Botabox Sauvignon Blanc,500 ml,Single,Wine,6.04,8224201798
4209,Bottega Prosecco,375 ml,,Wine,8.46,8678526051
4210,Brazilian Brut,750 ml,,Wine,36.29,6000108334
4211,Bread & Butter Chard,,,Wine,16.93,5083200426
4212,Bread & Butter Pinot Noir 750m,750 ml,,Wine,16.93,5083200427
4213,Brut De Peach,750 ml,,Wine,12.09,3465100158
4214,Butter Bubbles Chardnnoy,750 ml,,Wine,20.56,5370600253
4215,Butter Cabernet,750 ml,,Wine,21.77,5370600252
4216,Butter Chardonnay,750 ml,,Wine,20.56,5370600203
4217,CAPRICCIO,375 ml,,Wine,4.83,8901601972
4218,CAPRICCIO,,4-Pack,Wine,19.35,8901601973
4219,CAPRICCIO BTL,,4-Pack,Wine,19.35,8901601816
4220,CAPRICCIO PASSION,750 ml,,Wine,13.3,8901601970
4221,CARLO ROSSI,,,Wine,10.88,8500000480
4222,CARLO ROSSI BLUSH,4 L,,Wine,24.19,8521602
4223,CARLO ROSSI CAB-SAUV,,,Wine,10.88,8500000481
4224,CARLO ROSSI SANGRIA,,,Wine,6.04,8500002502
4225,CARLO ROSSIPINK SANGRIA,,,Wine,10.88,8500002628
4226,CASAMIGO BLANCO 1.75ML,,,Wine,133.09,5672400614
4227,CHALK HILL CHARD,750 ml,,Wine,24.19,8823200082
4228,CHANDON BRUT,750 ml,,Wine,24.19,8515527321
4229,CHIANTI CLASSICO,,,Wine,20.56,8678512031
4230,CHLOE PINOT NOIR,750 ml,,Wine,16.93,8130800356
4231,CINTA PROSECCO,750 ml,,Wine,12.09,6395553220
4232,CLOS MALBEC,,,Wine,18.14,7.79814E+12
4233,CLOUS.BUTTERY CHARD,750 ml,,Wine,19.35,8500003414
4234,CULITOS CAB /MERLOT 1.5ML,1.5 L,,Wine,15.72,705411202
4235,CUPCAKE LIGHT CHARD.,750 ml,,Wine,12.09,8130801164
4236,Cabo Wabo Blanco,750 ml,,Wine,54.44,2081591073
4237,Cali By Snoop Red Blend,750 ml,Single,Wine,15.72,1235401615
4238,Callia Alta Malbec 2022,750 ml,,Wine,13.3,8678575035
4239,Calvo Red Blend,750 ml,,Wine,7.25,9233900265
4240,Campo Rioja,,,Wine,16.93,4103029879
4241,Campo Veijo Cava Brut,750 ml,,Wine,18.14,5283210585
4242,Campo Viejo Rioja Rsv,750 ml,Single,Wine,16.93,5283210481
4243,Cantina Zaccagnini Pinot Grigio,750 ml,Single,Wine,20.56,8947550119
4244,Capri Menthol,,,Wine,24.19,2723929
4245,Capriccio Peach,750 ml,,Wine,13.3,8901600022
4246,Capriccio Red Blend,,4-Pack,Wine,19.35,8901600085
4247,Capriccio Rose Sangria,355 ml,4-Pack,Wine,19.35,8901600082
4248,Capriccio Sangria,375 ml,4-Pack,Wine,19.35,8901601676
4249,Capriccio white sangria,,,Wine,13.3,8901601794
4250,Capricio Rose,750 ml,,Wine,13.3,8901601792
4251,Capricio Sangria,1.5 L,Single,Wine,6.04,8901600080
4252,Capricio btl,,4-Pack,Wine,19.35,8901601812
4253,Capricio rose loose,,,Wine,4.34,8901601810
4254,Carletto Pinot Grigio,1.5 L,Single,Wine,19.35,1364500011
4255,Carlo Rossi,1.5 L,,Wine,10.88,8500000488
4256,Carlo Rossi Blueberry Sangaria 750,750 ml,,Wine,6.04,8500003234
4257,Carlo Rossi Blush 4L,,,Wine,24.19,8500000216
4258,Carlo Rossi Burg 150L,,,Wine,10.88,8500000698
4259,Carlo Rossi Burg 4L,,,Wine,24.19,8500000694
4260,Carlo Rossi Cabernet Sauv. - 4L,4 L,,Wine,24.19,8500001446
4261,Carlo Rossi Chablis 1.50l,,,Wine,10.88,8500000704
4262,Carlo Rossi Chablis 4L,,,Wine,24.19,8500000719
4263,Carlo Rossi Chianti - 4L,,,Wine,24.19,8500001023
4264,Carlo Rossi Merlot - 4L,4 L,,Wine,24.19,8500001447
4265,Carlo Rossi Paisano 150l,,,Wine,10.88,8500000722
4266,Carlo Rossi Paisano 4L,,,Wine,24.19,8500000729
4267,Carlo Rossi Pink Moscato Sang,,,Wine,6.04,8500002503
4268,Carlo Rossi Rhine,1.5 L,,Wine,10.88,8500000701
4269,Carlo Rossi Rhine 4L,,,Wine,24.19,8500000718
4270,Carlo Rossi Sangria,750 ml,,Wine,6.04,8500002501
4271,Carlo Rossi Sangria 150L,,,Wine,10.88,8500000713
4272,Carlo Rossi Sangria 4L,,,Wine,24.19,8500000716
4273,Carlo Rossi Sweet Red - 4L,,,Wine,24.19,8500000572
4274,Carlo Rossi Watermelon Sangria,1.5 L,,Wine,10.88,8500003248
4275,Carlo Rossi White Zin,1.5 L,,Wine,10.88,8500000494
4276,Carlo Rossi White Zin 4L,,,Wine,24.19,8500001448
4277,Carlo Rossui Peach Sangria 750,,,Wine,6.04,8500003235
4278,Casa Azul Blanco Tequila,750 ml,,Wine,78.64,1009579007
4279,Casa Dragones Teq Blanco,750 ml,Single,Wine,116.15,3604053273
4280,Casa Mexico Blanco,750 ml,Single,Wine,29.03,5002308400
4281,Casa Mexico Blanco`,50 ml,,Wine,2.41,5002308402
4282,Casal Garcia,750 ml,,Wine,10.88,1566600000
4283,Casal Garcia Rose,750 ml,Single,Wine,12.09,6479332830
4284,Casal Garcia Sangria,750 ml,,Wine,10.88,6479336031
4285,Casal Garcia Vinho Verde,750 ml,Single,Wine,12.09,6479320830
4286,Casal Garcia Vino Tinto,750 ml,Single,Wine,12.09,6479335130
4287,Casamigo blanco 1L,,,Wine,78.64,5672400610
4288,Casamigos Blanco,375 ml,,Wine,33.87,5672400612
4289,Cascinetta Vietti Asti,750 ml,Single,Wine,16.93,4878950013
4290,Casillero Del Diablo Red Blend,750 ml,Single,Wine,18.14,8273454042
4291,Casillero Diablo Cabernet Sauvgnon,750 ml,,Wine,13.3,8273400109
4292,Casillero Diablo Malbec,,,Wine,13.3,8273415350
4293,Casillero Diablo Merlot,,,Wine,13.3,8273431464
4294,Casino Azul Blanco,,,Wine,84.69,7.50222E+12
4295,Cast Paggio Mosc Asti,750 ml,,Wine,19.35,7615300028
4296,Castello Del Poggio Sau Blanc,750 ml,,Wine,14.51,7615300397
4297,Cavalos Douro,750 ml,,Wine,18.14,5435500068
4298,Cave De Lugny Chardonnay,750 ml,Single,Wine,29.03,3125900282
4299,Cavicchioli Lambrusco,1.5 L,,Wine,16.93,8974475946
4300,Cavit Merlot,187 ml,4-Pack,Wine,12.09,8678521137
4301,Cavit Moscato,1.5 L,,Wine,16.93,8678521242
4302,Cavit Pinot Grigio,1.5 L,,Wine,16.93,8678500003
4303,Cavit Pinot Grigio,187 ml,,Wine,3.03,8678521109
4304,Cavit Pinot Grigio,750 ml,,Wine,12.09,8678500008
4305,Cavit Pinot Grigio,,4-Pack,Wine,12.09,8678521110
4306,Cavit Pinot Noir,1.5 L,Single,Wine,16.93,8678521150
4307,Cavit Pinot Noir,187 ml,,Wine,3.03,8678521166
4308,Cavit Pinot Noir,,4-Pack,Wine,12.09,8678521180
4309,Cavit Riesling,1.5 L,Single,Wine,16.93,8678521208
4310,Caymus Cab Sauv,750 ml,Single,Wine,60.49,1722471310
4311,Caymus Suisun The Walking Fool Red Blend,750 ml,Single,Wine,36.29,1722471001
4312,Cazadores Blanco,1.75 L,Single,Wine,48.39,8048017200
4313,Cazadores Blanco,750 ml,,Wine,42.34,8048017202
4314,Cerra Anon Crianza,750 ml,,Wine,15.72,8.41142E+12
4315,Cerro Anon Rioja Reserve,,,Wine,24.19,8.41142E+12
4316,Chateau Bonesperance Merlot,750 ml,Single,Wine,12.09,1564374665
4317,Chateau Butte De Charlemagne Red,750 ml,,Wine,13.3,1564374667
4318,Chateau Chardonnay,750 ml,,Wine,42.34,8823200003
4319,Chateau Janon Bordeaux,750 ml,,Wine,12.09,1564374008
4320,Chateau La Gordonne,750 ml,Single,Wine,24.19,3.14271E+12
4321,Chateau Vieille Tour Red,750 ml,,Wine,13.3,1564367378
4322,Chaval Rose Organic,750 ml,,Wine,9.67,9540500236
4323,Chianti Banfi,750 ml,,Wine,16.93,8051640694
4324,Chloe Pinot Grigio,750 ml,,Wine,16.93,8130800333
4325,Cinta Montepulciano,750 ml,,Wine,12.09,6395553200
4326,Cinzano Spumante,,,Wine,16.93,8678590012
4327,Clos De Napa Sauvignon Blanc,750 ml,Single,Wine,19.35,609805181
4328,Clos Du Bois Chardonnay,750 ml,Single,Wine,13.3,8735651012
4329,Clos Du Bois Merlot,750 ml,,Wine,12.09,8735642112
4330,Clos Du Bois Sauv Blanc,,,Wine,19.35,8735653512
4331,Clos Du Val Cab Sau,750 ml,Single,Wine,66.54,8176104212
4332,Cloutier Brut,750 ml,,Wine,36.29,3938301048
4333,Cockburn's Fine Ruby Porto,750 ml,Single,Wine,21.77,9479912012
4334,Colori Di Giada Sangria Tropical Mango,750 ml,Single,Wine,13.3,125456210
4335,Columbia Cabernet Sauv,750 ml,,Wine,14.51,8858640184
4336,Conundrum Red Blend,750 ml,,Wine,37.5,1722476012
4337,Coppola Diam Merlot,750 ml,,Wine,21.77,3995897410
4338,Coppola Prosecco,750 ml,,Wine,16.93,8224201726
4339,Coppola Prosecco Rose,750 ml,,Wine,16.93,8224201727
4340,Coppola Sauv Blanc,,,Wine,19.06,3995803460
4341,Corazon Teq Blanco,1 L,Single,Wine,36.29,8308900407
4342,Corralejo Blanco,1 L,Single,Wine,45.97,2081593036
4343,Corralejo Blanco,750 ml,,Wine,38.71,2081593063
4344,Cortes De Cima Red Wine,750 ml,,Wine,24.19,6395563271
4345,Covalli Barolo,750 ml,,Wine,30.24,6395552257
4346,Covalli Brut,750 ml,,Wine,14.51,6395552300
4347,Covalli Prosecco X.Dry,750 ml,,Wine,14.51,6395552310
4348,Covey Run Riesling,750 ml,,Wine,13.3,8735710005
4349,Crane Lake Chard,,,Wine,6.04,8105439440
4350,Crane Lake Merlot,,,Wine,6.04,8105439447
4351,Cricova Semis Weet Cabernet Auvigon,750 ml,,Wine,13.3,4.84001E+12
4352,Crossing Sav Blanc,750 ml,,Wine,14.51,3186900001
4353,Crossings Light Wave Sauvinon Blanc,750 ml,,Wine,14.51,3186999097
4354,Culito Merlot,1.5 L,,Wine,15.72,705411021
4355,Culitos Merlot,750 ml,,Wine,9.67,705411017
4356,Culitos Moscato,1.5 L,,Wine,15.72,705411109
4357,Culitos Moscato Rose,1.5 L,,Wine,15.72,705411022
4358,Cupcake Butt. Chardonnay,750 ml,Single,Wine,15.72,8130800439
4359,Cupcake Chardonnay,750 ml,,Wine,13.3,8130859207
4360,Cupcake Citruskissed Pinot Grigio,,,Wine,13.3,8130801446
4361,Cupcake Merlot,750 ml,,Wine,13.3,8130800028
4362,Cupcake Pinot Grigio,750 ml,,Wine,13.3,8130800106
4363,Cupcake Pinot Noir,750 ml,,Wine,13.3,8130800124
4364,Cupcake Sauv Blanc,750 ml,,Wine,13.3,8130800043
4365,Cyt Frontera Merlot,750 ml,,Wine,7.25,8273431374
4366,Cyt Frontera Shiraz 1.50l,,,Wine,12.09,8273430032
4367,DP Los Cardos Malbec,750 ml,,Wine,12.09,7.79809E+12
4368,DaVinci Docg Chianti,750 ml,,Wine,15.72,8500001217
4369,Dark Horse Cab,750 ml,,Wine,10.88,8500002030
4370,Dark Horse Chard,750 ml,,Wine,10.88,8500002031
4371,Dark Horse Merlot,750 ml,,Wine,10.88,8500002287
4372,Dark Horse Pinot Grigio,750 ml,,Wine,10.88,8500002528
4373,Dashwood Sau Blanc,750 ml,,Wine,16.93,2235836010
4374,Dead Bolt Red Blend,750 ml,,Wine,12.09,5283210617
4375,Decoy Pinot Noir,750 ml,,Wine,26.61,6957601922
4376,Diablo Cabernet Sauv,750 ml,Single,Wine,16.93,8273427226
4377,Divining Rod Chard,750 ml,,Wine,20.56,8601280201
4378,Don Fulano Blanco,750 ml,Single,Wine,78.64,7.41639E+12
4379,Don Juilo Blanco,750 ml,,Wine,55.65,8807618937
4380,Don Julio Blanco,1.75 L,,Wine,108.89,7454500062
4381,Don Julio Blanco,375 ml,,Wine,31.45,7454500059
4382,Don Miguel Gascon Malbec,,,Wine,19.35,8500001614
4383,Donati Cab Sauv,750 ml,,Wine,24.19,8783300023
4384,Dos Hombres Tequila Blanco,750 ml,Single,Wine,54.44,5002054405
4385,Double Diamond,,,Wine,6.04,3519600025
4386,Dr Loosen Riesling,,,Wine,18.14,8310300001
4387,EA RED WINE,750 ml,,Wine,10.88,6395562321
4388,ESTA VINHO VERDE,750 ml,,Wine,12.09,8860301238
4389,Ecco Domani Pinot Grigio,750 ml,,Wine,14.51,8500000843
4390,Ed Hardy Red Sangria,1.5 L,Single,Wine,14.51,8860301021
4391,Ed Hardy Red Sangria,500 ml,,Wine,2.41,8860301176
4392,Ed Hardy Sangria,750 ml,,Wine,10.88,8860301006
4393,Ed Hardy White Sangria,500 ml,,Wine,2.41,8860301177
4394,El Jimador Blanco,750 ml,,Wine,30.24,4460706820
4395,El Tesoro Blanco,750 ml,,Wine,60.49,8068676040
4396,Elmo Pio Asti,750 ml,Single,Wine,12.09,8715292031
4397,Embroidery Monterey Pinot Noir,750 ml,Single,Wine,12.09,5135755624
4398,En Route Pinot Noir,750 ml,Single,Wine,84.69,9905500201
4399,Ent Wine Pinot Grigio,750 ml,,Wine,13.3,8963619113
4400,Epilog Sauv blanc / Mosc,750 ml,,Wine,12.09,8.41242E+12
4401,Epilog Temp / Merlot,750 ml,,Wine,12.09,8.41242E+12
4402,Erath Pinot Nior,750 ml,,Wine,21.77,8468700101
4403,Esk Velley Sauv Blanc,750 ml,Single,Wine,24.19,8858600469
4404,Espolan Blanco,375 ml,,Wine,22.98,6480400037
4405,Espolon Blanco,375 ml,Single,Wine,12.09,6480400079
4406,Espolon Blanco,750 ml,,Wine,39.92,2105970750
4407,Espolon Blanco 1L,,,Wine,44.76,2105970100
4408,Estancia Pinot Noir,750 ml,,Wine,18.14,8308530118
4409,FINKA ROSE WINE,750 ml,,Wine,20.56,4499613893
4410,FRANZIA STR.ROSE,3 L,,Wine,18.14,8312001275
4411,Fairbabnks Port 3L,,,Wine,21.77,8553504
4412,Fairbanks Por,750 ml,,Wine,10.88,8500000532
4413,Fairbanks Port,1.5 L,,Wine,16.93,8500000534
4414,Fairbanks Port,3 L,,Wine,30.24,8500000535
4415,Fairbanks ports,1.5 L,,Wine,16.93,8553407
4416,Ferrari Carano Pinot Grigio,750 ml,Single,Wine,18.14,4265115210
4417,Ferrari Carano Pinot Noir,750 ml,Single,Wine,39.92,4265116810
4418,Ferrari Carano Savignon Blanc,750 ml,Single,Wine,16.93,4265112310
4419,Feudi Montepulciano,750 ml,Single,Wine,12.09,3738600041
4420,Filari Montepulciano,750 ml,Single,Wine,13.3,104750097
4421,Fit Vin Sauvignon Blanc 750Ml,750 ml,,Wine,18.14,5308600803
4422,Fit Wine Hldy Gift,750 ml,2-Pack,Wine,42.34,5308600835
4423,Fit Wine Pinot Noir,750 ml,,Wine,20.56,5308600802
4424,Fit vin Pinot grigio,750 ml,,Wine,18.14,5308600807
4425,Fitwine Cab/Sauv,750 ml,,Wine,18.14,5308600800
4426,Fitwine Red Zinfandel,750 ml,Single,Wine,12.09,5308600827
4427,Flecha Azul Blanco,750 ml,Single,Wine,60.49,5001352400
4428,Flip Flop Moscato,1.5 L,,Wine,14.51,8130800224
4429,FlipFlop Chard,1.5 L,,Wine,14.51,8130800223
4430,FlipFlop Pinot Grigio - 1.5,,,Wine,14.51,8130800225
4431,Florentina Chianti,750 ml,,Wine,16.93,1564325707
4432,Floriovo,750 ml,,Wine,13.3,8676749126
4433,Fonseca Ruby Porto,,,Wine,22.98,8469230344
4434,Fonseca Twany Porto,,,Wine,22.98,8469230354
4435,Francis Coppola,375 ml,Single,Wine,13.3,3995818481
4436,Franzia Blush - 5L,,,Wine,22.98,8312010369
4437,Franzia Burgundy 5L,,,Wine,27.82,8312010239
4438,Franzia Cab 5L,,,Wine,27.82,8312010189
4439,Franzia Cabernet Savignon,5 L,,Wine,27.82,8312001125
4440,Franzia Chablis 5L,,,Wine,27.82,8312010279
4441,Franzia Chard 5L,,,Wine,27.82,8312010209
4442,Franzia Chill Red 5L,,,Wine,22.98,8312010069
4443,Franzia Crisp Wht 5L,,,Wine,22.98,8312010289
4444,Franzia Dark Red - 5L,,,Wine,27.82,8312000335
4445,Franzia Margarita 5L,5 L,Single,Wine,27.82,8312001523
4446,Franzia Merlot 5L,,,Wine,27.82,8312010019
4447,Franzia Pink Moscato - 5L,,,Wine,27.82,8312000354
4448,Franzia Pinot Grigio 5L,,,Wine,27.82,8312010039
4449,Franzia Pinot Noir,5 L,Single,Wine,27.82,8312000382
4450,Franzia Refresh White - 5L,,,Wine,22.98,8312010199
4451,Franzia Sangria 5L,,,Wine,22.98,8312010329
4452,Franzia Sau Blanc,,,Wine,27.82,8312001123
4453,Franzia Wht Zin - 5L,,,Wine,27.82,8312010319
4454,Fre Brut,750 ml,,Wine,12.09,8510527
4455,Fre Merlot No Alcohol,750 ml,,Wine,12.09,8510828
4456,Freixenet Negro Brut,750 ml,,Wine,15.72,3329300455
4457,Freixenet Pinot Grigio,750 ml,,Wine,15.72,1625301250
4458,Frontera Buttery Chard,1.5 L,Single,Wine,12.09,8273431412
4459,Frontera Cab/Merlot,1.5 L,,Wine,12.09,8273400101
4460,Frontera Cab/Merlot,750 ml,Single,Wine,7.25,8273400102
4461,Frontera Malbec,1.5 L,,Wine,12.09,8273446702
4462,Frontera Merlot,1.5 L,,Wine,12.09,8273431372
4463,Frontera Pinot Grigio,750 ml,Single,Wine,7.25,8273441668
4464,Fu-Ki Sake,750 ml,Single,Wine,20.56,8602402413
4465,Fun Wine Coco Chard,,,Wine,2.41,5875100212
4466,Fun Wine Sangria,,,Wine,2.41,5875100210
4467,G.H.Mumm Brut,750 ml,,Wine,66.54,5283210489
4468,Gallo Cab Sauv,1.5 L,,Wine,12.09,8500000501
4469,Gallo Chard,1.5 L,,Wine,12.09,8500000506
4470,Gallo Merlot,1.5 L,,Wine,12.09,8500000985
4471,Gallo Moscato,1.5 L,,Wine,12.09,8500001520
4472,Gallo Pink Moscato,1.5 L,,Wine,12.09,8500001991
4473,Gallo Pinot Grigio,1.5 L,,Wine,12.09,8500001586
4474,Gallo Pinot Noir,1.5 L,,Wine,12.09,8500001588
4475,Gallo Red Moscato,1.5 L,,Wine,12.09,8500002047
4476,Gallo Sauv Blanc 1.50L,,,Wine,12.09,8500000587
4477,Gallo Sweet Apple,750 ml,,Wine,6.04,8500002557
4478,Gallo Sweet Berry,750 ml,,Wine,6.04,8500002298
4479,Gallo Sweet Pineapple,750 ml,,Wine,6.04,8500002256
4480,Gallo Sweet Red,1.5 L,,Wine,12.09,8500001716
4481,Gallo White Zin,1.5 L,,Wine,12.09,8500000784
4482,Gasolinacocktail Sangria,,5-Pack,Wine,16.93,4370920055
4483,Gato Negro Cab / Merlot,1.5 L,,Wine,12.09,8832013101
4484,Gato Negro Merlot,1.5 L,,Wine,12.09,8832013105
4485,Gekkeikan Sake,750 ml,Single,Wine,13.3,2881719912
4486,Giesen Sauv Blanc Zero Alcohol,750 ml,Single,Wine,15.72,3741100081
4487,Glazebrook Sauvignon Blanc,750 ml,Single,Wine,19.35,8974442399
4488,Gooseneck Brut Rose,750 ml,,Wine,12.09,2802846699
4489,Gooseneck Prosecco,750 ml,Single,Wine,12.09,2802822863
4490,Graham's Fiine Ruby Porto,750 ml,,Wine,24.19,9479901002
4491,Gran Baron Brut,187 ml,,Wine,3.62,5364600422
4492,Gran Centenario blanco,750 ml,,Wine,43.55,1153801413
4493,Grand Old Parr 12yr,750 ml,,Wine,44.76,8807617464
4494,Green Card Blanco,750 ml,Single,Wine,72.6,9871545240
4495,Gris Blanc Rose,1.5 L,Single,Wine,36.29,1214702057
4496,Gris Blanc Rose,750 ml,,Wine,18.14,9425400282
4497,Hahn Pinot Gris,750 ml,,Wine,15.72,8678844400
4498,Hahn Pinot Noir,,,Wine,15.72,8678888802
4499,Harken Chard,750 ml,,Wine,15.72,4715900181
4500,Havana Club Blanco,750 ml,,Wine,26.61,8048000689
4501,Hawk Crest Chard,750 ml,,Wine,12.09,8859320005
4502,Herodes Mezcal Artesanal Blanco,700 ml,Single,Wine,18.14,7.50303E+12
4503,Herradura Blanc,375 ml,,Wine,35.08,4460701060
4504,Hess Cab Sauv,,,Wine,21.77,1788851002
4505,High Octane Moscato,750 ml,,Wine,7.25,5000886778
4506,Hob Nob Wicked Chard,750 ml,,Wine,6.04,3125900115
4507,Honest Thief Cabernet Sauvignon,750 ml,Single,Wine,24.19,3125900523
4508,Il Grigio Chianti Classico,750 ml,Single,Wine,30.24,906711009
4509,Intercept Pinot Noir,750 ml,,Wine,24.19,4715900250
4510,Invivo Sauvignon Blanc,750 ml,,Wine,21.77,8678585001
4511,Iris Pinor Noir,750 ml,,Wine,27.82,5198400028
4512,Iron Side Cab Sau,12 Oz,Single,Wine,18.14,1087902013
4513,Iron Side PInot Noir,750 ml,,Wine,18.14,1087902087
4514,J Brut Rose,750 ml,,Wine,50.81,2462411201
4515,J Cali Brut,750 ml,Single,Wine,30.24,2462400102
4516,J.Lohr Cab Sauv Seven Oaks,1.5 L,Single,Wine,42.34,8912128813
4517,JOSH BUTTERY CHARD.,750 ml,,Wine,18.14,3125900447
4518,JOSH CAB SAUV RESERVE,,,Wine,22.98,3125900432
4519,JOSH RES.ZINFANDAL,750 ml,,Wine,22.98,3125900499
4520,JOSH ROSE,,,Wine,18.14,3125900104
4521,JOsh Chard,750 ml,,Wine,21.77,3125900303
4522,Jaguar Blanco,750 ml,,Wine,60.49,6045752980
4523,Jam Jar Red Blend,750 ml,,Wine,12.09,5573800011
4524,Joel Gott Sauv Blanc,750 ml,,Wine,15.72,8898500011
4525,Josh Cab Sauv,375 ml,,Wine,9.67,3125900420
4526,Josh Cabernet Sav,750 ml,Single,Wine,18.14,5774400131
4527,Josh Cellars Sparkling Non Alchoholic,750 ml,Single,Wine,18.14,3125900566
4528,Josh Celler,1.5 L,,Wine,31.45,3125900501
4529,Josh Chardonnay,750 ml,,Wine,18.14,5774400132
4530,Josh Hearth Cab,750 ml,,Wine,18.14,3125900531
4531,Josh Legacy,750 ml,,Wine,18.14,3125904802
4532,Josh Merlot,750 ml,,Wine,18.14,5774401115
4533,Josh North Coast Cab,750 ml,,Wine,22.98,3125900004
4534,Josh Paso Robles Cab,750 ml,,Wine,22.98,3125904923
4535,Josh Pinot Grigeo,750 ml,Single,Wine,18.14,3125900145
4536,Josh Pinot Noir,750 ml,,Wine,21.77,3125904695
4537,Josh Prosecco Rose,750 ml,,Wine,18.14,3125900449
4538,Josh Proseco,750 ml,,Wine,18.14,3125900372
4539,Josh Reserve Pinot Noir,750 ml,Single,Wine,24.19,3125900545
4540,Josh Reserve Sab. Blanco,750 ml,Single,Wine,20.56,3125900580
4541,Josh Sav Blanc,750 ml,,Wine,18.14,3125904697
4542,Josh Seaswept Sparkling Wine,750 ml,Single,Wine,18.14,3125900570
4543,Josh Seaswpt Sau Blanc & Pg,750 ml,,Wine,18.14,3125900534
4544,KJ Avant Chard,750 ml,,Wine,15.72,8158404767
4545,Kagor Red Dessert Wine,750 ml,Single,Wine,13.3,4.82E+12
4546,Kendall Jackson Cab VR,,,Wine,21.77,8158401317
4547,Kendall Jackson Chard,750 ml,,Wine,18.14,8158401310
4548,Kendall Jackson Merlot,,,Wine,21.77,8158413152
4549,Kendall Jackson Sav Blan,750 ml,,Wine,15.72,8158413040
4550,Kim Carwford P Grigio,750 ml,,Wine,18.14,8935201031
4551,Kim Crawford Rose,750 ml,Single,Wine,13.3,8935201009
4552,Kim Crawford Sauv Blanc,750 ml,,Wine,18.14,8935200961
4553,Kim Crawford Sauv Illuminate,750 ml,,Wine,18.14,8935201008
4554,Korbel Brut,1.5 L,,Wine,32.66,8470409123
4555,Korbel Brut,750 ml,,Wine,19.35,8470409132
4556,Kris Pinot Grigio,750 ml,,Wine,15.72,9870943620
4557,LES VOLETS PINOT NOIR,750 ml,,Wine,15.72,3.43056E+12
4558,LINE 39 PINOT GRIGIO,750 ml,,Wine,12.09,9875600156
4559,LINE 39 SAU. BLANC,750 ml,,Wine,12.09,9875600104
4560,LISBOA VINHO,750 ml,,Wine,10.88,5.60242E+12
4561,La Crema Sonoma Chard,750 ml,,Wine,27.82,4933100222
4562,La Forcine Sauv Blanc,750 ml,,Wine,13.3,6395541122
4563,La Fuerza Red Wine,1.5 L,Single,Wine,24.19,7.46074E+12
4564,La Fuerza Red Wine,750 ml,Single,Wine,13.3,7.46074E+12
4565,LaLuca Prosecco,750 ml,,Wine,14.51,8017553164
4566,Lamarca Prosecco,,,Wine,22.98,8500001773
4567,Lamarca Prosecco Demi Sec,,,Wine,22.98,8500004066
4568,Lan Rioja,750 ml,,Wine,18.14,4715405094
4569,Laria Montepulciano,1.5 L,,Wine,13.3,8.01539E+12
4570,Layer Cake Malbec,,,Wine,18.14,9659900203
4571,Le Contesse Prosecco,750 ml,,Wine,16.93,8.00507E+12
4572,Legendary Cab Sauv,1.5 L,,Wine,13.3,5.94208E+12
4573,Legendary Chard,1.5 L,,Wine,13.3,5.94208E+12
4574,Legendary Pinot Grigio +Tax,1.5 L,,Wine,13.3,5.94208E+12
4575,Legendary Pinot Nior,1.5 L,,Wine,13.3,5.94208E+12
4576,Legendary Sauv Blanc,1.5 L,,Wine,13.3,5.94208E+12
4577,Libelula Blanco,1 L,Single,Wine,32.66,6001078110
4578,Liberated Pinot Nior,750 ml,,Wine,24.19,6483800012
4579,Liberty Creek Cabernet Sauvingnon,1.5 L,Single,Wine,10.88,8500001129
4580,Liberty Creek Chardonnay,1.5 L,Single,Wine,10.88,8500001130
4581,Liberty Creek Merlot,1.5 L,,Wine,10.88,8500001128
4582,Liberty Creek Moscato,1.5 L,,Wine,10.88,8500001803
4583,Liberty Creek Pink Moscato,1.5 L,Single,Wine,10.88,8500002150
4584,Liberty Creek Pinot Grigio,1.5 L,Single,Wine,10.88,8500001839
4585,Liberty Creek Pinot Noir,1.5 L,,Wine,10.88,8500001838
4586,Liberty Creek White Zinfandel,1.5 L,Single,Wine,10.88,8500001127
4587,Livon Pinot Grigio,750 ml,,Wine,21.77,6080900112
4588,Lobster Reef Sauvignon Blanc,750 ml,Single,Wine,18.14,251199989
4589,Lolli Sweet Red,750 ml,Single,Wine,18.14,8500003366
4590,Lolli Sweet Twist,,,Wine,18.14,8500003635
4591,Lolli Wine Cocktail,750 ml,Single,Wine,18.14,8500003636
4592,Louis Jadot Beaujolais Vill,750 ml,Single,Wine,24.19,8469240054
4593,Louis Jadot Chablis,750 ml,Single,Wine,33.87,8469243314
4594,Louis Jadot Chard Bourg,,,Wine,24.19,8469245514
4595,Louis Jadot Pouilly Fuisse,,,Wine,42.34,8469242454
4596,Love noir,750 ml,,Wine,14.51,8130800365
4597,Lunazul Blanco,50 ml,,Wine,3.33,9674990851
4598,Luscious Cabernet Sauvignon,750 ml,,Wine,10.88,3929500682
4599,Luscious Cabernet Sauvignon Semi-Sweet,1.5 L,Single,Wine,22.98,3929500683
4600,Luscious Moscato & Pinot Nior,750 ml,,Wine,10.88,3929500686
4601,Luscious Moscato & Pinot Noir,1.5 L,Single,Wine,22.98,3929500687
4602,M&R Asti,750 ml,,Wine,18.14,1103450005
4603,M&R Asti Spum,1.5 L,,Wine,31.45,1103450003
4604,M&R Asti Spumante,375 ml,,Wine,14.51,1103450007
4605,MIONETTO ROSE,750 ml,,Wine,20.56,1625301240
4606,Maestro Dobel Diamante Tequila Blanco,750 ml,Single,Wine,66.54,1153801230
4607,Magic Door Cabernet Sauvignon,750 ml,Single,Wine,43.55,1087902039
4608,Mannequin Chardonnay 2021,750 ml,,Wine,42.34,8500002539
4609,Maresina Prosecco,750 ml,,Wine,8.46,6457700005
4610,Mark West Cabernet Sauv,750 ml,,Wine,13.3,8500003712
4611,Mark West Pinot Nior,1.5 L,,Wine,24.19,5171800063
4612,Mark West Pinot Noir,,,Wine,14.51,5171800004
4613,Marques De Riscal Rioja,750 ml,Single,Wine,29.03,8832000302
4614,Martin Ray Cab Sau,750 ml,,Wine,30.24,2972200199
4615,Martin Ray Sau Blanc,750 ml,Single,Wine,24.19,2972210012
4616,Maschio Brut,750 ml,Single,Wine,14.51,8974476612
4617,Masciarelli Montepulciano,1.5 L,Single,Wine,30.24,5216500637
4618,Mayenda Blanco,750 ml,Single,Wine,84.69,7.50302E+12
4619,Me Merlot,750 ml,,Wine,44.76,8474500350
4620,Meiomi Pinot Noir,750 ml,,Wine,24.19,5516500507
4621,Menage A Trois Moscato,,,Wine,16.93,9998807115
4622,Menage Procescco,750 ml,,Wine,15.72,9998807130
4623,Menage Trois Red,750 ml,,Wine,13.3,9998807109
4624,Menage a Trois Midnight,750 ml,,Wine,13.3,9998807129
4625,Menage a Trois Pinot Grigio,,,Wine,13.3,9998807178
4626,Menage a` Trois Silk,750 ml,,Wine,13.3,9998807136
4627,Menge a trois pinot 750,,,Wine,13.3,9998807157
4628,Mezcal Ilegal Joven Blanc,750 ml,Single,Wine,50.81,8974475735
4629,Mi Campo Blanco,375 ml,Single,Wine,15.72,8600327206
4630,Mijenta Blanco,750 ml,Single,Wine,64.12,5001589900
4631,Milagro Blanco,200 ml,Single,Wine,14.51,8366487522
4632,Mionetto Brut,750 ml,,Wine,19.35,00000MIO1
4633,Mionetto Procc,750 ml,,Wine,20.56,2776050163
4634,Mionetto Proseco,1.5 L,,Wine,32.66,2776050198
4635,Mionetto Rose Prosecco,187 ml,2-Pack,Wine,10.88,1625301110
4636,Mirassou Pinot Noir,750 ml,,Wine,10.88,8500001227
4637,Moet &Chad Ice Imp Rose,,,Wine,108.89,8175382800
4638,Moet Ice Imp.,750 ml,,Wine,79.85,8175381802
4639,Moet Imperial White Star - 750,,,Wine,55.65,8811055105
4640,Moet Nectar Imp Rose,,,Wine,108.89,8175383184
4641,Moet Nectar Imperial Rose,,,Wine,96.79,8807616165
4642,Moet Rose,750 ml,,Wine,96.79,8175383510
4643,Moet rose,375 ml,,Wine,48.39,8175381677
4644,Mon Frere Cab Sauv,750 ml,,Wine,9.67,8678549416
4645,Mon Frere Chard,750 ml,,Wine,14.51,8678549415
4646,Mon Frere Pinot Noir,750 ml,,Wine,7.25,8678549418
4647,Monkey Bay Sau Blanc,750 ml,Single,Wine,13.3,8312001506
4648,Monkey Bay Sav Blanc 1.5,,,Wine,26.61,8210073845
4649,Monsieur Sav Blanc,750 ml,,Wine,12.09,1564300018
4650,Mosolo Pinot Noir,1.5 L,,Wine,13.3,5420700396
4651,Mosolo Pinot Noir,750 ml,,Wine,8.46,5420700395
4652,Nicasia Vineryar Malbec,750 ml,Single,Wine,116.15,9870908865
4653,Nicol's Pinot Noir,750 ml,,Wine,12.09,8372900655
4654,Nicolas Cab Sauv,750 ml,,Wine,12.09,8372900665
4655,Nicolas Chard,750 ml,Single,Wine,10.88,8372900249
4656,Nicolas Merlot,750 ml,,Wine,10.88,8372900666
4657,Nobilo Sauv Blanc,750 ml,,Wine,18.14,8143431530
4658,O 61 Red Blend,750 ml,Single,Wine,19.35,1009840025
4659,Oberon Napa Cabernet,750 ml,Single,Wine,33.87,7739700040
4660,Old Vine Riesling,750 ml,,Wine,13.3,4675100017
4661,Oliver Blueberry Moscato,750 ml,,Wine,15.72,1258432020
4662,Oliver Soft White Wine,750 ml,,Wine,12.09,1258400003
4663,Opici Sangria Box,,,Wine,16.93,8017553374
4664,Outlier Pinot Noir,750 ml,Single,Wine,31.45,9638300029
4665,OysterBay Sauv Blanc,750 ml,,Wine,16.93,7066100802
4666,Oysterbay Chardonnay,750 ml,,Wine,16.93,7066100801
4667,Ozama Ron Dominicano Blanco,700 ml,Single,Wine,35.08,6001298681
4668,Ozeki Hana Awaka sake,,,Wine,12.09,8672411078
4669,PARTIDA BLANCO,750 ml,,Wine,52.02,153051050
4670,PRIMARIUS PINOT NOIR,,,Wine,19.35,5784610096
4671,PRIMARUS PGO,750 ml,,Wine,16.93,4837500386
4672,Palermo Cabernet Sauignon 2021,750 ml,,Wine,66.54,8500002534
4673,Palo Viejo - SILVER,375 ml,,Wine,8.46,8230187876
4674,Palo Viejo Clear,750 ml,,Wine,15.72,8230187837
4675,Palo Viejo GOLD,375 ml,,Wine,8.46,8230187875
4676,Palo Viejo Gold,1.75 L,,Wine,25.4,8230180070
4677,Palo Viejo Gold,200 ml,,Wine,5.12,8230187835
4678,Palo Viejo Gold,750 ml,,Wine,15.72,8230187833
4679,Palo Viejo Silver,1.75 L,,Wine,25.4,8230180075
4680,Papi Cabernet Sauvignon,750 ml,,Wine,10.88,9382800100
4681,Papi Merlot,750 ml,,Wine,10.88,9546900242
4682,Papi Pink Moscato,750 ml,,Wine,10.88,5896200486
4683,Papi Pinot Grigio,750 ml,,Wine,10.88,5896200409
4684,Papi Pinot Noir,750 ml,,Wine,10.88,5896200413
4685,Papillon Cabernet Sauvignon 2021,750 ml,,Wine,84.69,1633900000
4686,Paso Robles Cab Sau,750 ml,Single,Wine,18.14,1087902083
4687,Pavao Sangria,750 ml,Single,Wine,9.67,5.60145E+12
4688,Pavao Vinho Verde,750 ml,,Wine,9.67,8720200017
4689,Paxis Red Blend,750 ml,,Wine,12.09,5.60031E+12
4690,Paxis White Blend,,,Wine,12.09,5.60031E+12
4691,Pessimist By Daou Red Blend,750 ml,,Wine,36.29,9040900279
4692,Picabuey Malbec,750 ml,,Wine,15.72,7.7983E+12
4693,Plastic Bag,,,Wine,0.3,P
4694,Pocas Ruby Porto,750 ml,,Wine,18.14,5435501062
4695,Post & Beam Cabernet Sauv Napa,750 ml,Single,Wine,84.69,5001733750
4696,Pre.Aged Tawny Portmatured In Wood 10Year,750 ml,,Wine,60.49,8722400916
4697,Primo Amore Moscato,750 ml,,Wine,13.3,7615300284
4698,Prophecy chard,750 ml,,Wine,12.09,8500003164
4699,Questa Sangria,1.5 L,,Wine,13.3,6.41586E+12
4700,Quinta Cabernet Sauv,750 ml,,Wine,60.49,5988900600
4701,R. Strong Sonom Chard,750 ml,,Wine,24.19,8751291325
4702,R.Mondavi Merlot,1.5 L,,Wine,21.77,8600300150
4703,REVEN WOOD CHARD,750 ml,,Wine,6.04,1582690191
4704,ROSCATOMOSCATO,750 ml,,Wine,14.51,8678521300
4705,Raymond Reserve Selection Napa Valley Cabernet Sauvignon,,,Wine,72.59,8744721872
4706,Rebellious Pinot Noir,750 ml,,Wine,21.77,8469265996
4707,Red Blend Portugal By Casa,750 ml,Single,Wine,9.67,5.60022E+12
4708,Red Label Wine,750 ml,,Wine,13.3,3619105240
4709,Relax Riesling +Tax,1.5 L,,Wine,24.19,8847400745
4710,Relax Riesling +Tax,750 ml,,Wine,13.3,8847402240
4711,Reputation Cabernet Sauvignon,750 ml,Single,Wine,24.19,3787968954
4712,Rickshaw Pinot Noir,750 ml,Single,Wine,12.09,5386800605
4713,Riporta Montepulciano,750 ml,Single,Wine,20.56,8.01987E+12
4714,Riporta Pg,750 ml,,Wine,20.56,8.01987E+12
4715,Riporta Primitivo,750 ml,Single,Wine,20.56,8.01987E+12
4716,Riunite Lambrusco 3L,,,Wine,21.77,8974476549
4717,Robert Mondavi Chard,375 ml,,Wine,9.67,8600378041
4718,Robert Mondavi Merlot 375,,,Wine,9.67,8600378039
4719,Roblar Chard,750 ml,,Wine,12.09,4161900532
4720,Roco Chardonnay,750 ml,Single,Wine,26.61,9916600202
4721,Roco Pinot Noir,750 ml,Single,Wine,26.61,9916600200
4722,Rodney Strong Cab. Sauvignon,750 ml,Single,Wine,27.82,8751292968
4723,Ron Barcelo Blanco,750 ml,,Wine,24.19,5698100032
4724,Roscato Moscato 250m,50 ml,,Wine,4.84,8678521305
4725,Rossi Chardonnay - 4L,,,Wine,22.98,8500001445
4726,Rossi Moscato Sangria,1.5 L,,Wine,10.88,8500002102
4727,Royal Oporto Porto 10y,750 ml,,Wine,39.92,2138400901
4728,Ruffino Chianti,,,Wine,14.51,8308590302
4729,Ruffino Chianti Superior,,,Wine,15.72,8308590304
4730,Ruffino Lumina PG,1.5 L,,Wine,22.98,8308590407
4731,Ruffino Lumina PG,750 ml,,Wine,12.09,8308590321
4732,Ruffino Prosecco,750 ml,,Wine,15.72,8308590408
4733,Ruffino Reserva Oro,750 ml,,Wine,52.02,8308590322
4734,Ruffino Riserva Classico,750 ml,,Wine,31.45,8308590308
4735,Rutherford Cab Sau,,,Wine,52.02,8771210124
4736,Rutherford Ranch Cab Sauv Napa Valley,750 ml,Single,Wine,79.85,8771210129
4737,SANDARA MOJITO,,,Wine,13.3,8302961573
4738,SCANDALOUS ONE CAB NOIR,750 ml,,Wine,22.98,3604000030
4739,SWEET BITCH MAN.MOS,750 ml,,Wine,13.3,705419021
4740,San Giuseppe Pinot Grigio,1.5 L,Single,Wine,24.19,9613811364
4741,Sandara White,750 ml,,Wine,13.3,8302961567
4742,Sandara straw,750 ml,,Wine,13.3,8302961569
4743,Sandeman POrt 10 Years,,,Wine,43.55,8043290081
4744,Sandeman porto founders rsv,,,Wine,24.19,8043290907
4745,Sangria La Casita,1.5 L,,Wine,12.09,1564324456
4746,Santa Ema Sauv Blanc,750 ml,,Wine,10.88,3581800004
4747,Santa Margarita Pinot Grigio,,,Wine,31.45,3298720020
4748,Santa Margherita Chianti,750 ml,,Wine,30.24,3298720940
4749,Santa Marina Prosecco,750 ml,,Wine,12.09,3938301006
4750,Saperavi Red Dry Wine,,,Wine,24.19,173922531
4751,Seaside Vinho Verde,750 ml,,Wine,9.67,6395569321
4752,Seaside Vinho Verde Rose,,,Wine,9.67,6395569320
4753,Segura Rose,750 ml,,Wine,12.09,3329364000
4754,Segura Viudas,750 ml,Single,Wine,39.92,3329365000
4755,Segura Viudas Brut,750 ml,,Wine,13.3,3329369000
4756,Sella Antica Red Blend,750 ml,Single,Wine,18.14,3298720010
4757,Sensi Brut 18K,750 ml,Single,Wine,31.45,9030417755
4758,Sensi Moscato Rose Gold 18K,750 ml,Single,Wine,31.45,9030417848
4759,Seven Daughters Moscato,750 ml,Single,Wine,14.51,8689108003
4760,Shannon Ridge Cabernet Sauvignon,750 ml,Single,Wine,16.93,5768000101
4761,Shannon Ridge Chard,750 ml,,Wine,16.93,5768000108
4762,Silverado Estate Grown Cabernet Sauvignon,750 ml,Single,Wine,64.12,8841787037
4763,Silverado Sauv.Blanc,750 ml,Single,Wine,30.24,8841788027
4764,Simi Cab Sauv Alex Valley,,,Wine,24.19,8841578055
4765,Simi Sonoma Pinot Nior,750 ml,,Wine,21.77,8841578901
4766,Simonnet Brut Rose,750 ml,,Wine,22.98,3.42251E+12
4767,Simple Life Cab Sauv,750 ml,Single,Wine,15.72,3330200558
4768,Simple Life Pinot Noir,750 ml,Single,Wine,15.72,3330200501
4769,Sofia Blanc De Blancs,187 ml,4-Pack,Wine,24.19,3995803324
4770,Sonoma Cutrer Russian River Chardnonnay,750 ml,Single,Wine,32.66,6961104759
4771,Spellbound Prosecco,750 ml,Single,Wine,18.14,7739700760
4772,Spyland Red Blend,750 ml,,Wine,20.56,5.60077E+12
4773,St Michelle Chard,750 ml,,Wine,14.51,8858660384
4774,St Michelle Riesling,750 ml,,Wine,14.51,8858662184
4775,Starborough Sauv Blanc,750 ml,,Wine,18.14,8500001660
4776,Stel + Mar Cab Sau,750 ml,Single,Wine,19.35,2817693007
4777,Stel + Mar Pinot Noir,750 ml,Single,Wine,19.35,2798719877
4778,Stingray Bay Wine 750Ml,750 ml,Single,Wine,9.67,3444500043
4779,Stone Cellars Pinot Grigio,1.5 L,,Wine,15.72,8105499462
4780,Stoneleigh Savignon Blanc,750 ml,Single,Wine,18.14,8224201705
4781,Stones Ginger Wine,750 ml,,Wine,16.93,8273400117
4782,Sutter Home Chard,1.5 L,Single,Wine,13.3,8505622
4783,Sutter Home Chard,187 ml,4-Pack,Wine,9.67,8520061874
4784,Sutter Home Merlot,1.5 L,Single,Wine,13.3,8505428
4785,Sutter Home Merlot,187 ml,4-Pack,Wine,9.67,8520021874
4786,Sutter Home Merlot,750 ml,,Wine,8.46,8502421
4787,Sutter Home Merlot Sing,187 ml,,Wine,2.86,8500229
4788,Sutter Home Moscato,1.5 L,Single,Wine,13.3,8506223
4789,Sutter Home Moscato,187 ml,,Wine,2.86,8501626
4790,Sutter Home Pinot Grigio,1.5 L,Single,Wine,13.3,8506825
4791,Sutter Home Pinot Grigio,750 ml,,Wine,8.46,8506922
4792,Sutter Home W. Merlot,1.5 L,Single,Wine,13.3,8506320
4793,Sutter Pink Moscato,750 ml,,Wine,8.46,8509628
4794,Sutterhome Rose,1.5 L,,Wine,13.3,8515920
4795,Sweet Bitch Blue Moscato 750Ml,750 ml,Single,Wine,13.3,705449250
4796,Sweet Bitch Cab Sau,1.5 L,,Wine,15.72,705449233
4797,Sweet Bitch Cabernet Sauvignon,750 ml,Single,Wine,10.88,705449232
4798,Sweet Bitch Merlot,1.5 L,,Wine,15.72,705449225
4799,Sweet Bitch Merlot -750,,,Wine,10.88,705449224
4800,Sweet Bitch Moscot0,750 ml,,Wine,10.88,705449230
4801,Sweet Bitch Pineapple Moscato 750Ml,750 ml,Single,Wine,13.3,705419025
4802,TALBOTT CHARDONNAY,750 ml,Single,Wine,22.98,6626292651
4803,Tall Bart Kali Chard Case,,,Wine,278.3,1.06663E+13
4804,Taylor Port,750 ml,,Wine,9.67,8894000001
4805,Taylor Port 1.50L,,,Wine,16.93,8894000002
4806,Taylor Port 3L,3 L,Single,Wine,27.82,8894000085
4807,Taylor Port Black,1.5 L,,Wine,24.19,8500003762
4808,Taylor Port Sweet,375 ml,,Wine,6.04,8500003551
4809,Taylor Twany Port,1.5 L,,Wine,16.93,8894000006
4810,Tequila Blanco 100 Anos,750 ml,,Wine,31.45,8068683321
4811,Teremana Blanco,1.75 L,Single,Wine,78.64,5001564008
4812,Teremana Blanco,375 ml,,Wine,22.98,5001564000
4813,Teremana Blanco,50 ml,,Wine,6.04,5001564007
4814,Teremana Blanco,750 ml,,Wine,38.71,5001564002
4815,Terrazas Andes Chardonnay,750 ml,Single,Wine,20.56,8811015900
4816,Terrazas Rsv Malbec,750 ml,Single,Wine,20.56,8811015899
4817,The Buccared Dead Drift Red Blend,750 ml,Single,Wine,14.51,5226000420
4818,The Critic Cabernet Savuvignon,750 ml,,Wine,26.61,8017538989
4819,The Prisoner Red Wine,750 ml,,Wine,60.49,8600325506
4820,Tonel 46 Malbec,,,Wine,15.72,1881901002
4821,Top Box Chardonnay,3 L,Single,Wine,20.56,8858601076
4822,Top Box Merlot,3 L,Single,Wine,20.56,8858601232
4823,Top Box Sauv Blanc,3 L,Single,Wine,20.56,8858601192
4824,Torre Orla 80Years Red Blend,750 ml,Single,Wine,6.04,8.41074E+12
4825,Torresella Pinot Grigio Venezia,750 ml,,Wine,16.93,3298712025
4826,Torresella Prosecco Doc,750 ml,,Wine,16.93,3298706075
4827,Torresella Prosecco Rose,750 ml,,Wine,16.93,3298706078
4828,Tosti Mocato D'asti,750 ml,Single,Wine,16.93,8427998790
4829,Trapiche Malbec,,,Wine,13.3,8974440254
4830,Tsinandali White Dry Wine,,,Wine,24.19,173961245
4831,Twisted Moscato,1.5 L,,Wine,12.09,8224233320
4832,Two Lands Chard,750 ml,,Wine,12.09,8043240517
4833,Uppercut Chard Napa,750 ml,,Wine,18.14,8072096108
4834,V. Palaciega Chardonnay,1.5 L,,Wine,7.25,6395591900
4835,Veuve Clicquot,750 ml,,Wine,79.85,8175381475
4836,Veuve Clicquot Rich,750 ml,Single,Wine,90.74,8175382613
4837,Veuve Clicquot Rose,750 ml,Single,Wine,90.74,8175382792
4838,Veuve Cliequot,750 ml,,Wine,88.32,8175380247
4839,Veuve Du Vernay,187 ml,2-Pack,Wine,7.25,1088501164
4840,Vidorra Sangria,1.5 L,,Wine,13.3,8427999512
4841,Villa Chiopris Sauv Blanc 750m,750 ml,,Wine,16.93,6080900023
4842,Villa Des Anges Sauv Blanc,750 ml,Single,Wine,13.3,9787101647
4843,Villa Jolanda D'Asti Mosc,,,Wine,15.72,1564325758
4844,Villa Jolanda Prosecco,750 ml,Single,Wine,15.72,1564325668
4845,Villa Sandi Pinot Grigio Della,750 ml,,Wine,12.09,5065100520
4846,Vina Palaciga Malbec,1.5 L,,Wine,12.09,6395592100
4847,Vinalanciano Rioja,750 ml,Single,Wine,32.66,4715408911
4848,Vinho Verde 90+ Cellers,750 ml,Single,Wine,9.67,1087902232
4849,Vista Brisa Chard,1.5 L,,Wine,15.72,3757100415
4850,Voga Prosecco,750 ml,Single,Wine,14.51,5766000496
4851,Volcan Blanco Tequila,750 ml,Single,Wine,157.29,8175384035
4852,WOODBRIDGE BUTTERY CHARD,,,Wine,15.72,8600382091
4853,Washington Grown Top Box Cab Sau,3 L,Single,Wine,21.77,8858601075
4854,Whitehaven Sauv Blanc,,,Wine,24.19,8500001201
4855,William Hill Chard Central,,,Wine,16.93,8500002159
4856,William Hill Merlot Central,,,Wine,19.35,8500002158
4857,Windy Hills Merlot,750 ml,,Wine,13.3,1564325971
4858,Wine By Joe Pinot Noir,750 ml,,Wine,18.14,8093700000
4859,Wood Bridge Pinot Grigio,3 L,,Wine,20.56,8600382094
4860,WoodBridge PinotNoir,1.5 L,,Wine,15.72,8600300340
4861,Woodbridge Chard,1.5 L,,Wine,15.72,8600387388
4862,Woodbridge Chard,187 ml,4-Pack,Wine,9.67,8600300258
4863,Woodbridge Merlot,1.5 L,,Wine,15.72,8600300050
4864,Woodbridge Merlot,187 ml,4-Pack,Wine,9.67,8600300257
4865,Woodbridge Merlot,750 ml,,Wine,8.46,8600300049
4866,Woodbridge Moscato,1.5 L,,Wine,15.72,8600300431
4867,Woodbridge Pinot Grigio 187,,,Wine,2.84,8600300295
4868,Woodbridge Pinot Grigio 750,,,Wine,8.46,8600300164
4869,Woodbridge Pinot Grogio,1.5 L,,Wine,15.72,8600300165
4870,Woodbridge Pinot Noir 750,,,Wine,8.46,8600300339
4871,Woodbridge Red Blend,750 ml,Single,Wine,8.46,8600382046
4872,Woodbridge Red Blend Session,750 ml,Single,Wine,8.46,8600382119
4873,Woodbridge Sauv Blanc,,,Wine,8.46,8600386186
4874,Woodbridge chardonnay,,,Wine,8.46,8600300008
4875,Xxl Sparkling Moscato,750 ml,Single,Wine,18.14,6395500008
4876,Yealands Sauv Blanc 750Ml,750 ml,Single,Wine,21.77,8678517000
4877,Yellow Tail Bold Red,1.5 L,,Wine,15.72,3974300149
4878,Yellow Tail Buttery Chardonay+Tax,1.75 L,,Wine,15.72,3974300321
4879,Yellow Tail Cab,750 ml,,Wine,9.67,3125900945
4880,Yellow Tail Cab +Tax,1.5 L,,Wine,15.72,3125900946
4881,Yellow Tail Cab/ Merl +Tax,1.5 L,,Wine,15.72,3125901405
4882,Yellow Tail Cab/Merlot 750,,,Wine,9.67,3125901404
4883,Yellow Tail Cab/Shz,1.5 L,,Wine,15.72,3125900955
4884,Yellow Tail Chard,750 ml,,Wine,9.67,3125900892
4885,Yellow Tail Chard +Tax,1.5 L,,Wine,15.72,3125900893
4886,Yellow Tail Merlot,750 ml,,Wine,9.67,3125900922
4887,Yellow Tail Merlot +Tax,1.5 L,,Wine,15.72,3125900923
4888,Yellow Tail Moscato,1.5 L,,Wine,15.72,3125903286
4889,Yellow Tail Moscato,750 ml,,Wine,9.67,3125903285
4890,Yellow Tail Pink Mosc,1.5 L,,Wine,15.72,3974300152
4891,Yellow Tail Pinot Grigio,1.5 L,,Wine,15.72,3974300288
4892,Yellow Tail Pinot Grigio,,,Wine,9.67,3125900971
4893,Yellow Tail Pinot Noir/Shz,,,Wine,9.67,3125901849
4894,Yellow Tail Pinot-Shz +Tax,1.5 L,,Wine,15.72,3125903265
4895,Yellow Tail Red Bland,750 ml,Single,Wine,12.09,3974300295
4896,Yellow Tail Red Blend,1.5 L,Single,Wine,15.72,3974300337
4897,Yellow Tail Sangria,1.5 L,,Wine,15.72,3974300158
4898,Yellow Tail Sangria Blc,1.5 L,,Wine,15.72,3974300169
4899,Yellow Tail Sauv Blanc,,,Wine,9.67,3125903235
4900,Yellow Tail Sauv Blanc 1.50,,,Wine,15.72,3125903266
4901,Yellow Tail Sauvignon Blanc Pure Bright,1.5 L,Single,Wine,15.72,3974300291
4902,Yellow Tail Shiraz +Tax,1.5 L,,Wine,15.72,3125900895
4903,Yellow Tail Smooth Red,1.5 L,,Wine,15.72,3974300223
4904,Yellow Tail Sweet Red,1.5 L,,Wine,15.72,3125904410
4905,Yellow Tail shiraz,750 ml,,Wine,9.67,3125900894
4906,ZONIN MOSCATO,750 ml,,Wine,8.46,7615300272
4907,Zuccardi Malbec,750 ml,Single,Wine,18.14,8983284952
4908,bare foot buttery chard.1.5ml,,,Wine,14.51,8500003193
4909,barefoot apple 750,750 ml,Single,Wine,8.46,8500002902
4910,cHATEAU Le Faure,750 ml,,Wine,13.3,1564356780
4911,capriccio sangria,750 ml,,Wine,13.3,8901601726
4912,carlo rossi cherry,750 ml,,Wine,6.04,8500003245
4913,casamigo blanco,750 ml,,Wine,65.33,8807618749
4914,lunazul blanco,375 ml,,Wine,18.14,9674900136
4915,matua sauvignon blan,750 ml,,Wine,15.72,8981915802
4916,menage a trois 750,,,Wine,16.93,9998807162
4917,mija red sangria,750 ml,,Wine,12.09,1087902038
4918,mija sangria,750 ml,,Wine,12.09,1087902078
4919,riunite lambrusco 1.5ml,,,Wine,14.51,8974476550
4920,rodney STRONG SAUVIGNON,,,Wine,16.93,8751294305
4921,ruffino,1.75 L,Single,Wine,15.72,8955210023
4922,santa marina pinot,,,Wine,9.67,3938300630
4923,seneca red 100s,,,Wine,11.39,8146700318
4924,slices sangria,750 ml,,Wine,7.25,5167500354
4925,sutter home red moscato 105ml,1.5 L,Single,Wine,13.3,8511827
4926,sweet bitch,1.5 L,,Wine,15.72,705449234
4927,taylor tawy port,750 ml,,Wine,8.46,8894000005
4928,twisted MERLOT,1.5 L,,Wine,12.09,8224233754
4929,veuve clicquot,,,Wine,79.85,8175305020
4930,yellow tail pink moscato,750 ml,,Wine,9.67,3974300151
